ticker,name,sector,industry,country,market_cap,n_years,fiscal_years,roic_avg,roic_trend,roic_latest,fcf_margin_avg,fcf_positive_years,fcf_years,rev_cagr,net_debt,ebitda_latest,nd_to_ebitda,net_cash,share_change,gm_avg,gm_std,exclude_reason,exchange,currency,price,market_cap_usd,dollar_volume_usd,score_roic,score_fcf,score_growth,score_balance,score_shares,score_gm_stability,quality_score,rank,pulled,eps_fy0_now,eps_fy0_chg_30d,eps_fy0_chg_90d,rev_up30_fy0,rev_down30_fy0,eps_fy1_now,eps_fy1_chg_30d,eps_fy1_chg_90d,rev_up30_fy1,rev_down30_fy1,price_ps,forward_pe,ev_ebitda,median_pe_hist,median_ev_ebitda_hist,n_hist_years,pe_vs_median,ev_vs_median,high_52w,ath,dd_52w,dd_ath,short_pct_float,insider_pct,next_earnings,multiples_note,bucket_compounder,bucket_cyclical_turn
EXEL,"Exelixis, Inc.",Healthcare,Biotechnology,United States,14651331584.0,4,"2022,2023,2024,2025",0.1755783330488408,0.2802540294286954,0.343232318320433,0.2220945148397271,4.0,4.0,0.1292751520741946,-886053000.0,921756000.0,0.0,True,-0.1315427846041977,0.963299692730643,0.0017335035159869,,NMS,USD,59.13,14651331584.0,151189734.0,88.6,85.4,72.5,100,100,98.3,89.9,1,2026-09-04,3.58182,0.013115727842283098,0.00741678268573609,6.0,3.0,4.26091,0.05224802066509615,0.05254954078128926,4.0,6.0,58.529998779296875,13.877317,13.699,23.78165644484681,15.412135630105114,4,-0.41646970503574643,-0.11115498015465042,59.72,58.529998779296875,-0.01992634328036036,0.0,0.1546,0.01845,2026-10-27,,True,False
MEDP,"Medpace Holdings, Inc.",Healthcare,Diagnostics & Research,United States,16562497536.0,4,"2022,2023,2024,2025",0.6226745972578775,0.4157861066441674,0.9694925621526952,0.2479313641014245,4.0,4.0,0.2011659349353136,-383406000.0,563059000.0,0.0,True,-0.1230732677972141,0.296528809787867,0.0119391523329431,,NMS,USD,593.39,16562497536.0,179404346.0,100.0,88.0,84.9,100,100,64.2,89.9,2,2026-09-04,17.70463,0.034509093118866296,0.03503465290099306,9.0,0.0,19.31014,0.029239572828698712,0.04031445175394888,9.0,1.0,593.02001953125,30.72945,26.512,31.848171155956187,25.210997943446728,4,-0.035126700069462724,0.05160454415456606,677.9,620.75,-0.12521017918387667,-0.04467173655859846,0.0706,0.19461,2026-10-19,,True,False
ABNB,"Airbnb, Inc.",Consumer Cyclical,Travel Services,United States,110925045760.0,4,"2022,2023,2024,2025",0.1878026366818372,-0.0389675642108693,0.1995685428515395,0.3966326269934813,4.0,4.0,0.1337825597298969,-8947000000.0,2544000000.0,0.0,True,-0.0838235294117647,0.8275578569366353,0.003598592295739,,NMS,USD,185.25,110925045760.0,808329112.0,80.8,95.6,73.4,100,100,92.9,89.3,3,2026-09-04,5.29333,0.03955482411349753,0.03992652403685604,24.0,5.0,6.18575,0.023990080833262928,0.025286788581165176,20.0,11.0,183.25999450683594,30.171648,36.091,31.309199095539558,29.784662977474518,4,-0.03633280723880339,0.21173101831955687,193.453,216.83999633789062,-0.05268982901874908,-0.15486073786280963,0.0311,0.01923,2026-11-05,,True,False
ADBE,Adobe Inc.,Technology,Software - Application,United States,113585627136.0,4,"2022,2023,2024,2025",0.3104698649130988,0.1477609704558187,0.4137015645152246,0.3895858881630262,4.0,4.0,0.1052233993251612,779000000.0,9815000000.0,0.0793683138053999,False,-0.0934182590233545,0.8846932579714483,0.0068950773525394,,NMS,USD,285.75,113585627136.0,1777617889.0,100.0,95.5,66.2,85,100,81.6,89.0,4,2026-09-04,24.41081,3.277247341726408e-06,0.03688442074447629,0.0,0.0,27.49816,0.000410741564972561,0.042337266050698874,0.0,0.0,279.7900085449219,10.391604,11.824,37.9466966079418,26.01344799315254,4,-0.7261526053937154,-0.54546586814972,370.86,688.3699951171875,-0.24556434087008072,-0.5935470596778544,0.0506,0.00223,2026-09-10,,True,False
LOPE,"Grand Canyon Education, Inc.",Consumer Defensive,Education & Training Services,United States,3973614592.0,4,"2022,2023,2024,2025",0.2879767569094459,0.0240841620354476,0.3136819453511894,0.2173634245404475,4.0,4.0,0.0666930393748099,-192756000.0,343223000.0,0.0,True,-0.1306883394856841,0.5295326514321269,0.0041734454096387,,NMS,USD,152.45,3973614592.0,54072643.0,99.8,84.8,53.6,100,100,90.9,88.6,5,2026-09-04,10.22667,0.015222374329045163,0.0016327130264446321,2.0,0.0,11.32333,0.01433264088762054,-0.0027890797005724055,2.0,0.0,149.58999633789062,13.463354,10.46,20.303907321111023,13.327735321628712,4,-0.3369082222907186,-0.21517048864069577,223.04,220.5500030517578,-0.32931314410917045,-0.3217411277805087,0.066599995,0.02179,2026-11-04,,True,False
KLAC,KLA Corporation,Technology,Semiconductor Equipment & Materials,United States,225954201600.0,4,"2023,2024,2025,2026",0.3855011205515486,0.0003249849167646,0.4149217229218855,0.3029085660343613,4.0,4.0,0.0896464900241904,4237573000.0,6284343000.0,0.6743064469905605,False,-0.0589845616286947,0.6049736578685941,0.0062629383153077,,NMS,USD,172.94,225954201600.0,2185707897.0,100.0,91.9,61.7,85,100,83.6,87.9,6,2026-09-04,5.45272,0.0007928933264811366,0.08685088070735647,21.0,1.0,6.68948,0.021406933281215457,0.13115674417975454,11.0,1.0,172.25999450683594,25.852533,37.525,35.040692569741566,26.553304537718468,4,-0.2622139831127581,0.4131951052154901,307.37,301.7099914550781,-0.4395679652964313,-0.4290543920137829,0.0216,0.0012899999,2026-10-28,,True,True
ASML,ASML Holding N.V.,Technology,Semiconductor Equipment & Materials,Netherlands,632301551616.0,4,"2022,2023,2024,2025",0.3930790188200674,-0.0285294524143322,0.3951398444367602,0.2788216202319192,4.0,4.0,0.1555113426332901,-8931000000.0,12550300000.0,0.0,True,-0.0228643216080401,0.5148393702673898,0.0083505483259643,,NMS,USD,1646.19,632301551616.0,3012484899.0,92.8,90.8,78.4,100,80,75.9,87.5,7,2026-09-04,38.18989,0.003663025804384601,0.21342447229069395,28.0,0.0,51.70263,0.012033781026212553,0.24931719951643982,28.0,0.0,1682.300048828125,27.40751,2661.014,,,0,,,1999.96,1989.43994140625,-0.15883315224898253,-0.1543851041620392,0.0034999999,0.00016000001,2026-10-14,"statements in EUR, price in USD, own-history multiples skipped",False,False
DOCS,"Doximity, Inc.",Healthcare,Health Information Services,United States,4830466048.0,4,"2023,2024,2025,2026",0.15469751528718,0.067492525266211,0.1772094270626826,0.4372103122927397,4.0,4.0,0.1545157107212069,-738416000.0,229303000.0,0.0,True,-0.0673632423567998,0.8896915339127138,0.0108240693627147,,NYQ,USD,27.1,4830466048.0,126739410.0,83.4,96.5,78.0,100,100,67.5,87.0,8,2026-09-04,1.35204,-0.05645735341326241,-0.056404673171140285,0.0,14.0,1.54936,-0.027761044176706773,-0.02838293762777333,2.0,7.0,26.31999969482422,17.491093,19.925,44.82713898380955,35.52027074648875,4,-0.6098101864962351,-0.4390526991698218,76.51,102.0199966430664,-0.6559926846840385,-0.7420113648218494,0.1479,0.02816,2026-11-05,,True,False
MANH,"Manhattan Associates, Inc.",Technology,Software - Application,United States,12964111360.0,4,"2022,2023,2024,2025",0.644624735222997,0.1413558091082815,0.6907526345051069,0.2765407921480247,4.0,4.0,0.1212782793873943,-272567000.0,289054000.0,0.0,True,-0.0371246530406258,0.5451739038050611,0.0118407837220715,,NMS,USD,222.35,12964111360.0,175014353.0,100.0,90.7,70.8,100,80,64.3,86.4,9,2026-09-04,5.50218,0.026059032828339213,0.027302345989040244,11.0,1.0,6.13611,0.0281513379467504,0.032045654082528685,11.0,1.0,216.77000427246094,36.236313,44.412,68.07878447150391,54.16011252554969,4,-0.4677297298813021,-0.17998693265179389,227.03,309.7799987792969,-0.045192246520455726,-0.3002453188499785,0.048499998,0.01352,2026-10-27,,True,False
ADSK,"Autodesk, Inc.",Technology,Software - Application,United States,49641680896.0,4,"2023,2024,2025,2026",0.2317217724316224,-0.0310804422776199,0.2271707670043415,0.301888762955728,4.0,4.0,0.1291805581163574,234000000.0,1989000000.0,0.1176470588235294,False,-0.0137614678899082,0.906664625746011,0.0020878515968545,,NMS,USD,237.52,49641680896.0,591703411.0,86.3,91.8,72.4,85,80,97.6,86.2,10,2026-09-04,12.59504,-0.0013574201405627262,-0.00036508979621652227,1.0,2.0,14.18783,-0.004944478070012415,-0.005206112993336176,2.0,1.0,241.72999572753906,16.741108,21.904,58.74790715219288,42.029096549509845,4,-0.7150348189148197,-0.4788372390018588,329.09,342.2699890136719,-0.2654593098315382,-0.2937446942861145,0.0396,0.0023,2026-11-27,,True,False
PAYC,"Paycom Software, Inc.",Technology,Software - Application,United States,10840626176.0,4,"2022,2023,2024,2025",0.2695983236073275,0.0302854653129373,0.2632917123881028,0.1778941795378142,4.0,4.0,0.1426572993146497,-279700000.0,799100000.0,0.0,True,-0.0356682423721529,0.8340432815892161,0.0083435822727789,,NYQ,USD,240.52,10840626176.0,223017841.0,98.6,78.3,75.6,100,80,76.1,86.1,11,2026-09-04,12.09355,0.10800571706047823,0.10744766579366694,16.0,0.0,13.9501,0.13645139688834518,0.134095461699554,16.0,0.0,236.25,17.241453,15.557,29.06758124052811,17.030134490296426,4,-0.4068494087165144,-0.08650163574079817,244.98,553.22998046875,-0.035635562086700934,-0.5729624056168718,0.0681,0.14254,2026-11-04,,True,False
QLYS,"Qualys, Inc.",Technology,Software - Infrastructure,United States,6031638528.0,4,"2022,2023,2024,2025",0.3458335214954554,-0.0472173105564544,0.3176093792602018,0.4046976916538837,4.0,4.0,0.109648895054456,-393665000.0,236443000.0,0.0,True,-0.073480073200488,0.8103115988273677,0.0140892644148654,,NMS,USD,174.35,6031638528.0,133615563.0,92.0,95.9,68.2,100,100,56.6,85.9,12,2026-09-04,7.78229,0.027040973211092334,0.028087052557043357,19.0,0.0,8.41509,0.01740757891020661,0.018698331725303996,17.0,2.0,170.8300018310547,20.718735,22.222,35.5573471059755,24.44019391555202,4,-0.4173149380843949,-0.09076007838630584,201.54,205.88999938964844,-0.15237669032919177,-0.17028509234313238,0.1617,0.00452,2026-11-03,,True,False
BKNG,Booking Holdings Inc.,Consumer Cyclical,Travel Services,United States,146616877056.0,4,"2022,2023,2024,2025",0.4288472356236796,0.2876510982902272,0.5079160206718346,0.3399210557490493,4.0,4.0,0.1634869878187224,1533000000.0,9217000000.0,0.1663230986221113,False,-0.1850843902926195,,,,NMS,USD,195.13,146616877056.0,1304254774.0,100.0,93.1,79.7,85,100,50.0,85.8,13,2026-09-04,10.44865,0.00021538520447239584,-0.0005691274654218148,13.0,13.0,12.37711,0.0075600932577024604,0.005240981175350656,14.0,12.0,199.60000610351562,15.765393,14.436,29.492782633615963,18.432016166905093,4,-0.4654491169636006,-0.21679756195526723,226.1004,232.6367950439453,-0.11720631142839366,-0.14201016195305216,0.028299998,0.00176,2026-10-27,,True,False
PCTY,Paylocity Holding Corporation,Technology,Software - Application,United States,8550171136.0,4,"2023,2024,2025,2026",0.1794087807079892,0.043039971784016,0.206367924250787,0.2145559197992355,4.0,4.0,0.1467526351467838,-138945000.0,497790000.0,0.0,True,0.0067142554244115,0.6880245044550284,0.0024459335731178,,NMS,USD,154.43,8550171136.0,117042651.0,89.4,84.6,76.5,100,55,96.8,85.8,14,2026-09-04,8.72032,0.0035849223803883223,0.002081080553100856,13.0,6.0,9.68598,0.004742610676475634,0.003941770013319079,10.0,3.0,154.60000610351562,15.943663,18.82,55.21537448784679,22.848473951826495,2,-0.7112459501020085,-0.17631260452317699,178.91,305.75,-0.13587834048674963,-0.4943581157693684,0.0714,0.20136,2026-11-03,,True,False
MSFT,Microsoft Corporation,Technology,Software - Infrastructure,United States,3787919458304.0,4,"2023,2024,2025,2026",0.2812949471780027,-0.0095288407038615,0.2821778980320336,0.2597223950312134,4.0,4.0,0.1612397915820203,19359000000.0,207519000000.0,0.0932878435227617,False,-0.0025428265524625,0.6886309136705198,0.0064455222703931,,NMS,USD,510.12,3787919458304.0,18921819435.0,89.4,89.2,79.5,85,80,83.0,85.3,15,2026-09-04,19.75306,0.018027898404701093,0.020019230193262683,20.0,9.0,23.57328,0.04277387916299524,0.04177064878211101,19.0,4.0,496.82000732421875,21.639755,19.769,35.82338100749631,24.14539182242578,4,-0.395932087050306,-0.18125163818468548,553.72,542.0700073242188,-0.10275950421834368,-0.08347630267050621,0.0092,0.00092,2026-10-28,,True,False
HRB,"H&R Block, Inc.",Consumer Cyclical,Personal Services,United States,6298888192.0,4,"2023,2024,2025,2026",0.4371904496720259,0.0933568238579407,0.5006511189380111,0.1873773927998686,4.0,4.0,0.0435079634149602,532787000.0,1056939000.0,0.5040849093467078,False,-0.1266025641025641,0.4457601896808012,0.001813149327381,,NYQ,USD,51.1,6298888192.0,112188364.0,100.0,79.9,43.8,85,100,98.2,85.0,16,2026-09-04,6.146,0.05556032632030927,0.05556032632030927,4.0,0.0,6.605,,,1.0,0.0,50.959999084472656,7.3993626,7.225,12.503416717459782,7.135620800926217,3,-0.40821274958647713,0.01252577758366602,58.67,66.5999984741211,-0.13141300350310803,-0.23483483105072,0.2367,0.01314,2026-11-05,,True,False
WHD,"Cactus, Inc.",Energy,Oil & Gas Equipment & Services,United States,4995684352.0,4,"2022,2023,2024,2025",0.2232969818059494,-0.0888464958869653,0.1661879402147767,0.2122265136012746,4.0,4.0,0.1616453433592901,-85822000.0,327236000.0,0.0,True,-0.0959167900231866,0.3697488048758981,0.0120484121578567,,NYQ,USD,71.64,4995684352.0,57121939.0,85.5,84.2,79.6,100,100,63.5,84.7,17,2026-09-04,2.95973,0.009746994364006056,-0.009169367149629126,4.0,0.0,3.62338,0.005664771008362601,0.05142535459758113,4.0,1.0,72.13999938964844,19.771595,13.533,20.01147462560362,11.312153239631265,4,-0.011987103903712493,0.19632396355701487,74.07,73.7300033569336,-0.026056441344019965,-0.0215652230420742,0.056399997,0.00972,2026-11-04,,True,False
FTNT,"Fortinet, Inc.",Technology,Software - Infrastructure,United States,114723471360.0,4,"2022,2023,2024,2025",1.2905109331223223,-0.4943375161671937,0.8348388396454474,0.3243405897630778,4.0,4.0,0.1546194776009137,-2586200000.0,2454300000.0,0.0,True,-0.0505401713647087,0.7828442943131306,0.0226832744035378,,NMS,USD,156.36,114723471360.0,874767122.0,94.8,92.6,78.1,100,100,37.1,84.5,18,2026-09-04,3.45035,-5.796479797814946e-06,0.09298281181695489,40.0,0.0,3.76979,0.0050227275756808965,0.10037625039770459,39.0,0.0,154.5399932861328,41.462704,42.844,40.947175739837256,31.085928837773835,4,0.012590081021416788,0.3782441638976679,173.89,172.77999877929688,-0.11127728284471317,-0.10556780658658993,0.0234,0.17361,2026-11-04,,False,False
INCY,Incyte Corporation,Healthcare,Biotechnology,United States,25945311232.0,4,"2022,2023,2024,2025",0.1290723173872255,0.1709817112256194,0.2493474509228679,0.174591028298935,4.0,4.0,0.1483959547833886,-3540192000.0,1760165000.0,0.0,True,-0.1038498289857919,0.9310152991164976,0.0049188504486213,,NMS,USD,128.0,25945311232.0,233744256.0,75.5,77.6,76.9,100,100,88.4,84.2,19,2026-09-04,3.47935,-0.011890765132539283,-0.5489921071836424,0.0,11.0,8.93998,0.017321820350123307,-0.014071024541304822,2.0,9.0,128.8300018310547,14.317706,11.042,38.26822251525394,18.080334082293714,4,-0.625859131704043,-0.3892811963682927,132.6,152.66000366210938,-0.028431358740160673,-0.15609852783574485,0.079,0.01832,2026-10-27,,True,False
INFY,Infosys Limited,Technology,Information Technology Services,India,48968118272.0,4,"2023,2024,2025,2026",0.3149281245689146,0.0144400797707664,0.3424287758021663,0.1729139215113548,4.0,4.0,0.0344192638221663,-2785000000.0,5105000000.0,0.0,True,-0.0161478616629505,0.3023335026273674,0.0013790704075126,,NYQ,USD,12.09,48968118272.0,258031538.0,100.0,77.0,38.9,100,80,99.0,84.1,20,2026-09-04,0.80501,0.0,-0.029348284801350433,1.0,6.0,0.84893,-0.0036383695409786254,-0.024498707268026387,1.0,6.0,11.970000267028809,14.241457,21.152,23.802631779720908,14.374728748208032,4,-0.4016856147758723,0.47147124446691424,30.0,26.200000762939453,-0.6009999910990398,-0.5431297741044088,0.037100002,0.0,2026-10-23,,True,False
CHKP,Check Point Software Technologies Ltd.,Technology,Software - Infrastructure,Israel,14029647872.0,4,"2022,2023,2024,2025",0.2564069928011214,-0.1228296417635826,0.1502342301512092,0.4288241905859252,4.0,4.0,0.053653118158399,172100000.0,1040000000.0,0.1654807692307692,False,-0.1297403879651623,0.8737707143727025,0.0061173642017954,,NMS,USD,137.41,14029647872.0,162432911.0,87.8,96.5,48.4,85,100,84.4,83.9,21,2026-09-04,10.43491,0.0011820478403161694,0.0007269358503088075,15.0,9.0,11.30175,-0.010126675407734043,-0.01112963133096223,8.0,20.0,133.88999938964844,12.158294,16.349,20.75668940019726,17.43004286896378,4,-0.41424695597726413,-0.06202181354864611,210.66,233.47000122070312,-0.36442609233054,-0.4265216143847107,0.0714,0.24365,2026-11-04,,True,False
ANET,"Arista Networks, Inc.",Technology,Computer Hardware,United States,241448861696.0,4,"2022,2023,2024,2025",0.2629359396832068,-0.0097592017191658,0.2574785659431713,0.3601592274568104,4.0,4.0,0.2714652572159763,-10743000000.0,3928700000.0,0.0,True,0.0077924786465228,0.6280205165286269,0.013295191335802,,NYQ,USD,191.44,241448861696.0,1442923674.0,88.1,94.5,90.6,100,55,59.3,83.9,22,2026-09-04,4.11262,0.1309871820609354,0.13312797566566736,25.0,0.0,5.16028,0.15507365433386533,0.15973597211390866,26.0,0.0,186.10000610351562,37.098763,49.165,41.719532380811614,34.872711196913045,4,-0.11075793799972888,0.4098416301039456,214.89,210.5,-0.1339754939573008,-0.1159144603158403,0.0123000005,0.17247,2026-11-03,,True,False
HRMY,"Harmony Biosciences Holdings, Inc.",Healthcare,Biotechnology,United States,2437775360.0,4,"2022,2023,2024,2025",0.1848046448233527,-0.0001189547990579,0.1639726370829911,0.3531196645827748,4.0,4.0,0.2564310738945372,-611677000.0,255048000.0,0.0,True,-0.041777388742778,0.7883127171531111,0.0140713994766671,,NGM,USD,41.86,2437775360.0,33856954.0,80.6,94.0,89.6,100,80,56.9,83.9,23,2026-09-04,5.22166,0.16091064719091142,0.09056087551299585,2.0,1.0,6.68636,0.1107666801227325,0.1681577958891305,1.0,2.0,42.86000061035156,6.2605066,7.54,14.486218148076816,7.689594355775421,4,-0.5678301585682566,-0.019454128378444957,43.49,60.90999984741211,-0.01448607472173924,-0.2963388488307054,0.0949,0.11627,2026-11-03,,True,False
META,"Meta Platforms, Inc.",Communication Services,Internet Content & Information,United States,1555711000576.0,4,"2022,2023,2024,2025",0.2304997604326251,0.0498919964712028,0.2220308091757945,0.262555700786038,4.0,4.0,0.1989383144293925,22871000000.0,105713000000.0,0.2163499285802124,False,-0.0473723168023686,0.8069225983567377,0.0142813818136995,,NMS,USD,610.68,1555711000576.0,11022157824.0,96.2,89.7,84.4,85,80,55.8,83.8,24,2026-09-04,31.37308,-0.05064811037908623,-0.047277080319988674,8.0,43.0,33.94621,-0.03278029922479875,-0.024303168336410552,8.0,39.0,592.8499755859375,17.468134,14.388,24.171513893437183,15.785076920968311,4,-0.277325612412602,-0.08850618390794707,790.8,790.0,-0.25031616643154075,-0.2495569929291931,0.0127,0.00148,2026-10-28,,True,False
LRCX,Lam Research Corporation,Technology,Semiconductor Equipment & Materials,United States,366211596288.0,4,"2023,2024,2025,2026",0.3730767471788038,0.1021199682373673,0.457026062463356,0.2645226249280629,4.0,4.0,0.1005582390165327,-1844608000.0,8860890000.0,0.0,True,-0.0715859063268401,0.4777823441087112,0.0213744496863594,,NMS,USD,292.66,366211596288.0,3316627397.0,100.0,89.8,64.7,100,100,39.3,83.6,25,2026-09-04,9.46256,-0.0014299116409581814,0.18733335090010894,27.0,0.0,11.57261,-0.00020820698365975332,0.20086812419385125,17.0,1.0,288.32000732421875,25.289024,42.21,30.087193266009216,23.71970335012206,4,-0.15947546929975387,0.7795332166235878,438.5,433.3299865722656,-0.3424857301614168,-0.3346409981804106,0.0254,0.0028,2026-10-21,,True,False
UTHR,United Therapeutics Corporation,Healthcare,Drug Manufacturers - Specialty & Generic,United States,21026732032.0,4,"2022,2023,2024,2025",0.1654633981049195,0.0550453660630731,0.190287562357318,0.3411939845605239,4.0,4.0,0.1801603501558981,-1557100000.0,1819000000.0,0.0,True,-0.0123711340206185,0.895665693564398,0.0158040026819681,,NMS,USD,490.24,21026732032.0,255065499.0,87.0,93.2,82.1,100,80,51.4,83.4,26,2026-09-04,26.0418,-0.03257478917049028,-0.04653181613981183,5.0,7.0,28.69286,-0.08946531649747247,-0.09258648427016791,2.0,10.0,492.0199890136719,16.322878,12.274,15.904518459917306,10.737022936906321,4,0.026304445566022405,0.14314741359177252,609.35,596.760009765625,-0.1925494559552443,-0.1755144765700526,0.0575,0.02003,2026-10-28,,False,False
YOU,"Clear Secure, Inc.",Technology,Software - Application,United States,6054790656.0,4,"2022,2023,2024,2025",0.2490017635156969,1.2920265628104648,0.8561448456682458,0.346161376796529,4.0,4.0,0.2722386124667089,-587850000.0,221102000.0,0.0,True,0.1909337695146427,0.6334796236169156,0.0076815478429583,,NYQ,USD,44.59,6054790656.0,70120763.0,97.3,93.5,90.6,100,0,78.7,83.4,27,2026-09-04,2.08506,0.07109063169412377,0.03476923076923066,2.0,1.0,2.58027,-0.003756756756756685,-0.03179362101313321,2.0,1.0,44.029998779296875,17.281137,13.755,30.771931430749728,22.459404079332018,3,-0.43841233889104103,-0.3875616667559819,69.07,62.36000061035156,-0.3625307835630972,-0.29393844855113693,0.15619999,0.07328,2026-11-05,,True,False
NVDA,NVIDIA Corporation,Technology,Semiconductors,United States,5516382175232.0,4,"2023,2024,2025,2026",0.5583979091289366,0.6194753994541207,0.7256643629683701,0.3746817878594005,4.0,4.0,1.0004509499443963,-51516000000.0,144552000000.0,0.0,True,-0.0221779018747506,0.6892581229928632,0.0706490250258461,,NMS,USD,228.45,5516382175232.0,31283844081.0,100.0,95.1,98.5,100,80,10.3,83.3,28,2026-09-04,9.29436,0.037156066190624504,0.04146889160806255,4.0,0.0,15.40425,0.20006029807817405,0.22245765233849557,4.0,0.0,224.41000366210938,14.830322,27.238,46.271748827094314,38.69095339465965,4,-0.6794951049847474,-0.2960111444614971,236.54,235.74000549316406,-0.0512809517962739,-0.04806143024961973,0.0123000005,0.04008,2026-11-17,,True,False
DLO,DLocal Limited,Technology,Software - Infrastructure,Uruguay,4643566592.0,4,"2022,2023,2024,2025",0.2814368336489831,0.0278766105184373,0.3003689471606729,0.2585893574039911,3.0,4.0,0.3769104210167504,-457816000.0,255168000.0,0.0,True,-0.0363923429623567,0.4178997402739405,0.0425146329777114,,NMS,USD,15.78,4643566592.0,40977173.0,99.5,89.0,95.4,100,80,18.9,82.8,29,2026-09-04,0.85222,-0.0012656744404078157,-0.010013475210259859,1.0,2.0,1.14373,0.009203211859172278,0.03576215315511111,2.0,0.0,15.569999694824219,13.796962,15.272,32.48691868245571,22.52089637197085,4,-0.5753071525539621,-0.3218742385846023,16.78,69.0,-0.07210967253729339,-0.7743478305097939,0.14829999,0.21559,2026-11-11,,True,False
NVO,Novo Nordisk A/S,Healthcare,Drug Manufacturers - General,Denmark,210043125760.0,4,"2022,2023,2024,2025",0.4879637383537988,-0.1988797211692818,0.3341470782693335,0.249384034735812,4.0,4.0,0.2042851902310494,95922000000.0,156729000000.0,0.6120245774553529,False,-0.021322008537605,0.8354311721284565,0.0150899166435229,,NYQ,USD,47.51,210043125760.0,575215875.0,93.7,88.1,85.1,85,80,53.3,82.6,30,2026-09-04,23.08517,0.05608871720362041,0.03924335897546727,4.0,1.0,21.99743,-0.0010186259131529374,0.019484154901835415,5.0,1.0,46.77000045776367,13.937146,1.759,,,0,,,64.16,146.91000366210938,-0.27104113999744894,-0.6816418263433311,0.0107,3.0000001e-05,2026-11-04,"statements in DKK, price in USD, own-history multiples skipped",False,False
LAUR,"Laureate Education, Inc.",Consumer Defensive,Education & Training Services,United States,4952089600.0,4,"2022,2023,2024,2025",0.2281955992218053,0.0156900563161486,0.2211690767646288,0.1223062794346511,4.0,4.0,0.1106446157629168,368768000.0,522359000.0,0.7059665861983808,False,-0.1164587046939987,0.271656812295601,0.0068624770750183,,NMS,USD,35.95,4952089600.0,41792414.0,95.9,65.4,68.7,85,100,81.9,82.4,31,2026-09-04,2.12177,-0.006931638412790431,-0.018979850380521635,3.0,0.0,2.43017,-0.02147766668948381,-0.025304220177598702,1.0,1.0,36.185001373291016,14.793203,10.361,18.988289303991827,5.586570931464379,4,-0.2209301868552167,0.8546260536396921,40.925,40.459999084472656,-0.11582159136735448,-0.10565985684419499,0.0323,0.08844,2026-10-29,,True,False
GOOGL,Alphabet Inc.,Communication Services,Internet Content & Information,United States,4188508258304.0,4,"2022,2023,2024,2025",0.2653133370038314,0.0633520022393858,0.287466726719964,0.2070030779512588,4.0,4.0,0.1251174560921597,15839000000.0,180698000000.0,0.0876545396185901,False,-0.07059806976214,0.5746431024500567,0.0161092210227609,,NMS,USD,342.48,4188508258304.0,10440532938.0,98.4,83.2,71.4,85,100,50.7,82.3,32,2026-09-04,20.60283,0.0008710268206306715,0.447661574783232,47.0,0.0,14.83929,0.00470759172796309,0.0269710448130982,33.0,12.0,337.1199951171875,23.097359,23.59,23.81462983926383,17.07349835153923,4,-0.030118916149653785,0.38167348684420555,408.61,402.6199951171875,-0.17495901931624902,-0.16268441904117414,0.0124,0.01596,2026-10-28,,True,False
AMAT,"Applied Materials, Inc.",Technology,Semiconductor Equipment & Materials,United States,345937051648.0,4,"2022,2023,2024,2025",0.3158237371383479,-0.1138437969431914,0.2670634037819799,0.2354016417148186,4.0,4.0,0.0323347045688675,-1523000000.0,9975000000.0,0.0,True,-0.0786773090079817,0.4733638287640326,0.0084970801973951,,NMS,USD,435.91,345937051648.0,4125788327.0,91.3,86.8,38.0,100,100,75.3,82.2,33,2026-09-04,12.79441,0.042434202217932926,0.04695432302832914,7.0,0.0,18.46078,0.09206693626053264,0.14244357489279968,9.0,0.0,438.4599914550781,23.620426,33.88,18.704395337921262,15.001564534177124,4,0.26282756396364126,1.2584311071564116,739.67,723.0,-0.40722215115513927,-0.39355464529034834,0.015,0.0033000002,2026-11-12,,False,True
IT,"Gartner, Inc.",Technology,Information Technology Services,United States,12343099392.0,4,"2022,2023,2024,2025",0.3148956256226707,-0.087741497242819,0.2493733110369513,0.1902960490789372,4.0,4.0,0.0586658790595906,1259153000.0,1293704000.0,0.9732929634599568,False,-0.0673763676958565,0.6824065565876353,0.005454827455397,,NYQ,USD,195.46,12343099392.0,277016271.0,91.1,80.4,50.8,85,100,86.4,82.2,34,2026-09-04,14.49348,0.05909175275962708,0.05850931359481759,15.0,0.0,16.44928,0.07465978505863524,0.07254643449095188,15.0,0.0,186.75,11.948295,10.249,32.01418626547817,21.96387449450689,4,-0.6267812368892164,-0.5333701254501682,265.85,551.7999877929688,-0.2975362046266692,-0.6615621527159816,0.16420001,0.03753,2026-11-03,,True,False
ROL,"Rollins, Inc.",Consumer Cyclical,Personal Services,United States,17181702144.0,4,"2022,2023,2024,2025",0.2778330776584062,-0.0042405877029531,0.276109269909397,0.1667104969738826,4.0,4.0,0.1173929088277419,509826000.0,854228000.0,0.5968266083528051,False,-0.016786721715308,0.5227016141156114,0.0051612342158377,,NYQ,USD,35.71,17181702144.0,183463517.0,89.3,76.4,70.2,85,80,87.4,82.0,35,2026-09-04,1.17133,0.0008373563463921485,-0.06030485359005211,0.0,16.0,1.30057,-0.008825210532332428,-0.06949939543968353,1.0,15.0,35.709999084472656,27.457191,21.026,48.893707446837695,30.83040188116756,4,-0.43843098767148503,-0.31801083615314407,66.14,65.5999984741211,-0.4600846827264491,-0.4556402451966506,0.045100003,0.38422,2026-10-28,,True,False
IDXX,"IDEXX Laboratories, Inc.",Healthcare,Diagnostics & Research,United States,41698058240.0,4,"2022,2023,2024,2025",0.3848425672790778,0.0812675334786072,0.4444904248294078,0.193111343541399,4.0,4.0,0.085223264582759,667767000.0,1508224000.0,0.4427505463379445,False,-0.04225768321513,0.6054437583715123,0.0091939856900115,,NMS,USD,529.29,41698058240.0,327920561.0,100.0,80.9,60.4,85,80,72.9,81.9,36,2026-09-04,14.83498,0.011708832056107399,0.012297710777931625,10.0,0.0,16.7397,0.013496577420053946,0.013110146534423217,9.0,2.0,538.989990234375,31.618845,26.267,51.26348071398125,36.06107182659319,4,-0.3832091664548932,-0.2715968031590943,769.98,766.6799926757812,-0.299994817742831,-0.2969817976425183,0.028099999,0.0022,2026-11-02,,True,False
GNTX,Gentex Corporation,Consumer Cyclical,Auto Parts,United States,4812007424.0,4,"2022,2023,2024,2025",0.1653542924402919,0.0082063266766156,0.1625999703032821,0.1468199622812694,4.0,4.0,0.0971409084802903,-147236356.0,589622256.0,0.0,True,-0.070533852561037,0.3311995365130286,0.0086790033946263,,NMS,USD,22.84,4812007424.0,59891596.0,86.9,71.7,63.7,100,100,74.7,81.8,37,2026-09-04,2.10061,0.0024050735599383533,0.054131497335327294,6.0,0.0,2.21307,-0.003467265858238311,0.0005877645505636409,4.0,2.0,22.860000610351562,10.320505,7.431,17.03693164667122,11.884046048202748,4,-0.39422748097856675,-0.37470790925420494,29.38,37.689998626708984,-0.2219196524727174,-0.39347303148608126,0.0752,0.00472,2026-10-23,,True,True
CPRT,"Copart, Inc.",Industrials,Specialty Business Services,United States,31088750592.0,4,"2022,2023,2024,2025",0.1889575468764291,-0.0906783862352581,0.1508882506463185,0.2376415527639936,4.0,4.0,0.0989943984010011,-4685331000.0,1914498000.0,0.0,True,0.0134345285733834,0.4524207373642819,0.0038276530298289,,NMS,USD,33.58,31088750592.0,400440896.0,81.1,87.3,64.3,100,55,92.1,81.7,38,2026-09-04,1.582,-0.0014076238929953133,8.850340738120188e-05,0.0,1.0,1.67562,-0.004343615004783308,-0.013401005664221088,0.0,1.0,32.15999984741211,19.994642,13.766,31.518389312726146,22.64315212020435,4,-0.36561980367674485,-0.3920457749468246,49.16,63.84000015258789,-0.3458096044057748,-0.49624060509798673,0.060599998,0.09012,2026-09-10,,True,False
GRMN,Garmin Ltd.,Technology,Scientific & Technical Instruments,Switzerland,53454868480.0,4,"2022,2023,2024,2025",0.1587900480283075,0.0219529866762536,0.1727085787295582,0.1807487259216477,4.0,4.0,0.142358869424539,-2573013000.0,2064835000.0,0.0,True,0.0029734461930563,0.5816819294197542,0.0056448334379549,,NYQ,USD,277.18,53454868480.0,258786612.0,84.6,78.8,75.5,100,55,85.7,81.6,39,2026-09-04,10.12615,0.006691626469851553,0.057013807990847765,7.0,0.0,11.00504,0.012186664753590204,0.06597184217281171,7.0,0.0,276.0400085449219,25.18664,22.071,21.385575395110514,17.878304094947538,4,0.17773964621772786,0.23451306582470166,314.28,313.1600036621094,-0.12167491235547312,-0.11853363993838406,0.020499999,0.14694999,2026-10-28,,False,False
MPWR,"Monolithic Power Systems, Inc.",Technology,Semiconductors,United States,59642404864.0,4,"2022,2023,2024,2025",0.1933963353823596,-0.0959679251933703,0.1673295477810118,0.2359997839791968,4.0,4.0,0.1586149467868072,-1236573000.0,781149000.0,0.0,True,-0.0010132759832912,0.562524124142393,0.0130967360249852,,NMS,USD,1213.65,59642404864.0,1123483087.0,81.5,87.0,79.0,100,80,60.2,81.6,40,2026-09-04,27.4317,0.1347557923562821,0.14193834414631556,12.0,0.0,34.79503,0.13744115026109305,0.15372497501563376,11.0,1.0,1219.3599853515625,34.80429,58.231,54.77596504237189,51.58892242308056,4,-0.364606539143999,0.12875007394897264,1714.09,1689.8900146484375,-0.2886254599515996,-0.27843825646532594,0.0504,0.03592,2026-10-29,,True,False
VRTX,Vertex Pharmaceuticals Incorporated,Healthcare,Biotechnology,United States,141421068288.0,4,"2022,2023,2024,2025",0.1688956794951279,-0.0295026798991859,0.2123951544535996,0.2372818763336789,3.0,4.0,0.1035218340064798,-4577600000.0,4866300000.0,0.0,True,-0.004245465071401,0.8686665962557294,0.00734037277412,,NMS,USD,557.96,141421068288.0,838068195.0,77.7,87.1,65.6,100,80,79.6,81.6,41,2026-09-04,16.65697,-0.12574916613525,-0.13001397140432192,7.0,7.0,21.77184,0.01201862291570599,0.013976510520339769,8.0,6.0,556.75,25.627602,26.575,29.293737555683045,21.925650249401016,3,-0.12515082954895274,0.21205071218929983,560.25,556.75,-0.006247211066488179,0.0,0.0185,0.00208,2026-11-02,,True,False
DECK,Deckers Outdoor Corporation,Consumer Cyclical,Footwear & Accessories,United States,11507366912.0,4,"2023,2024,2025,2026",0.3628725142048644,0.1162116515307454,0.4104194255328171,0.1846727492530513,4.0,4.0,0.1469097911350663,-1532055000.0,1404659000.0,0.0,True,-0.0893789502610606,0.5538544137320767,0.0305304838047186,,NYQ,USD,84.5,11507366912.0,197997780.0,100.0,79.5,76.6,100,100,27.3,81.5,42,2026-09-04,7.5284,0.0,0.005959539271493286,15.0,1.0,8.39655,0.0,0.00823974264913363,17.0,1.0,83.76000213623047,10.103969,7.835,20.43604000924974,13.726840085786145,4,-0.5055808759707483,-0.4292204213762949,124.88,223.11000061035156,-0.3292760879545926,-0.6245797951365148,0.0648,0.00704,2026-10-22,,True,False
CORT,Corcept Therapeutics Incorporated,Healthcare,Biotechnology,United States,12193500160.0,4,"2022,2023,2024,2025",0.1517906992533315,-0.1412747459338477,0.0546300661464483,0.2593675003684885,4.0,4.0,0.2374132125188479,-366045000.0,,0.0,True,0.0346739561595639,0.985000041430268,0.001615376761148,,NCM,USD,112.8,12193500160.0,122617774.0,72.9,89.2,88.0,100,25,98.6,81.5,43,2026-09-04,2.15,2.862252321842384,3.50261780104712,1.0,0.0,4.4025,0.37291957076967686,1.7009202453987733,2.0,0.0,110.43000030517578,25.621805,1471.391,37.76033509047752,16.58115435964399,4,-0.32146245687153985,87.73875534149434,126.38,123.56999969482422,-0.12620667585713097,-0.10633648476248081,0.115600005,0.11449,2026-11-04,,True,False
NBIX,"Neurocrine Biosciences, Inc.",Healthcare,Drug Manufacturers - Specialty & Generic,United States,16096148480.0,4,"2022,2023,2024,2025",0.1295646559588088,0.0369420502814267,0.1327510743598413,0.2267069280651807,4.0,4.0,0.2432112207311891,-1065100000.0,666600000.0,0.0,True,0.0364004044489383,0.9826823087711968,0.0025471784519178,,NMS,USD,158.35,16096148480.0,196045693.0,75.6,86.1,88.4,100,25,96.7,81.4,44,2026-09-04,10.18869,0.004850333004257523,-0.007449469857264801,9.0,4.0,11.95372,-0.05103448713857239,-0.0592081548746185,6.0,7.0,157.7899932861328,13.2469225,17.703,47.416744516415235,25.84466861567026,4,-0.7206277521769965,-0.3150231383014819,186.12,185.5,-0.1522136616906683,-0.14938009010170994,0.0581,0.01061,2026-10-28,,True,False
ADP,"Automatic Data Processing, Inc.",Technology,Software - Application,United States,112635904000.0,4,"2023,2024,2025,2026",0.4549824658868555,-0.1215597806938016,0.4335720424545032,0.2050737194187054,4.0,4.0,0.0680840740546755,734000000.0,6775500000.0,0.1083314884510368,False,-0.0168390666345922,0.45656407304497,0.0063240769684194,,NMS,USD,283.53,112635904000.0,706740771.0,93.5,82.6,54.3,85,80,83.4,81.3,45,2026-09-04,12.25722,0.003730038561474469,0.005230681415580696,13.0,4.0,13.39844,0.0021601309242786915,0.005799031467909499,7.0,5.0,281.1600036621094,21.161419,17.769,26.771010144474154,17.299148905698654,3,-0.20953976387895246,0.027160358978502552,302.68,326.80999755859375,-0.07109817740812285,-0.13968359058018043,0.0313,0.0018099999,2026-10-28,,True,False
APP,AppLovin Corporation,Communication Services,Advertising Agencies,United States,105343909888.0,4,"2022,2023,2024,2025",0.3022216879927911,0.6458581840194489,0.6397326837598877,0.5126158939017713,4.0,4.0,0.2483811324958407,1025891000.0,4354704000.0,0.2355822577148756,False,-0.0796570483027937,0.7694145321176347,0.1269085305535756,,NMS,USD,313.58,105343909888.0,1892699579.0,100.0,97.7,88.8,85,100,3.9,81.2,46,2026-09-04,15.69827,-0.01998820110560018,-0.024873436985595077,4.0,12.0,20.1326,-0.048750778430551756,-0.04270742345620249,5.0,12.0,319.04998779296875,14.948903,19.465,69.10974434094551,31.025658252394024,3,-0.7836932672438898,-0.3726160508295412,745.61,733.5999755859375,-0.5720953477113119,-0.565089969450805,0.039100002,0.14314,2026-11-04,,True,False
MCRI,"Monarch Casino & Resort, Inc.",Consumer Cyclical,Resorts & Casinos,United States,2161276672.0,4,"2022,2023,2024,2025",0.1629275544569541,0.0218829379596211,0.1857637268212844,0.2178604090217183,4.0,4.0,0.0448696412248807,-83170000.0,181517000.0,0.0,True,-0.0468893656144652,0.5420475874240103,0.0054284498897439,,NMS,USD,120.59,2161276672.0,19649899.0,86.0,84.9,44.5,100,80,86.7,81.2,47,2026-09-04,6.64,-0.004497751124437843,-0.004497751124437843,1.0,0.0,6.895,0.012481644640234935,0.012481644640234935,2.0,0.0,118.56999969482422,17.489485,10.297,16.832814111462717,9.490973035098843,4,0.0390113550942206,0.08492564059768859,135.93,133.8699951171875,-0.12771279559461335,-0.11428995279315524,0.046,0.32479,2026-10-20,,False,False
JNJ,Johnson & Johnson,Healthcare,Drug Manufacturers - General,United States,670988042240.0,4,"2022,2023,2024,2025",0.1586630854244638,0.0705354972426856,0.2131871125837021,0.2079893225340934,4.0,4.0,0.055992849541788,28224000000.0,41055000000.0,0.6874680306905371,False,-0.0880288299110326,0.6875521980000945,0.0052876687236926,,NYQ,USD,278.43,670988042240.0,2194368641.0,84.5,83.6,49.6,85,100,87.1,81.1,48,2026-09-04,11.162,0.010135746606334761,-0.03561869182133459,0.0,4.0,12.42326,0.003089220831651307,-0.023124332604145148,2.0,2.0,275.2099914550781,22.622791,20.052,21.870006188749638,16.106486050948952,4,0.03442087783393544,0.24496429181202983,281.07,275.2099914550781,-0.02084892925222137,0.0,0.01,0.00053,2026-10-13,,False,False
CDNS,"Cadence Design Systems, Inc.",Technology,Software - Application,United States,83960438784.0,4,"2022,2023,2024,2025",0.204560047646315,-0.0981547586346758,0.1501732497679566,0.2897747978110296,4.0,4.0,0.1414324824185533,-539091000.0,1872428000.0,0.0,True,-0.0061779347007937,0.8783569729824356,0.0163441354903499,,NMS,USD,304.875,83960438784.0,712741348.0,82.9,91.4,75.4,100,80,50.2,80.9,49,2026-09-04,4.80568,0.06834198112158907,0.06943798471175988,10.0,0.0,9.54363,0.014927801634752269,0.017091074956891328,19.0,0.0,306.6700134277344,31.945393,39.464,74.1455951590616,47.28959556428552,4,-0.5691531920207962,-0.1654823956708913,416.69,416.3900146484375,-0.26403318191525027,-0.2635029596311066,0.0164,0.00327,2026-10-26,,True,False
CVLT,"Commvault Systems, Inc.",Technology,Software - Application,United States,5682878464.0,4,"2023,2024,2025,2026",0.123401001364534,0.1460248313090963,0.0828156619467173,0.2139366368833511,4.0,4.0,0.1469163309501338,17514000.0,106267000.0,0.1648112772544628,False,-0.0002238939638187,0.8196137756923773,0.0056376382492312,,NMS,USD,137.12,5682878464.0,99956915.0,74.0,84.6,76.7,85,80,85.8,80.5,50,2026-09-04,5.45222,0.04537576022517231,0.039682539682539764,17.0,0.0,6.20111,0.030084717607973488,0.01834332061726829,16.0,1.0,131.55999755859375,22.11217,46.458,49.29746796813192,47.254392421341926,3,-0.5514542447840467,-0.016853299355558904,198.18,195.41000366210938,-0.3361590596498448,-0.3267489120665543,0.0907,0.00887,2026-10-27,,True,False
FN,Fabrinet,Technology,Electronic Components,Cayman Islands,14154771456.0,4,"2023,2024,2025,2026",0.1746255343965625,0.0244017773519485,0.1927377763362909,0.0611679301070777,4.0,4.0,0.20610565081956,-871042000.0,623568000.0,0.0,True,-0.0163614163614164,0.1228610553521363,0.0027940105484492,,NYQ,USD,395.0,14154771456.0,389869740.0,88.4,41.5,85.2,100,80,95.6,80.5,51,2026-09-04,18.19723,0.05909669744334711,0.05866723758072845,1.0,1.0,21.78772,0.022801614871843068,0.025181931195047857,2.0,0.0,395.3500061035156,18.129478,25.029,31.17810479090207,23.1711028064441,4,-0.41851892148074776,0.08018164733355726,748.89,746.469970703125,-0.47208534483900755,-0.470373864160775,0.0434,0.00352,2026-11-02,,True,False
FAST,Fastenal Company,Industrials,Industrial Distribution,United States,56491307008.0,4,"2022,2023,2024,2025",0.3077408858753215,0.0150030097234081,0.3103062478493831,0.1337452856018143,4.0,4.0,0.0551540251612383,165100000.0,1840400000.0,0.0897087589654423,False,-0.0007817929117442,0.4545542042271547,0.0043379989053827,,NMS,USD,49.23,56491307008.0,380619087.0,100.0,68.3,49.4,85,80,90.3,80.4,52,2026-09-04,1.25945,0.0014630926916929798,0.019921447949143634,10.0,0.0,1.39418,0.001364668026546445,0.021541933498439247,8.0,0.0,47.93000030517578,35.156498,29.021,34.00967830242497,23.142929631656244,4,0.03372039239469249,0.2539898993731282,52.92,52.380001068115234,-0.09429326709796337,-0.08495610294380573,0.031,0.00088,2026-10-14,,False,False
ACN,Accenture plc,Technology,Information Technology Services,Ireland,118178250752.0,4,"2022,2023,2024,2025",0.2758065780423542,-0.0937605578390337,0.227479663963385,0.1430961328303312,4.0,4.0,0.0419365417641481,-3301808000.0,11867333000.0,0.0,True,-0.0161845657631126,0.3221148909012052,0.0027988915569982,,NYQ,USD,193.12,118178250752.0,1622186757.0,89.1,70.6,42.9,100,80,95.5,80.2,53,2026-09-04,13.86199,-0.0007475296200502024,-0.0004888681548543827,5.0,2.0,14.65516,-0.0019219008157521644,-0.01529418562929774,2.0,7.0,187.67999267578125,13.17761,9.117,28.412220675498514,18.60130100992722,4,-0.5361992239007278,-0.5098729924786227,291.09,415.4200134277344,-0.35525097847476295,-0.5482162952930777,0.042600002,0.00035999998,2026-10-01,,True,False
MNST,Monster Beverage Corporation,Consumer Defensive,Beverages - Non-Alcoholic,United States,86355009536.0,4,"2022,2023,2024,2025",0.2035690952473499,0.0539702739136329,0.2249720637406246,0.1913027343175233,4.0,4.0,0.0953681866932345,-2765201000.0,2533795000.0,0.0,True,-0.0768827559304679,0.533317194415407,0.020028568467399,,NMS,USD,44.08,86355009536.0,497221078.0,92.8,80.7,63.0,100,100,42.0,80.1,54,2026-09-04,1.15096,0.007043424241628626,0.011139614154689559,2.0,1.0,1.30904,0.014397966616555458,0.02617489123192107,3.0,0.0,44.41999816894531,33.749332,28.312,38.46485445914075,28.614093280213947,4,-0.12259301446596682,-0.010557499664783587,50.17,99.94000244140625,-0.1146103613923598,-0.5555333491712862,0.0274,0.28299,2026-11-05,,True,False
LUG.TO,Lundin Gold Inc.,Basic Materials,Gold,Canada,24563226624.0,4,"2022,2023,2024,2025",0.3411625540836751,0.4568673706567556,0.5807009747729137,0.5401781607287603,4.0,4.0,0.2978010551488157,-630181000.0,1258673000.0,0.0,True,0.0245268620707077,0.5532216606411046,0.0928233816358045,,TOR,CAD,101.58,17811830385.0,44528611.0,100.0,98.2,92.5,100,55,7.4,80.1,55,2026-09-04,5.84525,-0.008955471874697918,-0.09964202866851302,1.0,10.0,6.051,-0.028686728595713085,-0.11023734356366788,0.0,11.0,97.47000122070312,16.787308,15.957,,,0,,,124.15166,121.86730194091797,-0.2149118165580458,-0.2001956253371623,,0.58484,2026-11-04,"statements in USD, price in CAD, own-history multiples skipped",False,False
BMI,"Badger Meter, Inc.",Technology,Scientific & Technical Instruments,United States,3942791168.0,4,"2022,2023,2024,2025",0.1778994903546428,0.04355475767613,0.1931169629914172,0.1579927999593383,4.0,4.0,0.1746494805856291,-226016000.0,218005000.0,0.0,True,0.0065842351924663,0.3992239633341952,0.0106761434628723,,NYQ,USD,136.02,3942791168.0,61622229.0,89.2,74.3,81.3,100,55,68.2,80.1,56,2026-09-04,4.50211,-0.011450817476384767,-0.03087894677929026,0.0,7.0,4.97851,-0.021540414810214514,-0.04630264624862557,0.0,6.0,132.60000610351562,27.321428,19.676,48.70289055942703,28.396225882777358,4,-0.43901834806575746,-0.30709101691102825,204.0,254.1699981689453,-0.34999997008080574,-0.47830189613733576,0.21260001,0.00624,2026-10-21,,True,False
ORLY,"O'Reilly Automotive, Inc.",Consumer Cyclical,Auto Parts,United States,70686990336.0,4,"2022,2023,2024,2025",0.620466852180914,-0.1749511144134714,0.5179560428829866,0.1296226040669886,4.0,4.0,0.0726059860602832,5823111000.0,3986465000.0,1.4607204628662236,False,-0.1216208450068244,0.5131851402641938,0.0015940236645966,,NMS,USD,87.38,70686990336.0,647952147.0,94.3,67.3,55.6,65,100,98.6,79.9,57,2026-09-04,3.27953,0.00718025889470697,0.008143152251432584,11.0,2.0,3.64938,0.008787618276255627,0.009278644184046225,9.0,2.0,86.97000122070312,23.93153,19.189,27.20196353873951,18.97019238163398,4,-0.12022784804052633,0.01153428568167092,108.72,107.81999969482422,-0.20005517641001536,-0.19337783837075984,0.030299999,0.00504,2026-10-28,,True,False
TSM,Taiwan Semiconductor Manufacturing Company Limited,Technology,Semiconductors,Taiwan,2162811600896.0,4,"2022,2023,2024,2025",0.2382658337487356,0.0001816225656181,0.2669674971563988,0.2301916042964525,4.0,4.0,0.1893797254277289,-2063485400000.0,2742121500000.0,0.0,True,5.272050534554928e-05,0.5748311349402002,0.0233011247245206,,NYQ,USD,417.01,2162811600896.0,5498076685.0,96.5,86.6,83.2,100,55,36.3,79.9,58,2026-09-04,16.91131,0.0054424049793786455,0.08296842280525363,9.0,0.0,21.86117,0.011712279984024576,0.11973334767498733,9.0,0.0,415.5,19.075375,4.683,,,0,,,479.0,477.57000732421875,-0.13256784968684765,-0.1299704888755292,0.0062,0.00013,2026-10-15,"statements in TWD, price in USD, own-history multiples skipped",False,False
ABEV,Ambev S.A.,Consumer Defensive,Beverages - Brewers,Brazil,46876794880.0,4,"2022,2023,2024,2025",0.1836726099519854,0.0696456339071675,0.2063692246728853,0.218837598441543,4.0,4.0,0.0344841577890437,-16933000000.0,28974500000.0,0.0,True,-0.0103920851053089,0.5066953863629248,0.0083820984827409,,NYQ,USD,3.04,46876794880.0,87227346.0,90.3,85.1,39.0,100,80,75.8,79.8,59,2026-09-04,0.20009,-0.010924369747899232,0.009128505144240462,4.0,1.0,0.21357,-0.013077634011090522,-0.03278837009193425,2.0,3.0,2.990000009536743,14.234209,1.201,,,0,,,3.45,9.244000434875488,-0.13333333056906005,-0.6765469635574486,,0.0,2026-10-29,"statements in BRL, price in USD, own-history multiples skipped",False,False
RYAAY,Ryanair Holdings plc,Industrials,Airlines,Ireland,28354738176.0,4,"2023,2024,2025,2026",0.1769249353824585,0.0479866640633214,0.1928377620545073,0.1224814595763333,4.0,4.0,0.1299223778680096,-2054300000.0,3834500000.0,0.0,True,-0.0659880659880659,0.2109940149383619,0.0141368537940542,,NMS,USD,54.7,28354738176.0,71144570.0,89.1,65.5,72.7,100,100,56.1,79.7,60,2026-09-04,3.93354,-0.015482805226009977,-0.14217860647693814,0.0,4.0,4.93014,0.005797964796030675,-0.10724846579663594,0.0,3.0,54.41999816894531,11.566927,7.54,,,0,,,74.24,73.81999969482422,-0.2669720074226116,-0.26280143058899397,0.0058999998,0.0,2026-11-02,"statements in EUR, price in USD, own-history multiples skipped",False,False
RMBS,Rambus Inc.,Technology,Semiconductors,United States,9147651072.0,4,"2022,2023,2024,2025",0.1172177096943628,0.1756071809955668,0.1696537317917804,0.4164302389427934,4.0,4.0,0.1587706545746687,-736850000.0,325318000.0,0.0,True,-0.0021649371528792,0.7843186005927771,0.0155174530649193,,NMS,USD,84.34,9147651072.0,245885511.0,71.1,96.1,79.1,100,80,52.0,79.7,61,2026-09-04,3.0325,0.0,0.03380799296362835,5.0,1.0,3.69667,0.0,0.01680896478121663,4.0,1.0,84.72000122070312,22.815126,26.365,32.03636400627368,29.422878708643864,3,-0.2878365973263347,-0.10392860395898385,174.1,170.66000366210938,-0.5133831061418546,-0.5035743618730919,0.0679,0.00759,2026-10-26,,True,True
FFIV,"F5, Inc.",Technology,Software - Infrastructure,United States,22206349312.0,4,"2022,2023,2024,2025",0.1602224772501806,0.0667201936559026,0.1888246853632197,0.2322076555930625,4.0,4.0,0.0463191317434168,-1082482000.0,883832000.0,0.0,True,-0.0394945742016793,0.8012593334474309,0.0088906465694146,,NMS,USD,392.15,22206349312.0,237865641.0,85.0,86.6,45.2,100,80,73.9,79.5,62,2026-09-04,17.33147,0.05090993319738768,0.05047552260209742,12.0,0.0,18.07676,0.021879374009311503,0.03559700722985437,10.0,2.0,391.0799865722656,21.6936,22.585,25.995254941060047,16.084406002531026,4,-0.1654784671592312,0.4041550553030089,435.0,431.260009765625,-0.10096554810973424,-0.0931689057262598,0.029000001,0.0049799997,2026-10-26,,True,False
NOW,"ServiceNow, Inc.",Technology,Software - Application,United States,150519971840.0,4,"2022,2023,2024,2025",0.0906635262447004,0.0777765378094071,0.1221398823936354,0.3124172843731414,4.0,4.0,0.2237651786474261,-3881000000.0,3022000000.0,0.0,True,0.026470588235294,0.7839702605927479,0.0059229156964919,,NYQ,USD,145.59,150519971840.0,3282651652.0,58.6,92.3,86.9,100,55,85.0,79.4,63,2026-09-04,4.06673,-0.00022371694643585904,-0.013645436928054644,9.0,29.0,5.00551,-0.0001358318401818437,-0.004213508292733481,17.0,19.0,136.72000122070312,29.085947,53.265,123.35942299729923,96.93962599980091,4,-0.7642178741332408,-0.45053429440599047,194.726,234.0780029296875,-0.29788522734147915,-0.41592119075891476,0.028299998,0.00174,2026-10-28,,True,False
JKHY,"Jack Henry & Associates, Inc.",Technology,Information Technology Services,United States,11804859392.0,4,"2022,2023,2024,2025",0.21503709337524,-0.0258666598369922,0.2176921051711256,0.1423711853536966,4.0,4.0,0.0692759552173467,-101953000.0,801225000.0,0.0,True,-0.0060011430748714,0.4182409630572363,0.0056379877932001,,NMS,USD,168.37,11804859392.0,214242406.0,84.5,70.5,54.6,100,80,85.8,79.3,64,2026-09-04,7.227,0.01772821432142302,0.02191742081447967,1.0,0.0,7.839,0.02013328492287525,0.022986195754587824,1.0,0.0,167.02999877929688,21.497702,16.905,32.538228177617825,17.74613626286288,4,-0.3393093845599222,-0.04739827590657664,193.39,211.07000732421875,-0.13630488246911998,-0.20865119162701906,0.0706,0.0061000003,2026-11-03,,True,False
EXLS,"ExlService Holdings, Inc.",Technology,Information Technology Services,United States,5658178560.0,4,"2022,2023,2024,2025",0.1812295626379784,0.0713673128457721,0.2188819898902256,0.1116859379330006,4.0,4.0,0.1392136087686639,152272000.0,416550000.0,0.3655551554435242,False,-0.0395326125681558,0.3743366308205909,0.0066986216021095,,NMS,USD,37.32,5658178560.0,95696541.0,90.0,62.1,74.8,85,80,82.4,79.3,65,2026-09-04,2.28879,0.02253902445562339,0.024062532158692918,9.0,0.0,2.59702,0.029848319619312003,0.034863101855726164,9.0,0.0,36.90999984741211,14.370317,15.468,32.361570862699146,18.845826161197884,4,-0.555945010797865,-0.17923470864612823,45.08,51.79999923706055,-0.18123336629520603,-0.287451729902639,0.0808,0.02694,2026-10-27,,True,False
RMD,ResMed Inc.,Healthcare,Medical Instruments & Supplies,United States,33061185536.0,4,"2022,2023,2024,2025",0.1921990193211822,0.0243424886077474,0.2120623995746932,0.1955832270988716,4.0,4.0,0.1287918773821492,-357637000.0,1921174000.0,0.0,True,0.0034479710016797,0.570979131367434,0.0135214511218185,,NYQ,USD,229.19,33061185536.0,340512625.0,91.4,81.2,72.4,100,55,58.5,79.2,66,2026-09-04,12.08573,0.011372546722421939,-0.006549717600968674,3.0,2.0,13.21748,0.014514467646783435,-0.008626295613197499,3.0,3.0,230.8699951171875,17.346912,15.468,35.87848932676519,22.122506408743355,3,-0.5165094092448512,-0.30080255310100534,284.87,297.3599853515625,-0.1895601673844649,-0.22360100050370013,0.102299996,0.0049900003,2026-10-29,,True,False
ISRG,"Intuitive Surgical, Inc.",Healthcare,Medical Instruments & Supplies,United States,132501962752.0,4,"2022,2023,2024,2025",0.1278208756282499,0.024058740345277,0.1436063453770197,0.1657056898012551,4.0,4.0,0.1738671679306886,-5934900000.0,3622600000.0,0.0,True,0.0019337016574585,0.6681944440064957,0.006428895017108,,NMS,USD,369.83,132501962752.0,1115368818.0,75.0,76.3,81.2,100,55,83.1,79.2,67,2026-09-04,10.79481,0.00034102081987708033,0.036911629944268,25.0,0.0,12.07083,0.0,0.023733376077835766,24.0,1.0,371.8800048828125,30.638323,30.034,72.33152590151383,53.494097262474796,4,-0.5764181300182032,-0.4385548773234773,603.88,610.4500122070312,-0.3841822797860295,-0.39081006233694504,0.0201,0.00513,2026-10-20,,True,False
DSGX,The Descartes Systems Group Inc.,Technology,Software - Application,Canada,6919534080.0,4,"2023,2024,2025,2026",0.0983161968779661,0.0083071252316788,0.1015589346425253,0.3549947526503399,4.0,4.0,0.1446990636795522,-348163000.0,305188000.0,0.0,True,0.0130478536974703,0.7631715462897345,0.0058811104600706,,NMS,USD,80.75,6919534080.0,44501567.0,62.3,94.1,76.1,100,55,85.1,79.1,68,2026-09-04,2.89104,-0.01415155462500084,0.05897349489384762,4.0,1.0,3.20721,-0.013739702142446464,-0.009157050836461456,4.0,1.0,78.48999786376953,25.177647,20.541,63.62351099810901,31.770197087478298,4,-0.604271336098564,-0.3534506586962314,109.0,122.5,-0.2799082764791786,-0.359265323561065,,0.00061,2026-09-10,,True,False
REGN,"Regeneron Pharmaceuticals, Inc.",Healthcare,Biotechnology,United States,86839443456.0,4,"2022,2023,2024,2025",0.1502735087258287,-0.0415560060668341,0.1366497686416306,0.267610846252193,4.0,4.0,0.0562035885799758,-5899300000.0,5818200000.0,0.0,True,-0.0431718061674009,0.8620434780865882,0.0064934696341092,,NMS,USD,843.47,86839443456.0,724416740.0,72.5,90.2,49.7,100,80,82.8,79.0,69,2026-09-04,53.54745,0.01802571174412737,0.15788184242369718,24.0,0.0,50.38474,0.061430348237744736,0.04745950519574604,2.0,4.0,852.030029296875,13.915854,16.786,18.742766970691427,14.421077798079594,4,-0.2575347054274004,0.163990669423844,859.34,1201.760009765625,-0.008506494173580958,-0.2910148262771338,0.024600001,0.02085,2026-10-28,,True,False
WING,Wingstop Inc.,Consumer Cyclical,Restaurants,United States,3004307968.0,4,"2022,2023,2024,2025",0.3003961359883386,0.2106624154620094,0.4246023201900358,0.1605713866894002,4.0,4.0,0.2491460122814421,1012522000.0,298041000.0,3.3972574243141045,False,-0.0630444214531255,0.4826001483924471,0.0032211599828774,,NMS,USD,110.28,3004307968.0,132162860.0,100.0,75.2,88.8,10,100,94.2,79.0,70,2026-09-04,4.44803,-0.022535588869990186,-0.026154408657709127,3.0,22.0,5.36267,-0.03527064635267407,-0.0416444770091321,2.0,24.0,113.15499877929688,20.564383,17.73,77.28111189036792,47.51577255032769,4,-0.7339015640823994,-0.626860744372392,322.175,428.8500061035156,-0.6487778419203947,-0.7361431802055669,0.15720001,0.00745,2026-11-03,,True,False
ZTS,Zoetis Inc.,Healthcare,Drug Manufacturers - Specialty & Generic,United States,31524829184.0,4,"2022,2023,2024,2025",0.2177612034122277,0.0446723971129813,0.2304430615048897,0.2108143914259232,4.0,4.0,0.0542258768150962,6732000000.0,4069000000.0,1.654460555419022,False,-0.0564732142857142,0.7052948537440906,0.0083502122799062,,NYQ,USD,76.29,31524829184.0,486150015.0,94.5,84.0,48.8,65,100,76.0,78.9,71,2026-09-04,6.2064,-0.0969763899134427,-0.10132013153531716,0.0,9.0,6.53144,-0.11617263986901127,-0.12036729026462623,0.0,10.0,76.16999816894531,11.680427,9.617,31.212651795934356,21.166769197349474,4,-0.6257790886732204,-0.5456557441366984,155.15,247.02999877929688,-0.5090557642994179,-0.6916568896678916,0.046,0.00164,2026-11-03,,True,False
AGX,"Argan, Inc.",Industrials,Engineering & Construction,United States,5777068032.0,4,"2023,2024,2025,2026",0.1593166607726676,0.1381023425806601,0.2500172153454101,0.1861625598206074,3.0,4.0,0.2756563885918484,-892465000.0,140874000.0,0.0,True,-0.002045711060948,0.1742736730321744,0.0248173969689136,,NYQ,USD,411.77,5777068032.0,144406915.0,84.6,79.7,91.2,100,80,34.1,78.9,72,2026-09-04,12.09207,-0.011888000457607961,0.07548544207425545,3.0,1.0,15.99002,-0.01578739064574486,0.07167621612311059,4.0,0.0,410.3999938964844,25.374794,29.781,20.39601042809428,9.775058922891603,4,0.2441057573224099,2.04663125152706,805.75,798.5499877929688,-0.4906608825361658,-0.4860684989417541,0.074499995,0.04112,2026-09-02,,False,False
LULU,lululemon athletica inc.,Consumer Cyclical,Apparel Retail,Canada,13827460096.0,4,"2023,2024,2025,2026",0.361287503749448,-0.0371544124892675,0.314235555876449,0.1109805352602347,4.0,4.0,0.110346940789624,-8761000.0,2706843000.0,0.0,True,-0.0699047782716357,0.5738218631764422,0.0148726952315778,,NMS,USD,121.77,13827460096.0,423359098.0,92.3,62.0,68.5,100,100,54.0,78.8,73,2026-09-04,10.98172,-0.0058840995336173485,-0.10590005397954638,1.0,4.0,11.43125,-0.004407822425983143,-0.1351997258360902,1.0,4.0,120.06999969482422,10.86976,5.631,32.745355908336535,18.33816113571634,4,-0.6680518596155278,-0.6929354062096893,225.98,511.2900085449219,-0.4686697951375156,-0.7651626323844447,0.0998,0.044239998,2026-09-03,,True,False
DPM.TO,DPM Metals Inc.,Basic Materials,Gold,Canada,13530658816.0,4,"2022,2023,2024,2025",0.154519166132269,0.0250974353765725,0.1445477732056199,0.4495715044422875,4.0,4.0,0.2991365023158807,-485375000.0,532317000.0,0.0,True,-0.0285130344182197,0.5481217618950172,0.0664286447718384,,TOR,CAD,61.68,9811650705.0,37489305.0,83.3,96.9,92.6,100,80,11.1,78.8,74,2026-09-04,3.28667,-0.013864885624444878,-0.01962147086459165,0.0,1.0,4.22068,-0.04499131127362255,-0.016607796903978733,3.0,6.0,60.06999969482422,10.554495,14.864,,,0,,,72.54,70.1500015258789,-0.1719051599831236,-0.14369211135848792,,0.03311,2026-11-12,"statements in USD, price in CAD, own-history multiples skipped",False,False
MCD,McDonald's Corporation,Consumer Cyclical,Restaurants,United States,183724982272.0,4,"2022,2023,2024,2025",0.2608455632533508,0.0184848055871136,0.2568200619909384,0.2614987494238239,4.0,4.0,0.0506378594670431,39199000000.0,14678000000.0,2.6705954489712496,False,-0.0335896398219344,0.5706371791804175,0.0023873612145329,,NYQ,USD,259.63,183724982272.0,1193164975.0,97.9,89.4,46.9,45,80,96.9,78.7,75,2026-09-04,12.93007,0.0011343030269244103,-0.0044985949108826695,8.0,17.0,13.98023,-0.009612550935397701,-0.01696792330507091,2.0,26.0,260.95001220703125,18.573645,15.908,25.612693725096392,17.927013187764814,4,-0.2748265684448191,-0.11262406997852781,341.75,341.05999755859375,-0.23643010327130576,-0.23488531614675712,0.0174,0.0025600002,2026-11-05,,True,False
AAPL,Apple Inc.,Technology,Consumer Electronics,United States,4789955985408.0,4,"2022,2023,2024,2025",0.5930319771235371,0.0651972378006803,0.6513962526828703,0.2645036936997639,4.0,4.0,0.0181253574347939,62723000000.0,144748000000.0,0.4333255036339016,False,-0.0809222495974014,0.4513806851524051,0.0146807383525283,,NMS,USD,328.21,4789955985408.0,17948205204.0,100.0,89.8,32.2,85,100,54.6,78.7,76,2026-09-04,8.81248,-0.00018493075307646212,0.006767779702144594,21.0,8.0,9.53289,-0.0055497079622661705,-0.012664717451893681,8.0,19.0,324.9599914550781,34.403095,28.649,31.031281352827804,24.495107481424405,4,0.10865853745562237,0.1695804977269708,344.57,340.0799865722656,-0.05691153769893453,-0.04446011442656461,0.008,0.01648,2026-10-29,,False,False
INTU,Intuit Inc.,Technology,Software - Application,United States,94178779136.0,4,"2022,2023,2024,2025",0.1223317078514436,0.0670622082490908,0.1583417097691079,0.3070722592717883,4.0,4.0,0.1395336514824015,3089000000.0,5890000000.0,0.5244482173174873,False,-0.0035211267605633,0.7937679614112585,0.011156391432383,,NMS,USD,344.3,94178779136.0,1599303798.0,73.4,92.1,75.0,85,80,66.6,78.7,77,2026-09-04,24.14205,-0.11553554098507202,-0.11499991751942418,4.0,2.0,27.33035,-0.11249220233879509,-0.1220521423034705,2.0,3.0,342.94000244140625,12.597715,13.839,61.419062963319135,38.962279109960996,4,-0.7948891697106542,-0.6448103058616518,705.08,807.3900146484375,-0.5136154727954186,-0.5752486453641208,0.038399998,0.02355,2026-11-19,,True,False
RACE,Ferrari N.V.,Consumer Cyclical,Auto Manufacturers,Italy,73457393664.0,4,"2022,2023,2024,2025",0.2226422643121624,0.0665356981827058,0.2461054086094271,0.1491729206530014,4.0,4.0,0.1193374245669953,1254362000.0,2766740000.0,0.4533718383368151,False,-0.0319029876420509,0.4991026556328448,0.0130276590232019,,NYQ,USD,417.93,73457393664.0,201401721.0,95.4,72.1,70.5,85,80,60.4,78.7,78,2026-09-04,9.86496,0.016405772672431596,0.01787820287277042,5.0,2.0,10.95553,0.014364296104122154,0.020945374842625375,8.0,1.0,413.2300109863281,32.90906,30.463,,,0,,,504.49,517.6500244140625,-0.18089553611304854,-0.20171932483907307,0.0274,0.32278,2026-11-03,"statements in EUR, price in USD, own-history multiples skipped",False,False
CTAS,Cintas Corporation,Industrials,Specialty Business Services,United States,80454090752.0,4,"2023,2024,2025,2026",0.2527398885696763,0.0491636970438032,0.2753809430810945,0.1630417131875489,4.0,4.0,0.0851437166164195,2139055000.0,3124465000.0,0.6846148060547966,False,-0.0176804318175223,0.4922067722302567,0.0127047316868645,,NMS,USD,201.05,80454090752.0,442925615.0,97.5,75.7,60.3,85,80,61.5,78.6,79,2026-09-04,5.48926,0.0006507841310754436,0.01168851274641347,10.0,0.0,6.09641,0.0013912752096767456,0.012736430477063854,3.0,0.0,198.08999633789062,32.88371,27.67,40.54845728335689,25.769997296569002,4,-0.1890268532239051,0.07372925505444128,219.17,227.66000366210938,-0.09618106338508625,-0.12988670319142337,0.0346,0.14975001,2026-09-23,,True,False
CRUS,"Cirrus Logic, Inc.",Technology,Semiconductors,United States,5669799424.0,4,"2023,2024,2025,2026",0.1559685793650794,0.0881074540336135,0.1950929233325626,0.227843641425801,4.0,4.0,0.017225657139027,-753650000.0,549932000.0,0.0,True,-0.0769580260720651,0.517372024922115,0.0096177459971878,,NMS,USD,113.13,5669799424.0,80866682.0,83.6,86.2,31.7,100,100,71.1,78.6,80,2026-09-04,8.4312,-0.0531847992094151,-0.05309973045822092,1.0,4.0,8.9002,-0.060922596437916865,-0.051791275184230656,1.0,4.0,113.05999755859375,12.71095,9.356,18.656362367206285,12.086332628211448,4,-0.3186801505129955,-0.22590248938196622,180.42,178.89999389648438,-0.37335108325798827,-0.36802682271742926,0.0862,0.00563,2026-11-03,,True,False
GDDY,GoDaddy Inc.,Technology,Software - Infrastructure,United States,13124501504.0,4,"2022,2023,2024,2025",0.1687590528107573,0.1092337489757664,0.2514686889923412,0.2617007139852854,4.0,4.0,0.0656472226630486,2699400000.0,1287600000.0,2.0964585274930103,False,-0.129049839895452,0.6355403397660954,0.003278402938553,,NYQ,USD,103.63,13124501504.0,225940447.0,87.6,89.5,53.2,45,100,93.8,78.6,81,2026-09-04,7.40165,0.039129964775731274,0.03993149222192249,9.0,1.0,9.19203,0.024183897902836593,0.02344382378385723,6.0,5.0,101.87000274658203,9.397415,11.431,25.274276296009482,23.739392017307594,4,-0.6281826276670187,-0.5184796648681633,150.47,214.35000610351562,-0.3229879527707714,-0.524749242613102,0.0584,0.00994,2026-10-29,,True,False
FIX,"Comfort Systems USA, Inc.",Industrials,Engineering & Construction,United States,55613722624.0,4,"2022,2023,2024,2025",0.2749121203781887,0.2406084170090356,0.3965471449498843,0.0960268666952453,4.0,4.0,0.300250589119569,-498540000.0,1442393000.0,0.0,True,-0.0175608944126949,0.2051767768552105,0.0236052302845512,,NYQ,USD,1580.19,55613722624.0,767469840.0,99.1,56.7,92.8,100,80,35.9,78.4,82,2026-09-04,49.00705,0.0007328803320159061,0.1358285674024231,7.0,0.0,60.17848,0.0022603890960375406,0.13126778694708086,7.0,0.0,1560.1300048828125,26.25839,28.833,25.936032077256364,16.901688759370955,4,0.012428960674609746,0.7059242073673768,2073.99,2066.510009765625,-0.24776396950669355,-0.245041157550572,0.03,0.01081,2026-10-22,,False,False
MLI,"Mueller Industries, Inc.",Industrials,Metal Fabrication,United States,13925579776.0,4,"2022,2023,2024,2025",0.2730115085514321,-0.1259843950680081,0.238358779812621,0.1669150989261371,4.0,4.0,0.0161507407688377,-1362246000.0,1081031000.0,0.0,True,-0.0143046591813279,0.2841104991915747,0.0054066212547791,,NYQ,USD,62.96,13925579776.0,91262094.0,88.9,76.4,31.4,100,80,86.8,78.3,83,2026-09-04,4.2,0.0,0.0,1.0,0.0,4.38,0.0011428571428571122,0.0011428571428571122,1.0,0.0,62.06999969482422,14.374429,11.53,11.920806440984975,6.914648790246297,4,0.20582689360505113,0.6674744227449483,71.12,70.41500091552734,-0.12724972307615,-0.11851169654480476,0.0208,0.02122,2026-10-20,,False,False
TTD,"The Trade Desk, Inc.",Communication Services,Advertising Agencies,United States,7090492416.0,4,"2022,2023,2024,2025",0.0940553191217791,0.1171964355133242,0.1596419537021346,0.2744296400335627,4.0,4.0,0.2244193656887754,-866727000.0,705105000.0,0.0,True,-0.012749912486873,0.8067887232456533,0.0130038874702912,,NGM,USD,15.09,7090492416.0,329332852.0,59.6,90.6,87.0,100,80,60.7,78.2,84,2026-09-04,1.16099,-0.369972215589659,-0.3694555329260014,0.0,11.0,0.99533,-0.5365902488081049,-0.5369244297219211,0.0,11.0,14.550000190734863,15.160802,8.652,175.28418598012027,117.77854780826557,4,-0.9135073029250942,-0.9265401029219278,56.39,139.50999450683594,-0.7419755241933879,-0.8957063955011344,0.2301,0.022869999,2026-11-05,,True,False
CW,Curtiss-Wright Corporation,Industrials,Aerospace & Defense,United States,21005355008.0,4,"2022,2023,2024,2025",0.1232423936156812,0.0462385690701337,0.1483410076821774,0.1388096772462044,4.0,4.0,0.1101380918895083,586539000.0,787975000.0,0.7443624480472096,False,-0.0263396206887629,0.3725029063378333,0.0019953839272223,,NYQ,USD,568.72,21005355008.0,178563862.0,73.9,68.7,68.4,85,80,97.8,77.9,85,2026-09-04,15.28386,0.002627953659848581,0.004832893391670812,3.0,0.0,17.13609,0.0016407509460474312,0.0051724815534570645,3.0,0.0,561.530029296875,33.188435,25.712,38.2353448565601,17.897608683375875,4,-0.13199592877986543,0.4366165030685072,808.16,792.77001953125,-0.3051746816263178,-0.29168609374393706,0.0232,0.00365,2026-11-04,,True,False
MTD,Mettler-Toledo International Inc.,Healthcare,Diagnostics & Research,Switzerland,27174182912.0,4,"2022,2023,2024,2025",0.4537927286180183,-0.0147874552283402,0.4352026444466995,0.2123502264265889,4.0,4.0,0.0089918566130791,2085284000.0,1243034000.0,1.6775759955077656,False,-0.0900852132796966,0.5936911604600186,0.0043314686454464,,NYQ,USD,1356.23,27174182912.0,259412893.0,93.5,84.2,29.0,65,100,90.4,77.9,86,2026-09-04,47.34645,0.0017359788762789652,0.014900543007143163,12.0,0.0,51.72483,0.004815944699100072,0.008827193818721435,10.0,2.0,1367.739990234375,26.220095,22.936,33.471356639994916,24.656467455385503,4,-0.2166408047927877,-0.06977753234515827,1525.17,1702.530029296875,-0.1032212866537009,-0.1966426631551188,0.041300002,0.00438,2026-11-05,,True,False
PAYX,"Paychex, Inc.",Technology,Software - Application,United States,44488810496.0,4,"2023,2024,2025,2026",0.2921842907131159,-0.1312060799614867,0.2371508104978772,0.3261089133123663,4.0,4.0,0.0915476750284542,3467900000.0,3023000000.0,1.1471716837578565,False,-0.0063483301131659,0.7239855327949166,0.0119931671733342,,NMS,USD,125.08,44488810496.0,389129634.0,90.1,92.7,61.9,65,80,63.6,77.7,87,2026-09-04,5.97676,-0.001083025250533276,0.013334780124480528,2.0,1.0,6.38578,-0.0003162278092615489,0.013567607891687539,2.0,1.0,124.0,19.5721,29.835,25.06625957801507,17.058905854376782,4,-0.21918545768327746,0.7489398355724715,138.19,159.77999877929688,-0.10268470945799257,-0.2239329018190792,0.060599998,0.103590004,2026-09-29,,True,False
NICE,NICE Ltd.,Technology,Software - Application,Israel,6346661376.0,4,"2022,2023,2024,2025",0.1061985098251199,0.0854940179788076,0.1580008683027699,0.2156248639348468,4.0,4.0,0.1052910246718608,-328597000.0,903061000.0,0.0,True,-0.0472730008275031,0.6737716539719767,0.0087452725440394,,NMS,USD,108.31,6346661376.0,64723565.0,66.1,84.7,66.3,100,80,74.4,77.6,88,2026-09-04,11.17161,0.007470621178002457,0.007293485003678768,12.0,0.0,12.65644,0.004280900044356439,0.00240375286410921,9.0,2.0,106.86000061035156,8.557698,194.89,32.08365578794382,16.85048240437442,4,-0.7332692366305789,10.56584098443414,153.68,315.0199890136719,-0.30465902778272025,-0.6607834285534375,0.0257,3.0000001e-05,2026-11-12,,True,False
UI,Ubiquiti Inc.,Technology,Communication Equipment,United States,36072493056.0,4,"2023,2024,2025,2026",0.6154752477268736,0.194047848145147,0.6683433968919199,0.1775681955988799,3.0,4.0,0.1904960086042639,-531238000.0,1204386000.0,0.0,True,0.0019685365006367,0.417858918006017,0.0317110107095476,,NYQ,USD,595.96,36072493056.0,74274495.0,100.0,78.2,83.4,100,55,26.1,77.6,89,2026-09-04,17.714,0.027851920622026016,0.027851920622026016,0.0,1.0,19.579,,,0.0,0.0,598.3699951171875,30.438736,29.51,29.88420699183245,23.537958582252593,4,0.018555921805758713,0.2537195992115593,1099.99,1084.5,-0.4560223319146651,-0.44825265549360305,0.0925,0.92999,2026-11-06,,False,True
PDD,PDD Holdings Inc.,Consumer Cyclical,Internet Retail,Ireland,116191854592.0,4,"2022,2023,2024,2025",0.2845521628401404,-0.001792938437834,0.2363584270065082,0.3241689992568707,4.0,4.0,0.489963045630756,-416929474000.0,122446654000.0,0.0,True,0.0292095990291065,0.6401635169840976,0.0727651178451218,,NMS,USD,81.63,116191854592.0,581985166.0,89.6,92.5,96.9,100,55,10.0,77.4,90,2026-09-04,69.15121,0.014005643726149763,0.005012475598171973,0.0,1.0,83.26029,0.008085969117031855,-0.015206642068603005,0.0,1.0,82.25,6.587733,-3.398,,,0,,,139.41,202.82000732421875,-0.41001362886450043,-0.5944680158278521,0.0349,0.00708,2026-11-18,"statements in CNY, price in USD, own-history multiples skipped",False,False
MCK,McKesson Corporation,Healthcare,Medical Distribution,United States,107424022528.0,4,"2023,2024,2025,2026",1.0553588054618923,0.1665435436937778,1.2173302710151586,0.0140830565819528,4.0,4.0,0.1339152307952116,2551000000.0,7177000000.0,0.3554409920579629,False,-0.1272855133614627,0.039838336602772,0.0034561782925222,,NYQ,USD,921.38,107424022528.0,951343278.0,100.0,22.3,73.6,85,100,93.2,77.2,91,2026-09-04,44.62685,0.008223828385164555,0.00796308647750199,9.0,1.0,50.55668,0.003588023089598602,0.004591499238657981,9.0,3.0,924.780029296875,18.255434,16.546,23.262190240591295,15.469176058852897,4,-0.21523150609673758,0.06961094353379238,999.0,995.6900024414062,-0.0742942649680931,-0.07121691788675377,0.0208,0.00062,2026-11-04,,True,False
GWW,"W.W. Grainger, Inc.",Industrials,Industrial Distribution,United States,61836001280.0,4,"2022,2023,2024,2025",0.3380476857829828,-0.0536272860549096,0.3001714111503856,0.0831518032695487,4.0,4.0,0.0561914838038697,1903000000.0,2765000000.0,0.688245931283906,False,-0.0606653620352251,0.3906511648033324,0.0040207719667812,,NYQ,USD,1312.84,61836001280.0,390224623.0,91.7,51.9,49.6,85,100,91.5,77.2,92,2026-09-04,46.45551,0.017692829917365316,0.01969344341350676,12.0,3.0,51.04409,0.011143477171362548,0.013628276056539379,13.0,1.0,1284.8499755859375,25.719725,20.033,25.05121640742749,16.79005829384643,4,0.026685673928963594,0.19314654240016038,1419.91,1402.030029296875,-0.0951187219007279,-0.08357884728738929,0.0238,0.062800005,2026-11-04,,False,False
NVS,Novartis AG,Healthcare,Drug Manufacturers - General,Switzerland,309987573760.0,4,"2022,2023,2024,2025",0.1431570209663962,0.1090880655062293,0.1877734578443445,0.2656956270530006,4.0,4.0,0.0925166147146356,23843000000.0,22821000000.0,1.0447833136146532,False,-0.110150204824761,0.7441245449014451,0.0112434038442928,,NYQ,USD,163.09,309987573760.0,314926464.0,80.6,89.9,62.1,65,100,66.4,77.1,93,2026-09-04,8.80321,0.013774241098162054,-0.009450670627419222,5.0,1.0,9.80894,0.005936796550115142,-0.01462154264055715,2.0,2.0,162.4600067138672,16.626669,15.23,17.930014580262757,12.552593118129447,4,-0.07269071502582447,0.2132951221053785,170.46,168.6199951171875,-0.0469317921279645,-0.03653177903984184,0.0026,0.000120000004,2026-10-27,,True,False
TER,"Teradyne, Inc.",Technology,Semiconductor Equipment & Materials,United States,52935413760.0,4,"2022,2023,2024,2025",0.2139638723987619,-0.0934858355307335,0.1936853164080337,0.1499416484623248,4.0,4.0,0.0036819890329642,-38759000.0,788087000.0,0.0,True,-0.0590040887506333,0.5832478356162226,0.0062877253073582,,NMS,USD,338.59,52935413760.0,1352036934.0,84.3,72.4,26.1,100,100,83.5,77.0,94,2026-09-04,9.09129,0.24400356317450944,0.26642038354973674,15.0,0.0,11.65247,0.13308550113576256,0.22487128438110315,15.0,1.0,341.6199951171875,29.05736,35.03,38.839312406560374,27.03030325202711,4,-0.25185699232173064,0.2959529041677682,487.91,483.8399963378906,-0.29982989666703397,-0.29394015025038056,0.0506,0.00202,2026-10-21,,True,False
EME,"EMCOR Group, Inc.",Industrials,Engineering & Construction,United States,32699551744.0,4,"2022,2023,2024,2025",0.2852878210804005,0.1616286407471745,0.3488631870621871,0.066824577567488,4.0,4.0,0.1532003149027665,-643759000.0,1920064000.0,0.0,True,-0.0995386333348904,0.1734811445325786,0.0196081948844278,,NYQ,USD,741.32,32699551744.0,323661053.0,99.7,44.5,77.7,100,100,43.0,76.9,95,2026-09-04,32.85062,0.11782238018514324,0.12015164214200325,8.0,0.0,36.74899,0.11610956336290168,0.12492419945285871,10.0,0.0,734.260009765625,20.172527,16.239,19.688596205930427,12.197136279770351,4,0.02457924318259952,0.33137808970235993,951.96,943.75,-0.2286860689885868,-0.2219761485927152,0.0214,0.00708,2026-10-29,,False,False
DBX,"Dropbox, Inc.",Technology,Software - Infrastructure,United States,7762701824.0,4,"2022,2023,2024,2025",0.3363127557186822,0.2880902404151678,0.5526356095679013,0.3356001632667443,4.0,4.0,0.0273604813707835,1942700000.0,853600000.0,2.275890346766636,False,-0.2491054225158271,0.8110841974849986,0.0087727050959045,,NMS,USD,35.7,7762701824.0,140656144.0,100.0,93.0,35.9,45,100,74.2,76.9,96,2026-09-04,3.04535,-0.006890636821371698,-0.006890636821371698,3.0,3.0,3.28037,-0.03675198867723972,-0.03675198867723972,1.0,5.0,34.5,10.882919,12.799,18.201689830024122,17.638537685686806,4,-0.40209293194039797,-0.2743729538086346,36.366,42.0,-0.05131166474179183,-0.1785714285714286,0.2967,0.08071,2026-11-05,,True,False
RELX,RELX PLC,Industrials,Specialty Business Services,United Kingdom,63818039296.0,4,"2022,2023,2024,2025",0.2086391923040233,0.0679298695369036,0.2395435851510067,0.2280002116206108,4.0,4.0,0.0388831723851132,7039000000.0,3686000000.0,1.909658166033641,False,-0.0486634327587985,0.651502646368856,0.0069668258555182,,NYQ,USD,36.65,63818039296.0,92967380.0,93.5,86.3,41.4,65,80,81.4,76.8,97,2026-09-04,1.91676,0.01028862979907652,-0.012137235802526347,1.0,1.0,2.16038,0.015502491303938992,-0.004033875332506542,1.0,1.0,35.150001525878906,16.96461,77.377,,,0,,,48.4,55.65999984741211,-0.27376029905208865,-0.3684872148357867,0.0034,0.0,2026-07-23,"statements in GBP, price in USD, own-history multiples skipped",False,False
PGNY,"Progyny, Inc.",Healthcare,Healthcare Plans,United States,2041700224.0,4,"2022,2023,2024,2025",0.0882984947113523,0.0523841152240869,0.1012991159668555,0.1414459094817131,4.0,4.0,0.1787019130714957,-282370000.0,90225000.0,0.0,True,-0.1009965537940934,0.2213357512136515,0.0089602824987659,,NMS,USD,26.61,2041700224.0,32391235.0,57.6,70.0,81.9,100,100,73.8,76.8,98,2026-09-04,2.08468,0.013628959716043276,0.012614695610357884,4.0,0.0,2.31977,0.032022564385463026,0.05137281206660571,4.0,0.0,26.290000915527344,11.470964,14.552,49.73771760244819,37.526951135605394,4,-0.7693709210445279,-0.612225359118153,33.065,66.66000366210938,-0.2048994128072782,-0.6056105689884472,0.0842,0.01993,2026-11-05,,True,False
GIB,CGI Inc.,Technology,Information Technology Services,Canada,15497523200.0,4,"2022,2023,2024,2025",0.1410324404123583,-0.0197177848026829,0.1254519083724354,0.1260272264895989,4.0,4.0,0.0733788105993227,2773626000.0,2865333000.0,0.9679942959509418,False,-0.0715538511141334,0.163276297896224,0.001146625086085,,NYQ,USD,74.84,15497523200.0,35024222.0,69.8,66.3,56.0,85,100,99.2,76.8,99,2026-09-04,8.92172,0.002238875551995756,0.0010243935825613448,9.0,4.0,9.77737,0.010476436544026413,0.0069838386085465665,10.0,4.0,72.8499984741211,10.598299,6.558,,,0,,,97.5,122.43000030517578,-0.2528205284705529,-0.4049661170258012,,0.00398,2026-11-11,"statements in CAD, price in USD, own-history multiples skipped",False,False
MO,"Altria Group, Inc.",Consumer Defensive,Tobacco,United States,116030496768.0,4,"2022,2023,2024,2025",0.3944727683836613,0.0594808002758465,0.3520452077272932,0.4260877190771742,4.0,4.0,-0.0089251285912553,21235000000.0,10832000000.0,1.9603951255539145,False,-0.0670731707317072,0.702538694401562,0.0123477806870514,,NYQ,USD,69.49,116030496768.0,606053560.0,100.0,96.3,21.7,65,100,62.8,76.7,100,2026-09-04,5.67712,-0.0015020243911876285,-0.0002764722145423004,5.0,5.0,5.86403,-0.0019878448732153498,-0.0016242251305425004,3.0,6.0,69.55999755859375,11.850212,8.77,11.411139553316676,9.274936722108958,4,0.03847752843892849,-0.054440988357939424,77.06,89.4000015258789,-0.09732679005198874,-0.22192397794917273,0.024300002,0.00116,2026-10-29,,True,False
NTAP,"NetApp, Inc.",Technology,Software - Infrastructure,United States,36412157952.0,4,"2023,2024,2025,2026",0.2974810598522863,0.102179857465222,0.3544543783220427,0.2135036931959613,4.0,4.0,0.0286683341119526,417000000.0,1957000000.0,0.2130812468063362,False,-0.0863636363636363,0.6945453987176021,0.0191584982077679,,NMS,USD,185.38,36412157952.0,499021271.0,100.0,84.5,36.5,85,100,43.9,76.7,101,2026-09-04,9.0251,0.013501600809444625,0.014131385024057863,1.0,0.0,10.08516,0.025089649452345597,0.02285437259503742,0.0,1.0,180.77000427246094,17.169426,18.347,16.636509060897758,11.490523762322361,4,0.032032978622588804,0.5967070239356844,209.06,207.0800018310547,-0.13531998339012274,-0.12705233400595894,0.0547,0.0041,2026-12-01,,False,False
TDC,Teradata Corporation,Technology,Software - Infrastructure,United States,2677470208.0,4,"2022,2023,2024,2025",0.1785758516359135,0.1220921712558039,0.2171847638483965,0.1869617138049446,4.0,4.0,-0.0251392193369435,64000000.0,294000000.0,0.2176870748299319,False,-0.0869565217391304,0.6021494925496,0.0054388062379073,,NYQ,USD,28.79,2677470208.0,87388043.0,89.4,79.8,17.2,85,100,86.6,76.6,102,2026-09-04,2.70887,0.02211866805018392,0.02260098150245371,8.0,0.0,2.91215,0.01470055331781639,0.015142694800101664,7.0,1.0,28.260000228881836,9.886168,6.828,49.09065702394148,13.387357154655241,4,-0.7986140622404275,-0.48996654671115036,41.78,80.62000274658203,-0.3235998030425602,-0.6494666426927163,0.2824,0.01035,2026-11-03,,True,False
MELI,"MercadoLibre, Inc.",Consumer Cyclical,Internet Retail,Uruguay,100940374016.0,4,"2022,2023,2024,2025",0.1431397180156116,0.0469343731993958,0.1334770729239137,0.3124067870182116,4.0,4.0,0.3890715790743284,5393000000.0,3820000000.0,1.411780104712042,False,-0.0124338809498378,0.47264225286992,0.0216646688701776,,NMS,USD,1991.06,100940374016.0,875216217.0,80.5,92.3,95.7,65,80,38.9,76.5,103,2026-09-04,38.28576,-0.04229670127354379,-0.057019566116923714,3.0,5.0,56.07379,-0.021675395447076418,-0.03533261915727104,4.0,5.0,2006.5799560546875,35.034702,27.853,65.94040184544997,31.613513430548927,4,-0.46869140891628536,-0.11895272060823991,2548.5,2613.6298828125,-0.21264274826184515,-0.23226315659682173,0.0175,0.06962,2026-11-04,,True,False
AWI,"Armstrong World Industries, Inc.",Industrials,Building Products & Equipment,United States,7220180480.0,4,"2022,2023,2024,2025",0.2211054388361512,0.0693169912052768,0.2555827042986079,0.1204882350751909,4.0,4.0,0.0954108629587495,294000000.0,553700000.0,0.5309734513274337,False,-0.0603448275862068,0.3891573175272036,0.0167501873953715,,NYQ,USD,170.84,7220180480.0,77462273.0,95.2,65.1,63.1,85,100,49.1,76.4,104,2026-09-04,8.43595,-0.00010786003323504101,0.013570827826504761,9.0,0.0,9.58242,0.004687708055707285,0.019960851058394624,8.0,2.0,169.11000061035156,17.82848,17.186,21.590075621339103,12.618163277557152,4,-0.17422799657177834,0.36200488311696444,206.08,203.7100067138672,-0.17939634796995563,-0.16984931993112684,0.040999997,0.01548,2026-10-27,,True,False
CMG,"Chipotle Mexican Grill, Inc.",Consumer Cyclical,Restaurants,United States,47541751808.0,4,"2022,2023,2024,2025",0.4378341766978371,0.154237363557208,0.5434433053913879,0.1191479523265104,4.0,4.0,0.1136408299076578,4031207000.0,2374190000.0,1.697929399079265,False,-0.0431074050317155,0.2553183075527132,0.0105954308714272,,NYQ,USD,37.57,47541751808.0,706309313.0,100.0,64.7,69.3,65,80,68.5,76.4,105,2026-09-04,1.14948,-2.609807657172336e-05,0.013659732449139872,23.0,5.0,1.36969,0.002033784228661739,0.00929944660187032,21.0,9.0,38.52000045776367,27.429565,22.981,47.441369714016915,30.876007810643337,4,-0.42182181574121524,-0.2557004085198421,42.82,68.55220031738281,-0.10042035362532298,-0.4380924276766629,0.0343,0.00722,2026-10-28,,True,False
TPL,Texas Pacific Land Corporation,Energy,Oil & Gas E&P,United States,25279219712.0,4,"2022,2023,2024,2025",0.4100244231070784,-0.2406709568430549,0.3304487475898052,0.3426376510974764,4.0,4.0,0.0614558171674997,-128634000.0,673552000.0,0.0,True,-0.0073882590687393,0.9069713882933572,0.0353567285062763,,NYQ,USD,366.5,25279219712.0,139525817.0,93.0,93.3,51.5,100,80,23.4,76.2,106,2026-09-04,8.80048,0.016441194576658047,-0.032759102009772945,0.0,2.0,9.76488,0.007881492735732465,-0.03488682389359021,0.0,1.0,367.32000732421875,5.012308,33.777,40.893354074227176,29.859261370115647,4,-0.8774297654601293,0.13120681658272315,547.2,576.6666870117188,-0.32872805679053596,-0.3630289115057651,0.092,0.00171,2026-11-04,,True,True
LOGI,Logitech International S.A.,Technology,Computer Hardware,Switzerland,14563685376.0,4,"2023,2024,2025,2026",0.2545234030125002,0.1335281336369843,0.3053035506110625,0.1812267880498912,4.0,4.0,0.0217005429299717,-1653391000.0,862508000.0,0.0,True,-0.0946586522015344,0.4138476264322714,0.0214801793585165,,NMS,USD,101.71,14563685376.0,102351180.0,97.7,78.9,34.0,100,100,39.1,76.2,107,2026-09-04,5.75741,-0.01358980113865127,-0.02553205173773665,5.0,5.0,6.07976,-0.014676710446135721,-0.022460185386167564,4.0,4.0,99.13999938964844,16.729279,13.43,21.765640755415006,14.812503406723081,4,-0.23139046591872225,-0.0933335418573199,129.66,138.6999969482422,-0.23538485739897852,-0.28521988773623486,0.0832,0.00185,2026-11-03,,True,False
CVSA,Covista Inc.,Consumer Defensive,Education & Training Services,United States,4344714752.0,4,"2023,2024,2025,2026",0.1096084172168653,0.0693595895082286,0.1412100794913313,0.1579824180193231,4.0,4.0,0.1043567085716028,256534000.0,467296000.0,0.548975381770869,False,-0.2167763157894736,0.5635497543272789,0.0079402663015638,,NYQ,USD,127.64,4344714752.0,45569905.0,68.1,74.3,65.8,85,100,77.7,76.2,108,2026-09-04,9.045,0.017721518987341867,0.017721518987341867,2.0,1.0,10.005,0.004518072289156683,0.004518072289156683,1.0,1.0,134.16000366210938,12.757621,10.891,18.914165283278827,9.911343075030373,4,-0.32549912676937187,0.09884199523248016,156.26,154.4499969482422,-0.141430924983301,-0.13136933432852194,0.0692,0.02726,2026-10-29,,True,False
SNA,Snap-on Incorporated,Industrials,Tools & Accessories,United States,19873044480.0,4,"2022,2023,2024,2025",0.16509711177098,-0.0182104966221896,0.1515743440233236,0.1866077651772645,4.0,4.0,0.0211367366841557,-332600000.0,1484900000.0,0.0,True,-0.022140221402214,0.5137834719906818,0.0054654954730281,,NYQ,USD,384.19,19873044480.0,131506316.0,76.8,79.8,33.5,100,80,86.4,76.1,109,2026-09-04,19.83044,0.00024917404352975403,-0.0009798542964217782,1.0,5.0,21.3601,-0.00014042905758060442,0.0036603358675324493,5.0,1.0,380.5899963378906,18.00539,13.821,16.398448194321322,11.28623723709573,4,0.09799352881665668,0.22458882527942836,423.02,419.30999755859375,-0.10030259482319837,-0.09234218465132693,0.0709,0.02421,2026-10-15,,False,False
ROST,"Ross Stores, Inc.",Consumer Cyclical,Apparel Retail,United States,74315350016.0,4,"2023,2024,2025,2026",0.2638819066888209,0.0488926261572798,0.2822142656068767,0.0789613441454353,4.0,4.0,0.0676177401098683,617946000.0,3389490000.0,0.1823123832789003,False,-0.0602684649298133,0.2706177633049063,0.0096956176860461,,NMS,USD,231.67,74315350016.0,658728161.0,98.3,50.2,54.1,85,100,70.9,76.1,110,2026-09-04,8.62629,0.10435453889051027,0.10650631031160973,1.0,0.0,8.91178,0.036265537971371886,0.039239489276747364,1.0,1.0,230.85000610351562,25.907001,18.871,26.10711721501304,16.647474450058095,4,-0.007665197707005467,0.13356533789028546,257.0,255.22999572753906,-0.10175094901355786,-0.0955216472677034,0.0341,0.021370001,2026-11-19,,True,False
DXCM,"DexCom, Inc.",Healthcare,Medical Devices,United States,33853034496.0,4,"2022,2023,2024,2025",0.1385545062939348,0.1260488779303656,0.2131845794978554,0.1583696520943531,4.0,4.0,0.1701360960301399,323200000.0,1358500000.0,0.2379094589620905,False,-0.0514619883040935,0.6211549328892518,0.0191874306678773,,NMS,USD,89.71,33853034496.0,438826692.0,78.8,74.5,80.4,85,100,43.8,76.0,111,2026-09-04,2.66234,0.003872446805702534,0.02996657485066989,23.0,0.0,3.12406,0.002992224070066829,0.021635763105399164,18.0,4.0,89.69000244140625,28.715837,23.735,75.11072330330201,47.75753992529724,4,-0.6176865867202,-0.5030104139131435,92.59,162.81500244140625,-0.031320850616629814,-0.44912937323645086,0.0506,0.0026,2026-10-29,,True,False
G,Genpact Limited,Technology,Information Technology Services,Bermuda,6398750208.0,4,"2022,2023,2024,2025",0.1407514971210218,0.0264564783405592,0.1486845549846983,0.1098411869393782,4.0,4.0,0.0513609057599067,688465000.0,898622000.0,0.7661341476171294,False,-0.0608260081864139,0.3543227467439418,0.003798263115239,,NYQ,USD,38.08,6398750208.0,93934678.0,79.6,61.5,47.2,85,100,92.2,75.9,112,2026-09-04,4.12028,0.011719929773729154,0.011513779711198158,7.0,2.0,4.51406,0.008133749028506054,0.007946910440395971,6.0,2.0,37.4900016784668,8.435865,8.297,15.007931108626007,9.86199394299592,4,-0.4379062017981029,-0.15868940419572986,48.64,55.540000915527344,-0.22923516286046886,-0.3249909783853514,0.067,0.00585,2026-11-05,,True,False
ACLS,"Axcelis Technologies, Inc.",Technology,Semiconductor Equipment & Materials,United States,3408389888.0,4,"2022,2023,2024,2025",0.2240050840361176,-0.161087445099249,0.120755859074861,0.1492846694314641,4.0,4.0,-0.030234697982405,-331924000.0,161226000.0,0.0,True,-0.0558702522210959,0.441772086254406,0.0062431591840108,,NMS,USD,110.37,3408389888.0,56152062.0,85.6,72.3,15.9,100,100,83.8,75.8,113,2026-09-04,4.106,0.0709441836202398,0.0709441836202398,4.0,0.0,5.268,0.08663366336633671,0.08663366336633671,2.0,2.0,110.7699966430664,20.951025,30.95,15.994855745997938,11.589540880241831,4,0.30986020334957654,1.6705113101386453,193.78,200.47999572753906,-0.42837239837410257,-0.4474760624316473,0.0785,0.0068,2026-11-03,,False,True
QCOM,QUALCOMM Incorporated,Technology,Semiconductors,United States,180042956800.0,4,"2022,2023,2024,2025",0.2941883376812943,-0.1099701410841705,0.2923155732015437,0.2513817966212822,4.0,4.0,0.0006330832838727,9291000000.0,14929000000.0,0.6223457699778954,False,-0.0281442392260333,0.5629491114861486,0.0093525550230613,,NMS,USD,168.57,180042956800.0,2528891860.0,90.3,88.2,25.1,85,80,72.5,75.6,114,2026-09-04,10.52302,-0.02690591253174135,-0.025656220168127852,1.0,26.0,10.20195,-0.07617391776802818,-0.04082484578565404,3.0,26.0,169.9600067138672,16.523312,15.335,18.12835097341494,13.103819907114582,4,-0.0885375054669183,0.170269441178295,259.92,251.02000427246094,-0.34610646847542637,-0.3229224610744966,0.0348,0.00122,2026-10-29,,True,False
TRI,Thomson Reuters Corporation,Industrials,Specialty Business Services,Canada,48417177600.0,4,"2022,2023,2024,2025",0.1219146065226159,0.002220699370958,0.1187602494435269,0.2470927688763391,4.0,4.0,0.0410001067332952,1752000000.0,3047000000.0,0.5749917952084017,False,-0.0383330244432548,0.7606190108248967,0.0062577490341875,,NMS,USD,111.76,48417177600.0,229828517.0,73.1,87.8,42.3,85,80,83.7,75.5,115,2026-09-04,4.43669,0.004846793755336476,0.0027120544038112815,7.0,8.0,5.08365,0.007008341471434809,0.00538920971442125,10.0,5.0,105.87000274658203,21.984203,22.211,35.643118319097276,21.539758834440825,4,-0.3832132530272736,0.03116289141018136,180.0,214.2100067138672,-0.41183331807454426,-0.5057653730994986,,0.71069,2026-11-03,,True,False
IPAR,"Interparfums, Inc.",Consumer Defensive,Household & Personal Products,United States,3651259136.0,4,"2022,2023,2024,2025",0.2128193965123695,0.007295731890248,0.2004407640994087,0.0623739082114392,3.0,4.0,0.1105894080326328,27337000.0,303882000.0,0.0899592605024318,False,0.0046640095032668,0.6376773409238562,0.0011326700409068,,NMS,USD,114.01,3651259136.0,32605720.0,94.1,42.2,68.6,85,55,99.3,75.4,116,2026-09-04,4.89,0.00696639532800547,0.008788216363411205,0.0,1.0,5.204,-0.0673835125448029,-0.06402877697841725,0.0,2.0,116.45999908447266,21.908148,13.815,25.60996822421513,14.178106997954545,4,-0.14454606861694297,-0.025610400458039306,129.29,157.58999633789062,-0.09923428660783773,-0.26099370651186926,0.103599995,0.43616,2026-11-04,,True,False
EXPO,"Exponent, Inc.",Industrials,Engineering & Construction,United States,3330603264.0,4,"2022,2023,2024,2025",0.2503637313594367,-0.1190041611526571,0.2208587485096364,0.205661298615321,4.0,4.0,0.0427720050086817,-139096000.0,129870000.0,0.0,True,-0.0198163733741392,,,,NMS,USD,70.05,3330603264.0,37327333.0,87.3,82.8,43.4,100,80,50.0,75.4,117,2026-09-04,2.5121,0.01757185910107273,0.01757185910107273,3.0,0.0,2.83786,0.02823622338247711,0.02823622338247711,3.0,0.0,70.02999877929688,24.684093,24.265,43.804465599691895,34.11691565983794,4,-0.43649368478601824,-0.2887692357089451,81.95,125.30000305175781,-0.14545456035025173,-0.44110138009837474,0.083900005,0.01158,2026-10-29,,True,True
WAT,Waters Corporation,Healthcare,Diagnostics & Research,United States,40605741056.0,4,"2022,2023,2024,2025",0.2378574173882109,-0.1835280300104441,0.1767805135552388,0.1684101041928196,4.0,4.0,0.0212299126818125,819614000.0,1030663000.0,0.7952298666004309,False,-0.0103595166663904,0.5907159749927533,0.0062632831926833,,NYQ,USD,413.56,40605741056.0,351749322.0,86.5,76.6,33.7,85,80,83.6,75.3,118,2026-09-04,14.5756,0.004311298192038349,0.004855510138798813,19.0,1.0,16.54699,0.003447514696661269,0.004635521145505139,11.0,9.0,412.20001220703125,24.993685,31.383,32.505214359598455,22.012508821266024,4,-0.2310869042886462,0.4256893775634176,426.22,424.70001220703125,-0.032893782067872857,-0.029432539770934962,0.037100002,0.00103,2026-10-30,,True,False
AOS,A. O. Smith Corporation,Industrials,Specialty Industrial Machinery,United States,8226546176.0,4,"2022,2023,2024,2025",0.2277142636699676,0.1885108495097324,0.2765277694982613,0.1268290185388669,4.0,4.0,0.0067297844431803,-1100000.0,813700000.0,0.0,True,-0.0889978751949878,0.3773190523180724,0.0135796516214261,,NYQ,USD,60.53,8226546176.0,102371968.0,95.9,66.5,28.1,100,100,58.2,75.2,119,2026-09-04,3.74322,-0.0032937567732367334,-0.008008607530529122,0.0,10.0,4.09059,-0.01703008078895396,-0.02125882893401987,2.0,8.0,59.2599983215332,14.797376,11.13,20.58461991430042,13.770175353354794,4,-0.28114407447863254,-0.1917314257520747,81.87,91.9800033569336,-0.276169557572576,-0.35572954817612434,0.1125,0.0046200003,2026-10-27,,True,True
IDCC,"InterDigital, Inc.",Technology,Software - Application,United States,8668495872.0,4,"2022,2023,2024,2025",0.219024758279426,0.1934877944616014,0.2799457820468236,0.4130978432646467,4.0,4.0,0.2213343967505661,-754952000.0,586925000.0,0.0,True,0.1308512383139248,0.8480970563233748,0.0295277084118307,,NMS,USD,335.91,8668495872.0,102724301.0,94.8,96.0,86.6,100,0,28.2,75.1,120,2026-09-04,11.555,0.20176807072282887,0.20176807072282887,2.0,0.0,11.5875,0.03068712474983326,0.03068712474983326,1.0,2.0,329.7900085449219,28.988998,18.744,16.083486910264917,9.359083381265549,4,0.8024075352402864,1.0027602315757345,412.6,396.5400085449219,-0.20070283920280696,-0.16833106007369814,0.1224,0.01575,2026-10-29,,False,False
SHOO,"Steven Madden, Ltd.",Consumer Cyclical,Footwear & Accessories,United States,3095391232.0,4,"2022,2023,2024,2025",0.1851482590084733,-0.2142132256531376,0.0516144714389298,0.086511598012164,4.0,4.0,0.0609445591091826,121743000.0,123460000.0,0.9860926615907988,False,-0.0882296430081082,0.4141043814535889,0.003696035890418,,NMS,USD,42.3,3095391232.0,44566857.0,80.7,53.1,51.2,85,100,92.5,75.1,121,2026-09-04,2.19122,0.028022650821725614,0.03552373526145414,5.0,0.0,2.7741,0.026600350822656882,0.0353939692528189,6.0,0.0,41.9900016784668,15.248188,12.29,18.17724339064352,12.316473695428709,4,-0.16113859113264706,-0.0021494541443737303,49.7,51.279998779296875,-0.1551307509362818,-0.18116219426628966,0.0767,0.02165,2026-11-04,,True,False
LNTH,"Lantheus Holdings, Inc.",Healthcare,Drug Manufacturers - Specialty & Generic,United States,6591203840.0,4,"2022,2023,2024,2025",0.1555675096185899,0.1229163133921358,0.1495615716607813,0.2526655600404264,4.0,4.0,0.1813486731041127,210295000.0,403639000.0,0.5209977232130691,False,-0.0315263686660723,0.6061803547502551,0.0360411922041806,,NGM,USD,100.98,6591203840.0,134907664.0,83.5,88.5,82.2,85,80,22.7,75.1,122,2026-09-04,5.6,0.04336485164656012,0.053136371757139145,3.0,2.0,6.32393,-0.0038858961030778794,-0.007990751183945655,2.0,2.0,100.80999755859375,15.967919,16.885,20.017239170535788,11.838030185111734,4,-0.2022916415214817,0.42633527165994733,111.86,123.62000274658203,-0.09878421635442736,-0.1845171063031622,0.104399994,0.02076,2026-11-05,,True,False
EEFT,"Euronet Worldwide, Inc.",Technology,Software - Infrastructure,United States,2740935424.0,4,"2022,2023,2024,2025",0.1044836918320344,0.0215056488987136,0.1117640867710242,0.1492840752546584,4.0,4.0,0.0811116953013548,330200000.0,671200000.0,0.4919547079856972,False,-0.143659404689287,0.402685675069963,0.0062082909012024,,NMS,USD,73.28,2740935424.0,50383004.0,65.4,72.2,58.9,85,100,83.9,75.0,123,2026-09-04,10.72875,-0.0178510127016821,-0.02149585386941788,0.0,6.0,11.93625,-0.018054066771912125,-0.019710502001847874,1.0,5.0,72.97000122070312,6.1392817,5.14,17.198456181532233,8.277380208624278,4,-0.6430329771928958,-0.37903057846194055,92.45,170.2100067138672,-0.2107084778723297,-0.5712942932704896,0.1228,0.07208,2026-10-21,,True,False
EXPE,"Expedia Group, Inc.",Consumer Cyclical,Travel Services,United States,36383494144.0,4,"2022,2023,2024,2025",0.1399458862996214,0.1466509703487115,0.2076588314304902,0.1907337191133144,4.0,4.0,0.0808796250697421,748000000.0,2777000000.0,0.2693554195174649,False,-0.1842832501808334,0.882808671148302,0.0167439302806988,,NMS,USD,303.14,36383494144.0,477511888.0,79.2,80.5,58.8,85,100,49.2,74.9,124,2026-09-04,20.96296,0.06368363127661048,0.06024647249767079,17.0,6.0,24.37971,0.06431870568923959,0.0555028808038196,15.0,8.0,308.05999755859375,12.434112,12.529,28.732700223004464,11.287541129595903,4,-0.5672487478206176,0.10998488121996686,342.0,339.1300048828125,-0.09923977322048616,-0.09161680440206132,0.0598,0.0060799997,2026-11-05,,True,False
IHG,InterContinental Hotels Group PLC,Consumer Cyclical,Lodging,United Kingdom,23620392960.0,4,"2022,2023,2024,2025",0.669146815102626,0.0251914481398979,0.6142516273972602,0.1513435227129723,4.0,4.0,0.1006188494520397,3099000000.0,1415000000.0,2.1901060070671377,False,-0.143956043956044,0.2980080150473212,0.013461786628347,,NYQ,USD,160.77,23620392960.0,40380762.0,100.0,72.7,64.8,45,100,58.8,74.8,125,2026-09-04,6.03457,0.02173132731256211,0.008028049731813702,0.0,1.0,6.87712,0.013958082993608567,-0.0063429956856071446,0.0,1.0,160.50999450683594,23.37752,115.185,28.320388423586355,16.2334346829837,3,-0.17453392056832584,6.095540915980021,175.89,174.1300048828125,-0.0874410455009611,-0.07821748115807314,0.0041,0.000120000004,2026-08-11,,True,False
DLTR,"Dollar Tree, Inc.",Consumer Defensive,Discount Stores,United States,24587073536.0,4,"2023,2024,2025,2026",0.1543023804186468,0.077236536909036,0.2084490382439466,0.0781908763710685,4.0,4.0,0.0799582484358976,1713900000.0,2363100000.0,0.7252761203503872,False,-0.0794288264167781,0.3639920978457052,0.006834916888641,,NMS,USD,131.04,24587073536.0,371170276.0,83.2,49.7,58.5,85,100,82.1,74.6,126,2026-09-04,7.7932,0.11704361561384213,0.12449984632855093,5.0,0.0,7.89543,0.027714900468727155,0.03688727501953504,5.0,0.0,131.91000366210938,16.596941,12.526,19.86727334801556,12.776773230859838,2,-0.16460901759033852,-0.019627274142593687,142.4,174.0800018310547,-0.07366570462001842,-0.24224493178642925,0.051799998,0.00164,2026-08-27,,True,False
COR,"Cencora, Inc.",Healthcare,Medical Distribution,United States,64350736384.0,4,"2022,2023,2024,2025",0.3089027226529652,-0.1298262917435536,0.2027770330950903,0.0106494252072949,4.0,4.0,0.1043399050694318,3304635000.0,3746505000.0,0.8820580781288161,False,-0.0757350504237488,0.0345952051100507,0.0007512350413785,,NYQ,USD,337.22,64350736384.0,489515296.0,91.0,21.0,65.8,85,100,99.9,74.6,127,2026-09-04,17.87335,0.005051871087316195,0.0067882096611020515,7.0,0.0,19.80243,-8.079163685370538e-05,0.002136109820639609,4.0,5.0,336.3599853515625,17.029224,13.736,25.494789305542902,12.659240312842481,4,-0.33205080473845605,0.0850572120086206,377.54,374.75,-0.10907457394829034,-0.10244166684039357,0.0277,0.04303,2026-11-04,,True,False
AME,"AMETEK, Inc.",Industrials,Specialty Industrial Machinery,United States,53692985344.0,4,"2022,2023,2024,2025",0.1210049305897975,-0.0046856291372315,0.1198027925754883,0.2194205232014467,4.0,4.0,0.0636405599266052,1825358000.0,2302397000.0,0.7928076695721893,False,-0.0011963582337087,0.3568582792126029,0.0049682458778825,,NYQ,USD,234.2,53692985344.0,291486257.0,62.7,85.2,52.4,85,80,88.3,74.6,128,2026-09-04,8.33567,0.02250307278262853,0.024131186373208324,16.0,0.0,9.59674,0.08959885734917283,0.08955679711351028,13.0,0.0,233.19000244140625,24.404121,22.197,29.739552052523045,20.232766326703747,4,-0.17940522584537033,0.0970818147938477,261.16,258.5199890136719,-0.10709908699109272,-0.09798076608662565,0.0145000005,0.00393,2026-10-29,,True,False
CHWY,"Chewy, Inc.",Consumer Cyclical,Internet Retail,United States,9809803264.0,4,"2023,2024,2025,2026",0.3350853863329558,0.128470903213418,0.4551986342639084,0.031336199347105,4.0,4.0,0.0758743393343233,-360100000.0,397200000.0,0.0,True,-0.0046052785375318,0.2884911135435454,0.0070244774171346,,NYQ,USD,23.96,9809803264.0,208040487.0,100.0,28.5,57.3,100,80,81.1,74.5,129,2026-09-04,1.52941,-0.001129877085047748,-0.05285615199782012,0.0,15.0,1.83139,-0.0035691939388993177,-0.06663642757397537,0.0,3.0,24.170000076293945,13.082958,24.576,126.99038350684012,52.67471032187183,4,-0.8969767817159533,-0.5334383454635641,43.5,118.69000244140625,-0.44436781433807027,-0.7963602697857728,0.0889,0.025980001,2026-09-09,,True,False
DLB,"Dolby Laboratories, Inc.",Industrials,Specialty Business Services,United States,5799971328.0,4,"2022,2023,2024,2025",0.0882861690715897,0.0076161366909332,0.0902063406057523,0.2545085138814617,4.0,4.0,0.0247296904216931,-663718000.0,378563000.0,0.0,True,-0.0441642234490061,0.8852190403522464,0.0034005135183332,,NYQ,USD,61.92,5799971328.0,58682079.0,57.5,88.6,34.9,100,80,93.6,74.4,130,2026-09-04,4.32667,0.0015439814814814934,0.0015439814814814934,2.0,1.0,4.59667,0.0021802309736693726,-0.0014467787449520264,1.0,2.0,61.790000915527344,13.47062,14.623,32.22214482687482,18.8179900048534,4,-0.5819452717261435,-0.22292444643511122,73.78,103.52999877929688,-0.16251015294758275,-0.4031681479370052,0.13319999,0.01434,2026-11-17,,True,False
NYT,The New York Times Company,Communication Services,Publishing,United States,10815676416.0,4,"2022,2023,2024,2025",0.140829658014726,0.0596826007542379,0.1688804617307162,0.1327260660150498,4.0,4.0,0.0696373214127394,-605561000.0,547572000.0,0.0,True,-0.0131505734679103,0.4907724285748074,0.0117073427776986,,NYQ,USD,67.06,10815676416.0,129881003.0,79.7,68.0,54.8,100,80,64.7,74.4,131,2026-09-04,2.85992,-0.006064565905670838,0.002573109255480821,3.0,3.0,3.12345,-0.029155334524827103,-0.021122898287290304,0.0,6.0,67.68000030517578,21.469849,18.213,32.213423854952836,18.160852035933015,4,-0.33351235507681076,0.0028714492009409565,87.1,85.86000061035156,-0.22296210901061098,-0.21174004397786994,0.073,0.1129,2026-11-04,,True,False
EXPD,"Expeditors International of Washington, Inc.",Industrials,Integrated Freight & Logistics,United States,24325146624.0,4,"2022,2023,2024,2025",0.3511988414892314,-0.103204170530805,0.3315410898047361,0.0948092417453584,4.0,4.0,-0.1344725398686201,-743696000.0,1109315000.0,0.0,True,-0.1713708819111216,0.1293956067381352,0.0027371230798783,,NYQ,USD,187.13,24325146624.0,221417830.0,92.1,56.4,4.3,100,100,95.8,74.3,132,2026-09-04,7.72071,0.12322638931927399,0.13689320960203566,12.0,0.0,8.07069,0.13494095858452493,0.1653550924695908,12.0,0.0,186.16000366210938,23.604876,18.884,22.204540292139427,15.67299974858341,4,0.06306528707357661,0.20487464447938986,192.28,190.97000122070312,-0.03182856427028613,-0.02518718923311347,0.0377,0.00634,2026-11-03,,False,False
FICO,Fair Isaac Corporation,Technology,Software - Application,United States,24166244352.0,4,"2022,2023,2024,2025",0.4740652707705099,0.1729993719151459,0.5803683040093686,0.3493957204703392,4.0,4.0,0.1306838755794808,2921555000.0,951194000.0,3.071460711484723,False,-0.0677876039017725,0.7986697308254334,0.0150474737727824,,NYQ,USD,1118.93,24166244352.0,343166880.0,100.0,93.8,73.0,10,100,53.7,74.3,133,2026-09-04,42.97241,-0.0031356434297632463,-0.0051943674518406535,10.0,9.0,53.05803,-0.008426074914640314,-0.020276197828832165,5.0,13.0,1099.449951171875,21.088799,23.363,53.844479945054076,38.75124624152028,4,-0.608338700243364,-0.39710326077287394,1998.01,2382.39990234375,-0.4497275032798259,-0.5385115865349636,0.1001,0.030150002,2026-11-04,,True,False
TXRH,"Texas Roadhouse, Inc.",Consumer Cyclical,Restaurants,United States,12410074112.0,4,"2022,2023,2024,2025",0.2840816420526034,0.0187122819336068,0.2803403006530579,0.0611733878046318,4.0,4.0,0.1354973152337357,839314000.0,681729000.0,1.2311549017278127,False,-0.0207449941107185,0.1642817572301678,0.0071052019405178,,NMS,USD,189.06,12410074112.0,178266376.0,99.5,41.6,73.9,65,80,80.9,74.2,134,2026-09-04,6.59808,0.025264587467310307,0.029537603100746157,17.0,0.0,7.79022,0.020241865143288296,0.01867030012657822,17.0,0.0,190.8800048828125,24.268892,18.877,27.068011491248917,17.456944888015194,4,-0.10341060672867941,0.08134614166993925,216.3,214.27999877929688,-0.1175219376661466,-0.10920288421592628,0.030299999,0.00418,2026-11-05,,True,False
DRI,"Darden Restaurants, Inc.",Consumer Cyclical,Restaurants,United States,24756643840.0,4,"2023,2024,2025,2026",0.3049623212925907,-0.0362184246623032,0.3027897613010404,0.0861042941035747,4.0,4.0,0.0799807207834049,2147800000.0,2146000000.0,1.000838769804287,False,-0.0537021969080553,0.2125886778008366,0.0068627781273681,,NYQ,USD,218.04,24756643840.0,286561468.0,90.8,53.0,58.6,65,100,81.8,74.1,135,2026-09-04,11.27349,2.8385981937661953e-05,-0.008655530464512506,4.0,21.0,12.3891,0.00019940855583788775,-0.00957797282097328,2.0,11.0,220.02999877929688,17.59934,15.461,19.742154653868866,12.29988899560973,4,-0.10854006016252826,0.2570032140549059,229.76,227.67999267578125,-0.04234854291740564,-0.0335997634512315,0.077,0.00299,2026-09-24,,True,False
EBAY,eBay Inc.,Consumer Cyclical,Internet Retail,United States,47107698688.0,4,"2022,2023,2024,2025",0.1257070011893805,0.2719567680617225,0.1944228262476894,0.1746254456618661,4.0,4.0,0.042572293921697,4879000000.0,2960000000.0,1.6483108108108109,False,-0.1612903225806451,0.7201648570980271,0.0042121434125095,,NMS,USD,105.86,47107698688.0,413940865.0,74.6,77.7,43.3,65,100,90.8,74.1,136,2026-09-04,6.12668,0.006021336582370029,-0.0005693153697204911,6.0,4.0,6.73289,0.0018898275197576364,-0.00445363824687528,5.0,3.0,106.69999694824219,15.722817,16.453,15.723350447446562,12.593131905708727,3,-3.3927084964857634e-05,0.30650580992814924,119.31,118.95999908447266,-0.10569108248895998,-0.10305987080182077,0.0356,0.1004,2026-11-04,,True,False
ODFL,"Old Dominion Freight Line, Inc.",Industrials,Trucking,United States,38630109184.0,4,"2022,2023,2024,2025",0.2909572889671378,-0.1319438121856918,0.2353284235628533,0.1528152282929364,4.0,4.0,-0.0424401481270764,-80096000.0,1726295000.0,0.0,True,-0.0643714957816727,0.3479494962293461,0.0111261336792246,,NMS,USD,185.75,38630109184.0,323911964.0,89.9,73.0,13.4,100,100,66.7,74.1,137,2026-09-04,5.80532,0.003117181128267532,0.09133633865091562,18.0,0.0,6.58603,0.003206407331020067,0.06995797193038333,17.0,0.0,187.61000061035156,27.95301,21.331,32.29323737676105,19.610617812455647,4,-0.1344005039235978,0.08772707744330499,252.03,248.72999572753906,-0.2556044891070446,-0.24572828435271976,0.0434,0.082370006,2026-10-28,,True,False
EW,Edwards Lifesciences Corporation,Healthcare,Medical Devices,United States,51749191680.0,4,"2022,2023,2024,2025",0.1528615205395219,-0.1112805191217383,0.0981102850794173,0.1517562984793806,4.0,4.0,0.1077223514087009,-3520900000.0,1449900000.0,0.0,True,-0.0615187439923101,0.804315119695589,0.0212594649456272,,NYQ,USD,89.78,51749191680.0,387330223.0,73.1,72.8,67.2,100,100,39.5,73.8,138,2026-09-04,2.99944,0.00034351539649346563,-0.002653437165410999,5.0,14.0,3.3775,0.0005925048141015576,0.002921910169078945,16.0,6.0,90.81999969482422,26.58179,24.193,31.865021507823293,28.54653160206242,4,-0.165800343380474,-0.15250649930963545,96.29,130.67999267578125,-0.05680756366368045,-0.30501985931274256,0.0202,0.00195,2026-10-29,,True,False
ALSN,"Allison Transmission Holdings, Inc.",Consumer Cyclical,Auto Parts,United States,10606323712.0,4,"2022,2023,2024,2025",0.1826176137368176,-0.0407539671635697,0.1450325835610679,0.2044312427155969,4.0,4.0,0.0282084767399437,1395000000.0,1020000000.0,1.3676470588235294,False,-0.1148544651885979,0.4782261104663165,0.0072827830967923,,NYQ,USD,128.44,10606323712.0,136376950.0,80.1,82.4,36.3,65,100,79.9,73.7,139,2026-09-04,9.97304,0.0007897507016938476,0.028728571679080828,4.0,2.0,11.29765,0.0005597214854229371,0.02617191864124746,3.0,2.0,126.70999908447266,11.368736,12.153,10.43085906440992,8.177424668786973,4,0.08991368110706377,0.4861647147160768,137.62,136.0,-0.07927627463687947,-0.06830883026123047,0.052600004,0.00733,2026-10-29,,False,False
PRDO,Perdoceo Education Corporation,Consumer Defensive,Education & Training Services,United States,2076932352.0,4,"2022,2023,2024,2025",0.1558160384578943,0.0367705334756143,0.1692418820417683,0.2075589206307231,4.0,4.0,0.0676648876166554,-503850000.0,264928000.0,0.0,True,-0.0416479552664744,0.8094178691243273,0.0253831538397762,,NMS,USD,33.19,2076932352.0,23475154.0,83.6,83.4,54.2,100,80,33.5,73.7,140,2026-09-04,3.13,0.006430868167202508,0.006430868167202508,1.0,0.0,3.3,-0.0119760479041916,-0.0119760479041916,1.0,0.0,33.09000015258789,10.057575,5.844,11.043378701446084,4.28055258965378,4,-0.08926649425841005,0.36524429442243456,38.5,70.66000366210938,-0.1405194765561587,-0.5317011259888735,0.075,0.01194,2026-11-09,,True,False
USLM,"United States Lime & Minerals, Inc.",Basic Materials,Building Materials,United States,3322973184.0,4,"2022,2023,2024,2025",0.176788499238491,0.0594550529410843,0.1964603256389117,0.2374846881129083,4.0,4.0,0.1643073380866759,-367111000.0,183078000.0,0.0,True,0.0117253521126761,0.4015110505947629,0.0748562757209027,,NMS,USD,115.83,3322973184.0,24911095.0,89.0,87.2,79.8,100,55,9.6,73.6,141,2026-09-04,5.04,-0.01945525291828787,-0.07352941176470595,0.0,1.0,5.7,-0.023972602739726012,-0.07766990291262132,0.0,1.0,115.47000122070312,20.321054,15.792,21.63904090308751,13.57511753526271,4,-0.060907824380490694,0.16330484498412035,141.44,157.4499969482422,-0.18361141670882974,-0.26662430321506425,0.0872,0.62552,2026-10-28,,True,False
SAP,SAP SE,Technology,Software - Application,Germany,250496958464.0,4,"2022,2023,2024,2025",0.090554271952758,0.0870415716094091,0.1523146214617492,0.173586094328129,4.0,4.0,0.076255521562585,-2296000000.0,12073000000.0,0.0,True,0.0,0.7269938395572493,0.0029053211145646,,NYQ,USD,217.03,250496958464.0,618441309.0,58.5,77.4,57.5,100,55,95.0,73.5,142,2026-09-04,8.22814,0.00747758988229541,-0.011061072069440847,1.0,6.0,9.67389,0.007580373519311845,-0.011826752076423364,1.0,6.0,209.69000244140625,22.434614,289.763,,,0,,,281.37,311.92999267578125,-0.25475351870701834,-0.3277658212900445,0.0069999998,0.0,2026-10-21,"statements in EUR, price in USD, own-history multiples skipped",False,False
STRL,"Sterling Infrastructure, Inc.",Industrials,Engineering & Construction,United States,14071635968.0,4,"2022,2023,2024,2025",0.1964949778381103,0.1073012649392612,0.2319457274612272,0.1604426899076078,4.0,4.0,0.1206182169244469,-40807000.0,505377000.0,0.0,True,0.012531082319068,0.1894033122115119,0.0286464413818435,,NMS,USD,460.03,14071635968.0,358280105.0,91.8,75.1,70.7,100,55,29.2,73.5,143,2026-09-04,20.03429,0.048915706806282655,0.11283929331228482,2.0,0.0,25.39625,-0.028452563121652674,0.1334722264994057,2.0,0.0,457.6000061035156,18.114092,19.578,20.08642832791375,10.294358293341087,4,-0.09819248577771444,0.9018183982059418,1005.68,993.739990234375,-0.5449844820385057,-0.5395173681240402,0.040999997,0.022939999,2026-11-02,,True,True
HEI,HEICO Corporation,Industrials,Aerospace & Defense,United States,45518991360.0,4,"2022,2023,2024,2025",0.118553753204378,-0.0048429931821703,0.1318564257536847,0.1707890882512239,4.0,4.0,0.2663918385310291,1950164000.0,1219507000.0,1.5991412923419053,False,0.0198062838224533,0.3917280451531989,0.00387539663219,,NYQ,USD,325.7,45518991360.0,156139277.0,61.8,77.0,90.1,65,55,91.9,73.4,144,2026-09-04,6.32864,0.0361349917238738,0.04294975955913127,3.0,0.0,7.19931,0.03935790399166117,0.05483622830601975,5.0,0.0,322.8999938964844,45.240448,32.912,64.31570504178234,37.19664798501873,4,-0.29658785563168755,-0.115189088724995,376.86,374.6700134277344,-0.14318316113016938,-0.13817497444650795,0.014400001,0.22819,2026-08-25,,True,False
NFLX,"Netflix, Inc.",Communication Services,Entertainment,United States,344232886272.0,4,"2022,2023,2024,2025",0.2076904156841472,0.1391463867013969,0.2835970256722255,0.1608590390740741,4.0,4.0,0.1263971837136066,5429155000.0,30254617000.0,0.1794488094164272,False,-0.0374564027565423,0.4386291931119151,0.0359778498805056,,NMS,USD,82.67,344232886272.0,3452289528.0,93.4,75.2,71.8,85,80,22.8,73.3,145,2026-09-04,3.58437,0.001284998756903466,-0.0022130545163014936,12.0,23.0,3.81626,0.0019217945150094007,-0.0032595579746861336,14.0,25.0,82.7300033569336,21.636208,23.885,38.76572105227709,12.08083342978101,4,-0.44187267996839963,0.9770986942937236,126.71,133.91299438476562,-0.34709175789650704,-0.38221078740701186,0.0219,0.0057200002,2026-10-20,,True,False
CHE,Chemed Corporation,Healthcare,Medical Care Facilities,United States,6854541312.0,4,"2022,2023,2024,2025",0.2684769597677616,-0.0100153094982596,0.2723244092076312,0.1297623216062957,4.0,4.0,0.058218778372217,69244000.0,422369000.0,0.1639419559674123,False,-0.0423206834889727,0.34697456045037,0.01274203155128,,NYQ,USD,524.45,6854541312.0,95764570.0,88.5,67.5,50.5,85,80,61.3,73.2,146,2026-09-04,25.5225,0.04847488959638491,0.04804434862950413,4.0,0.0,27.525,0.02390030689110012,0.02285395763656628,3.0,1.0,523.989990234375,19.053589,16.983,28.757753780911564,18.4480705386992,4,-0.3374451584376825,-0.07941592241995532,557.0,650.7000122070312,-0.0592639313565978,-0.19472878376455494,0.0575,0.01946,2026-10-27,,True,False
NVR,"NVR, Inc.",Consumer Cyclical,Residential Construction,United States,17070413824.0,4,"2022,2023,2024,2025",0.3302364331031017,-0.1118448884122519,0.2852306148119334,0.1409629725936541,4.0,4.0,-0.006252610482764,-863593000.0,1815277000.0,0.0,True,-0.1253624964377315,0.2549408931500113,0.0152436585510478,,NYQ,USD,6373.95,17070413824.0,201455064.0,91.5,69.9,23.1,100,100,52.8,73.2,147,2026-09-04,361.1004,0.0,-0.0076281459540762375,3.0,2.0,411.62387,0.0,-0.021101995447294297,1.0,4.0,6326.9501953125,15.48489,11.052,15.62573422719971,11.46034336992268,4,-0.009013606986514655,-0.03563098911978202,8618.28,9924.400390625,-0.26586857292725463,-0.3624853949575433,0.0625,0.05551,2026-10-21,,True,True
NVMI,Nova Ltd.,Technology,Semiconductor Equipment & Materials,Israel,11218032640.0,4,"2022,2023,2024,2025",0.1353315200606057,-0.0633085351873436,0.1056936860221432,0.237297177589433,4.0,4.0,0.155524431837396,517218000.0,275834000.0,1.8751060420397776,False,0.0291810480075305,0.5677094374720562,0.0079750382905894,,NMS,USD,352.7,11218032640.0,191258276.0,68.0,87.2,78.5,65,55,77.6,73.1,148,2026-09-04,10.67346,0.020483363004124566,0.03334682283508017,5.0,1.0,13.6602,0.05358796983666525,0.09343269604056692,6.0,1.0,349.6000061035156,25.819534,37.123,33.17632026470855,30.650882130330636,4,-0.22174810847043702,0.21115600660852962,615.99,605.6500244140625,-0.4324583092200919,-0.42276893913818137,0.056999996,0.001,2026-11-05,,True,True
GGG,Graco Inc.,Industrials,Specialty Industrial Machinery,United States,12612963328.0,4,"2022,2023,2024,2025",0.2119160837739063,-0.0427215281142537,0.1956947181414209,0.2058658163130567,4.0,4.0,0.0142704781364073,-572487000.0,751526000.0,0.0,True,-0.0212501373681988,0.5194466585069226,0.0152693582641718,,NYQ,USD,77.88,12612963328.0,136985468.0,83.9,83.0,30.6,100,80,52.6,73.1,149,2026-09-04,3.28333,-0.004674497915877263,0.05913870967741919,8.0,0.0,3.508,0.0008559201141227213,0.0375904712044981,9.0,1.0,77.66000366210938,22.200684,16.541,28.0619207841051,19.138075005747325,4,-0.20886798267298357,-0.13570199745624367,95.69,94.81999969482422,-0.18842090435667913,-0.18097443670052582,0.053000003,0.0075499997,2026-10-21,,True,False
SFM,"Sprouts Farmers Market, Inc.",Consumer Defensive,Grocery Stores,United States,7378684416.0,4,"2022,2023,2024,2025",0.2770458757903907,0.1609318647088306,0.3740503209381686,0.045134625632078,4.0,4.0,0.1120048776289048,1686062000.0,994874000.0,1.6947492848340593,False,-0.0956120177021963,0.3761410267858111,0.0087449067735474,,NMS,USD,79.13,7378684416.0,159097354.0,99.2,34.5,69.0,65,100,74.4,73.0,150,2026-09-04,5.55091,0.00032617902002129995,-0.002401033738477776,2.0,5.0,5.95147,0.00031094422837085745,0.007025440147547579,3.0,3.0,78.76000213623047,13.272079,10.994,17.123883188825992,9.713691982147978,4,-0.22493754169845348,0.13180446942367507,141.24,179.52999877929688,-0.4423675861212797,-0.5612989323692184,0.13939999,0.0057800002,2026-10-28,,True,False
