ticker,name,sector,industry,country,market_cap,n_years,fiscal_years,roic_avg,roic_trend,roic_latest,fcf_margin_avg,fcf_positive_years,fcf_years,rev_cagr,net_debt,ebitda_latest,nd_to_ebitda,net_cash,share_change,gm_avg,gm_std,exclude_reason,exchange,currency,price,market_cap_usd,dollar_volume_usd,score_roic,score_fcf,score_growth,score_balance,score_shares,score_gm_stability,quality_score,rank,pulled
EXEL,"Exelixis, Inc.",Healthcare,Biotechnology,United States,14651331584.0,4,"2022,2023,2024,2025",0.17557833304884082,0.28025402942869543,0.34323231832043305,0.2220945148397271,4.0,4.0,0.1292751520741946,-886053000.0,921756000.0,0.0,True,-0.13154278460419777,0.963299692730643,0.0017335035159869233,,NMS,USD,59.13,14651331584.0,151189734.0,88.6,85.4,72.5,100,100,98.3,89.9,1,2026-09-04
MEDP,"Medpace Holdings, Inc.",Healthcare,Diagnostics & Research,United States,16562497536.0,4,"2022,2023,2024,2025",0.6226745972578775,0.4157861066441674,0.9694925621526953,0.24793136410142455,4.0,4.0,0.20116593493531365,-383406000.0,563059000.0,0.0,True,-0.12307326779721417,0.296528809787867,0.011939152332943166,,NMS,USD,593.39,16562497536.0,179404346.0,100.0,88.0,84.9,100,100,64.2,89.9,2,2026-09-04
ABNB,"Airbnb, Inc.",Consumer Cyclical,Travel Services,United States,110925045760.0,4,"2022,2023,2024,2025",0.18780263668183728,-0.03896756421086939,0.19956854285153952,0.39663262699348134,4.0,4.0,0.13378255972989694,-8947000000.0,2544000000.0,0.0,True,-0.08382352941176474,0.8275578569366353,0.0035985922957390026,,NMS,USD,185.25,110925045760.0,808329112.0,80.8,95.6,73.4,100,100,92.9,89.3,3,2026-09-04
ADBE,Adobe Inc.,Technology,Software - Application,United States,113585627136.0,4,"2022,2023,2024,2025",0.3104698649130988,0.1477609704558187,0.41370156451522466,0.38958588816302625,4.0,4.0,0.10522339932516123,779000000.0,9815000000.0,0.0793683138053999,False,-0.09341825902335454,0.8846932579714483,0.0068950773525394415,,NMS,USD,285.75,113585627136.0,1777617889.0,100.0,95.5,66.2,85,100,81.6,89.0,4,2026-09-04
LOPE,"Grand Canyon Education, Inc.",Consumer Defensive,Education & Training Services,United States,3973614592.0,4,"2022,2023,2024,2025",0.2879767569094459,0.02408416203544761,0.31368194535118943,0.21736342454044755,4.0,4.0,0.06669303937480997,-192756000.0,343223000.0,0.0,True,-0.13068833948568415,0.5295326514321269,0.004173445409638725,,NMS,USD,152.45,3973614592.0,54072643.0,99.8,84.8,53.6,100,100,90.9,88.6,5,2026-09-04
KLAC,KLA Corporation,Technology,Semiconductor Equipment & Materials,United States,225954201600.0,4,"2023,2024,2025,2026",0.3855011205515486,0.0003249849167646368,0.41492172292188556,0.3029085660343613,4.0,4.0,0.08964649002419045,4237573000.0,6284343000.0,0.6743064469905605,False,-0.0589845616286947,0.6049736578685941,0.006262938315307795,,NMS,USD,172.94,225954201600.0,2185707897.0,100.0,91.9,61.7,85,100,83.6,87.9,6,2026-09-04
ASML,ASML Holding N.V.,Technology,Semiconductor Equipment & Materials,Netherlands,632301551616.0,4,"2022,2023,2024,2025",0.3930790188200674,-0.028529452414332246,0.39513984443676026,0.27882162023191925,4.0,4.0,0.15551134263329014,-8931000000.0,12550300000.0,0.0,True,-0.022864321608040195,0.5148393702673898,0.00835054832596436,,NMS,USD,1646.19,632301551616.0,3012484899.0,92.8,90.8,78.4,100,80,75.9,87.5,7,2026-09-04
DOCS,"Doximity, Inc.",Healthcare,Health Information Services,United States,4830466048.0,4,"2023,2024,2025,2026",0.15469751528718,0.06749252526621104,0.17720942706268267,0.43721031229273977,4.0,4.0,0.15451571072120696,-738416000.0,229303000.0,0.0,True,-0.0673632423567998,0.8896915339127138,0.010824069362714751,,NYQ,USD,27.1,4830466048.0,126739410.0,83.4,96.5,78.0,100,100,67.5,87.0,8,2026-09-04
MANH,"Manhattan Associates, Inc.",Technology,Software - Application,United States,12964111360.0,4,"2022,2023,2024,2025",0.644624735222997,0.1413558091082815,0.6907526345051069,0.27654079214802474,4.0,4.0,0.12127827938739433,-272567000.0,289054000.0,0.0,True,-0.037124653040625843,0.5451739038050611,0.01184078372207156,,NMS,USD,222.35,12964111360.0,175014353.0,100.0,90.7,70.8,100,80,64.3,86.4,9,2026-09-04
ADSK,"Autodesk, Inc.",Technology,Software - Application,United States,49641680896.0,4,"2023,2024,2025,2026",0.2317217724316224,-0.03108044227761997,0.22717076700434152,0.30188876295572803,4.0,4.0,0.12918055811635742,234000000.0,1989000000.0,0.11764705882352941,False,-0.013761467889908285,0.906664625746011,0.002087851596854599,,NMS,USD,237.52,49641680896.0,591703411.0,86.3,91.8,72.4,85,80,97.6,86.2,10,2026-09-04
PAYC,"Paycom Software, Inc.",Technology,Software - Application,United States,10840626176.0,4,"2022,2023,2024,2025",0.2695983236073275,0.030285465312937326,0.2632917123881028,0.17789417953781428,4.0,4.0,0.14265729931464977,-279700000.0,799100000.0,0.0,True,-0.035668242372152936,0.8340432815892161,0.008343582272778987,,NYQ,USD,240.52,10840626176.0,223017841.0,98.6,78.3,75.6,100,80,76.1,86.1,11,2026-09-04
QLYS,"Qualys, Inc.",Technology,Software - Infrastructure,United States,6031638528.0,4,"2022,2023,2024,2025",0.3458335214954554,-0.04721731055645445,0.3176093792602018,0.4046976916538837,4.0,4.0,0.10964889505445607,-393665000.0,236443000.0,0.0,True,-0.073480073200488,0.8103115988273677,0.014089264414865415,,NMS,USD,174.35,6031638528.0,133615563.0,92.0,95.9,68.2,100,100,56.6,85.9,12,2026-09-04
BKNG,Booking Holdings Inc.,Consumer Cyclical,Travel Services,United States,146616877056.0,4,"2022,2023,2024,2025",0.42884723562367966,0.2876510982902272,0.5079160206718346,0.3399210557490493,4.0,4.0,0.1634869878187224,1533000000.0,9217000000.0,0.1663230986221113,False,-0.18508439029261958,,,,NMS,USD,195.13,146616877056.0,1304254774.0,100.0,93.1,79.7,85,100,50.0,85.8,13,2026-09-04
PCTY,Paylocity Holding Corporation,Technology,Software - Application,United States,8550171136.0,4,"2023,2024,2025,2026",0.17940878070798924,0.043039971784016084,0.20636792425078707,0.2145559197992355,4.0,4.0,0.14675263514678383,-138945000.0,497790000.0,0.0,True,0.006714255424411508,0.6880245044550284,0.0024459335731178327,,NMS,USD,154.43,8550171136.0,117042651.0,89.4,84.6,76.5,100,55,96.8,85.8,14,2026-09-04
MSFT,Microsoft Corporation,Technology,Software - Infrastructure,United States,3787919458304.0,4,"2023,2024,2025,2026",0.28129494717800274,-0.009528840703861563,0.28217789803203364,0.2597223950312134,4.0,4.0,0.1612397915820203,19359000000.0,207519000000.0,0.09328784352276177,False,-0.002542826552462518,0.6886309136705198,0.006445522270393101,,NMS,USD,510.12,3787919458304.0,18921819435.0,89.4,89.2,79.5,85,80,83.0,85.3,15,2026-09-04
HRB,"H&R Block, Inc.",Consumer Cyclical,Personal Services,United States,6298888192.0,4,"2023,2024,2025,2026",0.4371904496720259,0.09335682385794075,0.5006511189380111,0.18737739279986868,4.0,4.0,0.043507963414960216,532787000.0,1056939000.0,0.5040849093467078,False,-0.1266025641025641,0.4457601896808012,0.0018131493273810622,,NYQ,USD,51.1,6298888192.0,112188364.0,100.0,79.9,43.8,85,100,98.2,85.0,16,2026-09-04
WHD,"Cactus, Inc.",Energy,Oil & Gas Equipment & Services,United States,4995684352.0,4,"2022,2023,2024,2025",0.22329698180594948,-0.08884649588696533,0.1661879402147767,0.21222651360127465,4.0,4.0,0.16164534335929015,-85822000.0,327236000.0,0.0,True,-0.09591679002318665,0.3697488048758981,0.012048412157856772,,NYQ,USD,71.64,4995684352.0,57121939.0,85.5,84.2,79.6,100,100,63.5,84.7,17,2026-09-04
FTNT,"Fortinet, Inc.",Technology,Software - Infrastructure,United States,114723471360.0,4,"2022,2023,2024,2025",1.2905109331223223,-0.4943375161671937,0.8348388396454474,0.32434058976307784,4.0,4.0,0.15461947760091377,-2586200000.0,2454300000.0,0.0,True,-0.050540171364708786,0.7828442943131306,0.022683274403537863,,NMS,USD,156.36,114723471360.0,874767122.0,94.8,92.6,78.1,100,100,37.1,84.5,18,2026-09-04
INCY,Incyte Corporation,Healthcare,Biotechnology,United States,25945311232.0,4,"2022,2023,2024,2025",0.1290723173872255,0.17098171122561945,0.24934745092286797,0.17459102829893505,4.0,4.0,0.14839595478338863,-3540192000.0,1760165000.0,0.0,True,-0.10384982898579198,0.9310152991164976,0.004918850448621339,,NMS,USD,128.0,25945311232.0,233744256.0,75.5,77.6,76.9,100,100,88.4,84.2,19,2026-09-04
INFY,Infosys Limited,Technology,Information Technology Services,India,48968118272.0,4,"2023,2024,2025,2026",0.3149281245689146,0.014440079770766445,0.34242877580216635,0.17291392151135487,4.0,4.0,0.03441926382216631,-2785000000.0,5105000000.0,0.0,True,-0.01614786166295057,0.30233350262736747,0.0013790704075126276,,NYQ,USD,12.09,48968118272.0,258031538.0,100.0,77.0,38.9,100,80,99.0,84.1,20,2026-09-04
CHKP,Check Point Software Technologies Ltd.,Technology,Software - Infrastructure,Israel,14029647872.0,4,"2022,2023,2024,2025",0.2564069928011214,-0.12282964176358266,0.15023423015120926,0.42882419058592525,4.0,4.0,0.053653118158399016,172100000.0,1040000000.0,0.16548076923076924,False,-0.1297403879651623,0.8737707143727025,0.006117364201795486,,NMS,USD,137.41,14029647872.0,162432911.0,87.8,96.5,48.4,85,100,84.4,83.9,21,2026-09-04
ANET,"Arista Networks, Inc.",Technology,Computer Hardware,United States,241448861696.0,4,"2022,2023,2024,2025",0.26293593968320683,-0.009759201719165833,0.2574785659431713,0.36015922745681045,4.0,4.0,0.27146525721597636,-10743000000.0,3928700000.0,0.0,True,0.007792478646522882,0.6280205165286269,0.013295191335802061,,NYQ,USD,191.44,241448861696.0,1442923674.0,88.1,94.5,90.6,100,55,59.3,83.9,22,2026-09-04
HRMY,"Harmony Biosciences Holdings, Inc.",Healthcare,Biotechnology,United States,2437775360.0,4,"2022,2023,2024,2025",0.18480464482335274,-0.00011895479905799089,0.16397263708299117,0.35311966458277483,4.0,4.0,0.25643107389453723,-611677000.0,255048000.0,0.0,True,-0.04177738874277803,0.7883127171531111,0.014071399476667164,,NGM,USD,41.86,2437775360.0,33856954.0,80.6,94.0,89.6,100,80,56.9,83.9,23,2026-09-04
META,"Meta Platforms, Inc.",Communication Services,Internet Content & Information,United States,1555711000576.0,4,"2022,2023,2024,2025",0.23049976043262513,0.04989199647120285,0.22203080917579454,0.262555700786038,4.0,4.0,0.19893831442939258,22871000000.0,105713000000.0,0.21634992858021246,False,-0.04737231680236864,0.8069225983567377,0.014281381813699558,,NMS,USD,610.68,1555711000576.0,11022157824.0,96.2,89.7,84.4,85,80,55.8,83.8,24,2026-09-04
LRCX,Lam Research Corporation,Technology,Semiconductor Equipment & Materials,United States,366211596288.0,4,"2023,2024,2025,2026",0.37307674717880385,0.10211996823736735,0.45702606246335603,0.2645226249280629,4.0,4.0,0.10055823901653271,-1844608000.0,8860890000.0,0.0,True,-0.07158590632684014,0.47778234410871123,0.021374449686359483,,NMS,USD,292.66,366211596288.0,3316627397.0,100.0,89.8,64.7,100,100,39.3,83.6,25,2026-09-04
UTHR,United Therapeutics Corporation,Healthcare,Drug Manufacturers - Specialty & Generic,United States,21026732032.0,4,"2022,2023,2024,2025",0.1654633981049195,0.05504536606307317,0.190287562357318,0.3411939845605239,4.0,4.0,0.18016035015589815,-1557100000.0,1819000000.0,0.0,True,-0.012371134020618513,0.895665693564398,0.015804002681968132,,NMS,USD,490.24,21026732032.0,255065499.0,87.0,93.2,82.1,100,80,51.4,83.4,26,2026-09-04
YOU,"Clear Secure, Inc.",Technology,Software - Application,United States,6054790656.0,4,"2022,2023,2024,2025",0.24900176351569692,1.2920265628104648,0.8561448456682458,0.34616137679652903,4.0,4.0,0.2722386124667089,-587850000.0,221102000.0,0.0,True,0.1909337695146427,0.6334796236169156,0.007681547842958312,,NYQ,USD,44.59,6054790656.0,70120763.0,97.3,93.5,90.6,100,0,78.7,83.4,27,2026-09-04
NVDA,NVIDIA Corporation,Technology,Semiconductors,United States,5516382175232.0,4,"2023,2024,2025,2026",0.5583979091289366,0.6194753994541207,0.7256643629683701,0.37468178785940054,4.0,4.0,1.0004509499443963,-51516000000.0,144552000000.0,0.0,True,-0.02217790187475066,0.6892581229928632,0.0706490250258461,,NMS,USD,228.45,5516382175232.0,31283844081.0,100.0,95.1,98.5,100,80,10.3,83.3,28,2026-09-04
DLO,DLocal Limited,Technology,Software - Infrastructure,Uruguay,4643566592.0,4,"2022,2023,2024,2025",0.2814368336489831,0.027876610518437317,0.30036894716067297,0.2585893574039911,3.0,4.0,0.37691042101675043,-457816000.0,255168000.0,0.0,True,-0.036392342962356716,0.41789974027394056,0.04251463297771149,,NMS,USD,15.78,4643566592.0,40977173.0,99.5,89.0,95.4,100,80,18.9,82.8,29,2026-09-04
NVO,Novo Nordisk A/S,Healthcare,Drug Manufacturers - General,Denmark,210043125760.0,4,"2022,2023,2024,2025",0.4879637383537988,-0.19887972116928182,0.3341470782693335,0.249384034735812,4.0,4.0,0.2042851902310494,95922000000.0,156729000000.0,0.6120245774553529,False,-0.02132200853760502,0.8354311721284565,0.015089916643522928,,NYQ,USD,47.51,210043125760.0,575215875.0,93.7,88.1,85.1,85,80,53.3,82.6,30,2026-09-04
LAUR,"Laureate Education, Inc.",Consumer Defensive,Education & Training Services,United States,4952089600.0,4,"2022,2023,2024,2025",0.22819559922180535,0.01569005631614867,0.2211690767646288,0.12230627943465118,4.0,4.0,0.11064461576291684,368768000.0,522359000.0,0.7059665861983808,False,-0.11645870469399877,0.271656812295601,0.006862477075018394,,NMS,USD,35.95,4952089600.0,41792414.0,95.9,65.4,68.7,85,100,81.9,82.4,31,2026-09-04
GOOGL,Alphabet Inc.,Communication Services,Internet Content & Information,United States,4188508258304.0,4,"2022,2023,2024,2025",0.2653133370038314,0.06335200223938584,0.287466726719964,0.20700307795125886,4.0,4.0,0.12511745609215974,15839000000.0,180698000000.0,0.08765453961859013,False,-0.07059806976214,0.5746431024500567,0.016109221022760956,,NMS,USD,342.48,4188508258304.0,10440532938.0,98.4,83.2,71.4,85,100,50.7,82.3,32,2026-09-04
AMAT,"Applied Materials, Inc.",Technology,Semiconductor Equipment & Materials,United States,345937051648.0,4,"2022,2023,2024,2025",0.3158237371383479,-0.11384379694319141,0.26706340378197996,0.23540164171481867,4.0,4.0,0.032334704568867556,-1523000000.0,9975000000.0,0.0,True,-0.07867730900798175,0.47336382876403266,0.008497080197395146,,NMS,USD,435.91,345937051648.0,4125788327.0,91.3,86.8,38.0,100,100,75.3,82.2,33,2026-09-04
IT,"Gartner, Inc.",Technology,Information Technology Services,United States,12343099392.0,4,"2022,2023,2024,2025",0.3148956256226707,-0.08774149724281904,0.24937331103695137,0.19029604907893727,4.0,4.0,0.05866587905959064,1259153000.0,1293704000.0,0.9732929634599569,False,-0.06737636769585653,0.6824065565876353,0.005454827455397097,,NYQ,USD,195.46,12343099392.0,277016271.0,91.1,80.4,50.8,85,100,86.4,82.2,34,2026-09-04
ROL,"Rollins, Inc.",Consumer Cyclical,Personal Services,United States,17181702144.0,4,"2022,2023,2024,2025",0.2778330776584062,-0.0042405877029531025,0.276109269909397,0.16671049697388268,4.0,4.0,0.1173929088277419,509826000.0,854228000.0,0.5968266083528051,False,-0.01678672171530804,0.5227016141156114,0.0051612342158377416,,NYQ,USD,35.71,17181702144.0,183463517.0,89.3,76.4,70.2,85,80,87.4,82.0,35,2026-09-04
IDXX,"IDEXX Laboratories, Inc.",Healthcare,Diagnostics & Research,United States,41698058240.0,4,"2022,2023,2024,2025",0.3848425672790778,0.08126753347860727,0.44449042482940787,0.19311134354139906,4.0,4.0,0.08522326458275908,667767000.0,1508224000.0,0.4427505463379445,False,-0.042257683215130015,0.6054437583715123,0.009193985690011551,,NMS,USD,529.29,41698058240.0,327920561.0,100.0,80.9,60.4,85,80,72.9,81.9,36,2026-09-04
GNTX,Gentex Corporation,Consumer Cyclical,Auto Parts,United States,4812007424.0,4,"2022,2023,2024,2025",0.16535429244029198,0.008206326676615666,0.16259997030328213,0.1468199622812694,4.0,4.0,0.09714090848029033,-147236356.0,589622256.0,0.0,True,-0.07053385256103706,0.33119953651302864,0.00867900339462636,,NMS,USD,22.84,4812007424.0,59891596.0,86.9,71.7,63.7,100,100,74.7,81.8,37,2026-09-04
CPRT,"Copart, Inc.",Industrials,Specialty Business Services,United States,31088750592.0,4,"2022,2023,2024,2025",0.18895754687642913,-0.09067838623525815,0.15088825064631856,0.2376415527639936,4.0,4.0,0.0989943984010011,-4685331000.0,1914498000.0,0.0,True,0.013434528573383453,0.4524207373642819,0.0038276530298289708,,NMS,USD,33.58,31088750592.0,400440896.0,81.1,87.3,64.3,100,55,92.1,81.7,38,2026-09-04
GRMN,Garmin Ltd.,Technology,Scientific & Technical Instruments,Switzerland,53454868480.0,4,"2022,2023,2024,2025",0.15879004802830757,0.021952986676253644,0.17270857872955828,0.1807487259216477,4.0,4.0,0.14235886942453901,-2573013000.0,2064835000.0,0.0,True,0.002973446193056395,0.5816819294197542,0.005644833437954937,,NYQ,USD,277.18,53454868480.0,258786612.0,84.6,78.8,75.5,100,55,85.7,81.6,39,2026-09-04
MPWR,"Monolithic Power Systems, Inc.",Technology,Semiconductors,United States,59642404864.0,4,"2022,2023,2024,2025",0.1933963353823596,-0.0959679251933703,0.16732954778101186,0.2359997839791968,4.0,4.0,0.1586149467868072,-1236573000.0,781149000.0,0.0,True,-0.001013275983291262,0.562524124142393,0.013096736024985215,,NMS,USD,1213.65,59642404864.0,1123483087.0,81.5,87.0,79.0,100,80,60.2,81.6,40,2026-09-04
VRTX,Vertex Pharmaceuticals Incorporated,Healthcare,Biotechnology,United States,141421068288.0,4,"2022,2023,2024,2025",0.16889567949512796,-0.029502679899185952,0.21239515445359963,0.23728187633367898,3.0,4.0,0.10352183400647985,-4577600000.0,4866300000.0,0.0,True,-0.004245465071401,0.8686665962557294,0.0073403727741200575,,NMS,USD,557.96,141421068288.0,838068195.0,77.7,87.1,65.6,100,80,79.6,81.6,41,2026-09-04
DECK,Deckers Outdoor Corporation,Consumer Cyclical,Footwear & Accessories,United States,11507366912.0,4,"2023,2024,2025,2026",0.36287251420486444,0.11621165153074547,0.41041942553281713,0.18467274925305133,4.0,4.0,0.1469097911350663,-1532055000.0,1404659000.0,0.0,True,-0.08937895026106069,0.5538544137320767,0.030530483804718695,,NYQ,USD,84.5,11507366912.0,197997780.0,100.0,79.5,76.6,100,100,27.3,81.5,42,2026-09-04
CORT,Corcept Therapeutics Incorporated,Healthcare,Biotechnology,United States,12193500160.0,4,"2022,2023,2024,2025",0.15179069925333158,-0.14127474593384778,0.05463006614644839,0.2593675003684885,4.0,4.0,0.23741321251884795,-366045000.0,,0.0,True,0.03467395615956392,0.9850000414302681,0.0016153767611480421,,NCM,USD,112.8,12193500160.0,122617774.0,72.9,89.2,88.0,100,25,98.6,81.5,43,2026-09-04
NBIX,"Neurocrine Biosciences, Inc.",Healthcare,Drug Manufacturers - Specialty & Generic,United States,16096148480.0,4,"2022,2023,2024,2025",0.1295646559588088,0.03694205028142672,0.13275107435984138,0.2267069280651807,4.0,4.0,0.24321122073118917,-1065100000.0,666600000.0,0.0,True,0.03640040444893833,0.9826823087711967,0.0025471784519178883,,NMS,USD,158.35,16096148480.0,196045693.0,75.6,86.1,88.4,100,25,96.7,81.4,44,2026-09-04
ADP,"Automatic Data Processing, Inc.",Technology,Software - Application,United States,112635904000.0,4,"2023,2024,2025,2026",0.45498246588685554,-0.12155978069380163,0.43357204245450326,0.20507371941870547,4.0,4.0,0.06808407405467554,734000000.0,6775500000.0,0.10833148845103682,False,-0.016839066634592226,0.45656407304497,0.006324076968419431,,NMS,USD,283.53,112635904000.0,706740771.0,93.5,82.6,54.3,85,80,83.4,81.3,45,2026-09-04
APP,AppLovin Corporation,Communication Services,Advertising Agencies,United States,105343909888.0,4,"2022,2023,2024,2025",0.30222168799279114,0.6458581840194489,0.6397326837598877,0.5126158939017713,4.0,4.0,0.2483811324958407,1025891000.0,4354704000.0,0.23558225771487568,False,-0.07965704830279374,0.7694145321176347,0.12690853055357565,,NMS,USD,313.58,105343909888.0,1892699579.0,100.0,97.7,88.8,85,100,3.9,81.2,46,2026-09-04
MCRI,"Monarch Casino & Resort, Inc.",Consumer Cyclical,Resorts & Casinos,United States,2161276672.0,4,"2022,2023,2024,2025",0.16292755445695412,0.021882937959621124,0.18576372682128442,0.21786040902171838,4.0,4.0,0.044869641224880796,-83170000.0,181517000.0,0.0,True,-0.04688936561446522,0.5420475874240103,0.0054284498897439635,,NMS,USD,120.59,2161276672.0,19649899.0,86.0,84.9,44.5,100,80,86.7,81.2,47,2026-09-04
JNJ,Johnson & Johnson,Healthcare,Drug Manufacturers - General,United States,670988042240.0,4,"2022,2023,2024,2025",0.1586630854244638,0.07053549724268568,0.21318711258370213,0.20798932253409347,4.0,4.0,0.05599284954178807,28224000000.0,41055000000.0,0.6874680306905371,False,-0.08802882991103267,0.6875521980000945,0.005287668723692683,,NYQ,USD,278.43,670988042240.0,2194368641.0,84.5,83.6,49.6,85,100,87.1,81.1,48,2026-09-04
CDNS,"Cadence Design Systems, Inc.",Technology,Software - Application,United States,83960438784.0,4,"2022,2023,2024,2025",0.20456004764631502,-0.09815475863467585,0.1501732497679566,0.2897747978110296,4.0,4.0,0.14143248241855333,-539091000.0,1872428000.0,0.0,True,-0.006177934700793752,0.8783569729824356,0.016344135490349916,,NMS,USD,304.875,83960438784.0,712741348.0,82.9,91.4,75.4,100,80,50.2,80.9,49,2026-09-04
CVLT,"Commvault Systems, Inc.",Technology,Software - Application,United States,5682878464.0,4,"2023,2024,2025,2026",0.123401001364534,0.14602483130909633,0.08281566194671737,0.2139366368833511,4.0,4.0,0.1469163309501338,17514000.0,106267000.0,0.16481127725446282,False,-0.00022389396381872206,0.8196137756923773,0.005637638249231212,,NMS,USD,137.12,5682878464.0,99956915.0,74.0,84.6,76.7,85,80,85.8,80.5,50,2026-09-04
FN,Fabrinet,Technology,Electronic Components,Cayman Islands,14154771456.0,4,"2023,2024,2025,2026",0.17462553439656253,0.02440177735194851,0.1927377763362909,0.06116793010707775,4.0,4.0,0.20610565081956,-871042000.0,623568000.0,0.0,True,-0.016361416361416414,0.1228610553521363,0.0027940105484492756,,NYQ,USD,395.0,14154771456.0,389869740.0,88.4,41.5,85.2,100,80,95.6,80.5,51,2026-09-04
FAST,Fastenal Company,Industrials,Industrial Distribution,United States,56491307008.0,4,"2022,2023,2024,2025",0.30774088587532156,0.015003009723408178,0.3103062478493831,0.13374528560181437,4.0,4.0,0.05515402516123835,165100000.0,1840400000.0,0.0897087589654423,False,-0.0007817929117442945,0.4545542042271547,0.0043379989053827514,,NMS,USD,49.23,56491307008.0,380619087.0,100.0,68.3,49.4,85,80,90.3,80.4,52,2026-09-04
ACN,Accenture plc,Technology,Information Technology Services,Ireland,118178250752.0,4,"2022,2023,2024,2025",0.2758065780423542,-0.09376055783903373,0.22747966396338506,0.14309613283033126,4.0,4.0,0.04193654176414818,-3301808000.0,11867333000.0,0.0,True,-0.016184565763112668,0.32211489090120526,0.00279889155699826,,NYQ,USD,193.12,118178250752.0,1622186757.0,89.1,70.6,42.9,100,80,95.5,80.2,53,2026-09-04
MNST,Monster Beverage Corporation,Consumer Defensive,Beverages - Non-Alcoholic,United States,86355009536.0,4,"2022,2023,2024,2025",0.20356909524734995,0.053970273913632905,0.22497206374062467,0.19130273431752337,4.0,4.0,0.09536818669323455,-2765201000.0,2533795000.0,0.0,True,-0.0768827559304679,0.533317194415407,0.020028568467399054,,NMS,USD,44.08,86355009536.0,497221078.0,92.8,80.7,63.0,100,100,42.0,80.1,54,2026-09-04
LUG.TO,Lundin Gold Inc.,Basic Materials,Gold,Canada,24563226624.0,4,"2022,2023,2024,2025",0.34116255408367513,0.45686737065675564,0.5807009747729137,0.5401781607287603,4.0,4.0,0.2978010551488157,-630181000.0,1258673000.0,0.0,True,0.024526862070707756,0.5532216606411046,0.09282338163580452,,TOR,CAD,101.58,17811830385.0,44528611.0,100.0,98.2,92.5,100,55,7.4,80.1,55,2026-09-04
BMI,"Badger Meter, Inc.",Technology,Scientific & Technical Instruments,United States,3942791168.0,4,"2022,2023,2024,2025",0.1778994903546428,0.04355475767613007,0.19311696299141728,0.1579927999593383,4.0,4.0,0.17464948058562912,-226016000.0,218005000.0,0.0,True,0.0065842351924663145,0.39922396333419524,0.010676143462872397,,NYQ,USD,136.02,3942791168.0,61622229.0,89.2,74.3,81.3,100,55,68.2,80.1,56,2026-09-04
ORLY,"O'Reilly Automotive, Inc.",Consumer Cyclical,Auto Parts,United States,70686990336.0,4,"2022,2023,2024,2025",0.620466852180914,-0.17495111441347144,0.5179560428829866,0.12962260406698867,4.0,4.0,0.07260598606028323,5823111000.0,3986465000.0,1.4607204628662236,False,-0.12162084500682446,0.5131851402641938,0.0015940236645966006,,NMS,USD,87.38,70686990336.0,647952147.0,94.3,67.3,55.6,65,100,98.6,79.9,57,2026-09-04
TSM,Taiwan Semiconductor Manufacturing Company Limited,Technology,Semiconductors,Taiwan,2162811600896.0,4,"2022,2023,2024,2025",0.23826583374873564,0.00018162256561815582,0.2669674971563988,0.23019160429645258,4.0,4.0,0.18937972542772896,-2063485400000.0,2742121500000.0,0.0,True,5.2720505345549284e-05,0.5748311349402002,0.023301124724520696,,NYQ,USD,417.01,2162811600896.0,5498076685.0,96.5,86.6,83.2,100,55,36.3,79.9,58,2026-09-04
ABEV,Ambev S.A.,Consumer Defensive,Beverages - Brewers,Brazil,46876794880.0,4,"2022,2023,2024,2025",0.18367260995198545,0.06964563390716755,0.20636922467288535,0.218837598441543,4.0,4.0,0.03448415778904379,-16933000000.0,28974500000.0,0.0,True,-0.010392085105308979,0.5066953863629248,0.00838209848274091,,NYQ,USD,3.04,46876794880.0,87227346.0,90.3,85.1,39.0,100,80,75.8,79.8,59,2026-09-04
RYAAY,Ryanair Holdings plc,Industrials,Airlines,Ireland,28354738176.0,4,"2023,2024,2025,2026",0.1769249353824585,0.047986664063321416,0.19283776205450734,0.12248145957633338,4.0,4.0,0.12992237786800964,-2054300000.0,3834500000.0,0.0,True,-0.06598806598806595,0.2109940149383619,0.01413685379405421,,NMS,USD,54.7,28354738176.0,71144570.0,89.1,65.5,72.7,100,100,56.1,79.7,60,2026-09-04
RMBS,Rambus Inc.,Technology,Semiconductors,United States,9147651072.0,4,"2022,2023,2024,2025",0.11721770969436288,0.1756071809955668,0.16965373179178042,0.4164302389427934,4.0,4.0,0.15877065457466877,-736850000.0,325318000.0,0.0,True,-0.0021649371528792427,0.7843186005927771,0.015517453064919366,,NMS,USD,84.34,9147651072.0,245885511.0,71.1,96.1,79.1,100,80,52.0,79.7,61,2026-09-04
FFIV,"F5, Inc.",Technology,Software - Infrastructure,United States,22206349312.0,4,"2022,2023,2024,2025",0.16022247725018066,0.06672019365590268,0.18882468536321975,0.23220765559306258,4.0,4.0,0.04631913174341684,-1082482000.0,883832000.0,0.0,True,-0.039494574201679344,0.8012593334474309,0.008890646569414691,,NMS,USD,392.15,22206349312.0,237865641.0,85.0,86.6,45.2,100,80,73.9,79.5,62,2026-09-04
NOW,"ServiceNow, Inc.",Technology,Software - Application,United States,150519971840.0,4,"2022,2023,2024,2025",0.09066352624470042,0.07777653780940713,0.12213988239363542,0.3124172843731414,4.0,4.0,0.22376517864742618,-3881000000.0,3022000000.0,0.0,True,0.026470588235294024,0.7839702605927479,0.005922915696491979,,NYQ,USD,145.59,150519971840.0,3282651652.0,58.6,92.3,86.9,100,55,85.0,79.4,63,2026-09-04
JKHY,"Jack Henry & Associates, Inc.",Technology,Information Technology Services,United States,11804859392.0,4,"2022,2023,2024,2025",0.21503709337524,-0.02586665983699224,0.21769210517112567,0.14237118535369664,4.0,4.0,0.06927595521734675,-101953000.0,801225000.0,0.0,True,-0.006001143074871429,0.4182409630572363,0.005637987793200196,,NMS,USD,168.37,11804859392.0,214242406.0,84.5,70.5,54.6,100,80,85.8,79.3,64,2026-09-04
EXLS,"ExlService Holdings, Inc.",Technology,Information Technology Services,United States,5658178560.0,4,"2022,2023,2024,2025",0.18122956263797846,0.07136731284577219,0.21888198989022561,0.11168593793300069,4.0,4.0,0.13921360876866395,152272000.0,416550000.0,0.3655551554435242,False,-0.03953261256815588,0.3743366308205909,0.0066986216021095975,,NMS,USD,37.32,5658178560.0,95696541.0,90.0,62.1,74.8,85,80,82.4,79.3,65,2026-09-04
RMD,ResMed Inc.,Healthcare,Medical Instruments & Supplies,United States,33061185536.0,4,"2022,2023,2024,2025",0.19219901932118225,0.02434248860774743,0.21206239957469322,0.1955832270988716,4.0,4.0,0.12879187738214926,-357637000.0,1921174000.0,0.0,True,0.003447971001679706,0.570979131367434,0.013521451121818517,,NYQ,USD,229.19,33061185536.0,340512625.0,91.4,81.2,72.4,100,55,58.5,79.2,66,2026-09-04
ISRG,"Intuitive Surgical, Inc.",Healthcare,Medical Instruments & Supplies,United States,132501962752.0,4,"2022,2023,2024,2025",0.1278208756282499,0.024058740345277024,0.14360634537701975,0.16570568980125516,4.0,4.0,0.17386716793068868,-5934900000.0,3622600000.0,0.0,True,0.001933701657458542,0.6681944440064957,0.00642889501710804,,NMS,USD,369.83,132501962752.0,1115368818.0,75.0,76.3,81.2,100,55,83.1,79.2,67,2026-09-04
DSGX,The Descartes Systems Group Inc.,Technology,Software - Application,Canada,6919534080.0,4,"2023,2024,2025,2026",0.09831619687796611,0.0083071252316788,0.10155893464252536,0.3549947526503399,4.0,4.0,0.1446990636795522,-348163000.0,305188000.0,0.0,True,0.013047853697470302,0.7631715462897345,0.005881110460070603,,NMS,USD,80.75,6919534080.0,44501567.0,62.3,94.1,76.1,100,55,85.1,79.1,68,2026-09-04
REGN,"Regeneron Pharmaceuticals, Inc.",Healthcare,Biotechnology,United States,86839443456.0,4,"2022,2023,2024,2025",0.15027350872582876,-0.041556006066834184,0.13664976864163067,0.267610846252193,4.0,4.0,0.05620358857997587,-5899300000.0,5818200000.0,0.0,True,-0.043171806167400906,0.8620434780865882,0.006493469634109272,,NMS,USD,843.47,86839443456.0,724416740.0,72.5,90.2,49.7,100,80,82.8,79.0,69,2026-09-04
WING,Wingstop Inc.,Consumer Cyclical,Restaurants,United States,3004307968.0,4,"2022,2023,2024,2025",0.30039613598833864,0.21066241546200942,0.4246023201900358,0.1605713866894002,4.0,4.0,0.24914601228144218,1012522000.0,298041000.0,3.3972574243141045,False,-0.0630444214531255,0.48260014839244714,0.003221159982877483,,NMS,USD,110.28,3004307968.0,132162860.0,100.0,75.2,88.8,10,100,94.2,79.0,70,2026-09-04
ZTS,Zoetis Inc.,Healthcare,Drug Manufacturers - Specialty & Generic,United States,31524829184.0,4,"2022,2023,2024,2025",0.2177612034122277,0.04467239711298132,0.2304430615048897,0.2108143914259232,4.0,4.0,0.054225876815096274,6732000000.0,4069000000.0,1.654460555419022,False,-0.05647321428571428,0.7052948537440906,0.008350212279906203,,NYQ,USD,76.29,31524829184.0,486150015.0,94.5,84.0,48.8,65,100,76.0,78.9,71,2026-09-04
AGX,"Argan, Inc.",Industrials,Engineering & Construction,United States,5777068032.0,4,"2023,2024,2025,2026",0.1593166607726676,0.13810234258066012,0.25001721534541016,0.18616255982060742,3.0,4.0,0.2756563885918484,-892465000.0,140874000.0,0.0,True,-0.0020457110609480855,0.17427367303217445,0.02481739696891364,,NYQ,USD,411.77,5777068032.0,144406915.0,84.6,79.7,91.2,100,80,34.1,78.9,72,2026-09-04
LULU,lululemon athletica inc.,Consumer Cyclical,Apparel Retail,Canada,13827460096.0,4,"2023,2024,2025,2026",0.36128750374944807,-0.03715441248926754,0.314235555876449,0.11098053526023474,4.0,4.0,0.11034694078962404,-8761000.0,2706843000.0,0.0,True,-0.06990477827163577,0.5738218631764422,0.01487269523157785,,NMS,USD,121.77,13827460096.0,423359098.0,92.3,62.0,68.5,100,100,54.0,78.8,73,2026-09-04
DPM.TO,DPM Metals Inc.,Basic Materials,Gold,Canada,13530658816.0,4,"2022,2023,2024,2025",0.15451916613226904,0.025097435376572566,0.14454777320561996,0.44957150444228755,4.0,4.0,0.29913650231588074,-485375000.0,532317000.0,0.0,True,-0.02851303441821973,0.5481217618950172,0.0664286447718384,,TOR,CAD,61.68,9811650705.0,37489305.0,83.3,96.9,92.6,100,80,11.1,78.8,74,2026-09-04
MCD,McDonald's Corporation,Consumer Cyclical,Restaurants,United States,183724982272.0,4,"2022,2023,2024,2025",0.26084556325335084,0.01848480558711363,0.2568200619909384,0.2614987494238239,4.0,4.0,0.050637859467043134,39199000000.0,14678000000.0,2.6705954489712496,False,-0.033589639821934414,0.5706371791804175,0.00238736121453291,,NYQ,USD,259.63,183724982272.0,1193164975.0,97.9,89.4,46.9,45,80,96.9,78.7,75,2026-09-04
AAPL,Apple Inc.,Technology,Consumer Electronics,United States,4789955985408.0,4,"2022,2023,2024,2025",0.5930319771235371,0.06519723780068032,0.6513962526828703,0.26450369369976395,4.0,4.0,0.01812535743479393,62723000000.0,144748000000.0,0.43332550363390165,False,-0.08092224959740146,0.4513806851524051,0.014680738352528358,,NMS,USD,328.21,4789955985408.0,17948205204.0,100.0,89.8,32.2,85,100,54.6,78.7,76,2026-09-04
INTU,Intuit Inc.,Technology,Software - Application,United States,94178779136.0,4,"2022,2023,2024,2025",0.1223317078514436,0.06706220824909084,0.15834170976910797,0.3070722592717883,4.0,4.0,0.1395336514824015,3089000000.0,5890000000.0,0.5244482173174873,False,-0.0035211267605633756,0.7937679614112585,0.011156391432383094,,NMS,USD,344.3,94178779136.0,1599303798.0,73.4,92.1,75.0,85,80,66.6,78.7,77,2026-09-04
RACE,Ferrari N.V.,Consumer Cyclical,Auto Manufacturers,Italy,73457393664.0,4,"2022,2023,2024,2025",0.22264226431216244,0.06653569818270583,0.24610540860942717,0.14917292065300147,4.0,4.0,0.11933742456699536,1254362000.0,2766740000.0,0.45337183833681516,False,-0.031902987642050906,0.4991026556328448,0.013027659023201901,,NYQ,USD,417.93,73457393664.0,201401721.0,95.4,72.1,70.5,85,80,60.4,78.7,78,2026-09-04
CTAS,Cintas Corporation,Industrials,Specialty Business Services,United States,80454090752.0,4,"2023,2024,2025,2026",0.2527398885696763,0.04916369704380327,0.2753809430810945,0.16304171318754898,4.0,4.0,0.08514371661641951,2139055000.0,3124465000.0,0.6846148060547966,False,-0.017680431817522324,0.4922067722302567,0.0127047316868645,,NMS,USD,201.05,80454090752.0,442925615.0,97.5,75.7,60.3,85,80,61.5,78.6,79,2026-09-04
CRUS,"Cirrus Logic, Inc.",Technology,Semiconductors,United States,5669799424.0,4,"2023,2024,2025,2026",0.1559685793650794,0.08810745403361352,0.19509292333256267,0.22784364142580105,4.0,4.0,0.017225657139027017,-753650000.0,549932000.0,0.0,True,-0.07695802607206514,0.517372024922115,0.009617745997187831,,NMS,USD,113.13,5669799424.0,80866682.0,83.6,86.2,31.7,100,100,71.1,78.6,80,2026-09-04
GDDY,GoDaddy Inc.,Technology,Software - Infrastructure,United States,13124501504.0,4,"2022,2023,2024,2025",0.16875905281075737,0.10923374897576646,0.2514686889923412,0.2617007139852854,4.0,4.0,0.06564722266304868,2699400000.0,1287600000.0,2.0964585274930103,False,-0.12904983989545205,0.6355403397660954,0.00327840293855302,,NYQ,USD,103.63,13124501504.0,225940447.0,87.6,89.5,53.2,45,100,93.8,78.6,81,2026-09-04
FIX,"Comfort Systems USA, Inc.",Industrials,Engineering & Construction,United States,55613722624.0,4,"2022,2023,2024,2025",0.2749121203781887,0.24060841700903568,0.39654714494988436,0.0960268666952453,4.0,4.0,0.30025058911956903,-498540000.0,1442393000.0,0.0,True,-0.017560894412694927,0.20517677685521057,0.023605230284551287,,NYQ,USD,1580.19,55613722624.0,767469840.0,99.1,56.7,92.8,100,80,35.9,78.4,82,2026-09-04
MLI,"Mueller Industries, Inc.",Industrials,Metal Fabrication,United States,13925579776.0,4,"2022,2023,2024,2025",0.27301150855143214,-0.12598439506800815,0.23835877981262107,0.16691509892613715,4.0,4.0,0.016150740768837712,-1362246000.0,1081031000.0,0.0,True,-0.01430465918132795,0.2841104991915747,0.005406621254779143,,NYQ,USD,62.96,13925579776.0,91262094.0,88.9,76.4,31.4,100,80,86.8,78.3,83,2026-09-04
TTD,"The Trade Desk, Inc.",Communication Services,Advertising Agencies,United States,7090492416.0,4,"2022,2023,2024,2025",0.09405531912177914,0.11719643551332426,0.15964195370213466,0.2744296400335627,4.0,4.0,0.2244193656887754,-866727000.0,705105000.0,0.0,True,-0.012749912486873072,0.8067887232456533,0.01300388747029126,,NGM,USD,15.09,7090492416.0,329332852.0,59.6,90.6,87.0,100,80,60.7,78.2,84,2026-09-04
CW,Curtiss-Wright Corporation,Industrials,Aerospace & Defense,United States,21005355008.0,4,"2022,2023,2024,2025",0.12324239361568126,0.04623856907013375,0.14834100768217748,0.13880967724620444,4.0,4.0,0.1101380918895083,586539000.0,787975000.0,0.7443624480472096,False,-0.026339620688762944,0.37250290633783334,0.00199538392722234,,NYQ,USD,568.72,21005355008.0,178563862.0,73.9,68.7,68.4,85,80,97.8,77.9,85,2026-09-04
MTD,Mettler-Toledo International Inc.,Healthcare,Diagnostics & Research,Switzerland,27174182912.0,4,"2022,2023,2024,2025",0.45379272861801834,-0.01478745522834024,0.43520264444669954,0.21235022642658893,4.0,4.0,0.008991856613079108,2085284000.0,1243034000.0,1.6775759955077656,False,-0.09008521327969665,0.5936911604600186,0.00433146864544641,,NYQ,USD,1356.23,27174182912.0,259412893.0,93.5,84.2,29.0,65,100,90.4,77.9,86,2026-09-04
PAYX,"Paychex, Inc.",Technology,Software - Application,United States,44488810496.0,4,"2023,2024,2025,2026",0.29218429071311597,-0.13120607996148673,0.23715081049787726,0.32610891331236636,4.0,4.0,0.09154767502845429,3467900000.0,3023000000.0,1.1471716837578565,False,-0.006348330113165934,0.7239855327949166,0.011993167173334244,,NMS,USD,125.08,44488810496.0,389129634.0,90.1,92.7,61.9,65,80,63.6,77.7,87,2026-09-04
NICE,NICE Ltd.,Technology,Software - Application,Israel,6346661376.0,4,"2022,2023,2024,2025",0.10619850982511997,0.08549401797880765,0.1580008683027699,0.21562486393484687,4.0,4.0,0.1052910246718608,-328597000.0,903061000.0,0.0,True,-0.04727300082750319,0.6737716539719767,0.008745272544039433,,NMS,USD,108.31,6346661376.0,64723565.0,66.1,84.7,66.3,100,80,74.4,77.6,88,2026-09-04
UI,Ubiquiti Inc.,Technology,Communication Equipment,United States,36072493056.0,4,"2023,2024,2025,2026",0.6154752477268736,0.19404784814514703,0.6683433968919199,0.17756819559887999,3.0,4.0,0.19049600860426397,-531238000.0,1204386000.0,0.0,True,0.001968536500636775,0.417858918006017,0.03171101070954769,,NYQ,USD,595.96,36072493056.0,74274495.0,100.0,78.2,83.4,100,55,26.1,77.6,89,2026-09-04
PDD,PDD Holdings Inc.,Consumer Cyclical,Internet Retail,Ireland,116191854592.0,4,"2022,2023,2024,2025",0.2845521628401404,-0.0017929384378340685,0.2363584270065082,0.32416899925687076,4.0,4.0,0.489963045630756,-416929474000.0,122446654000.0,0.0,True,0.02920959902910658,0.6401635169840976,0.07276511784512182,,NMS,USD,81.63,116191854592.0,581985166.0,89.6,92.5,96.9,100,55,10.0,77.4,90,2026-09-04
MCK,McKesson Corporation,Healthcare,Medical Distribution,United States,107424022528.0,4,"2023,2024,2025,2026",1.0553588054618925,0.16654354369377788,1.2173302710151586,0.014083056581952861,4.0,4.0,0.13391523079521161,2551000000.0,7177000000.0,0.3554409920579629,False,-0.12728551336146277,0.039838336602772,0.0034561782925222866,,NYQ,USD,921.38,107424022528.0,951343278.0,100.0,22.3,73.6,85,100,93.2,77.2,91,2026-09-04
GWW,"W.W. Grainger, Inc.",Industrials,Industrial Distribution,United States,61836001280.0,4,"2022,2023,2024,2025",0.33804768578298283,-0.05362728605490963,0.3001714111503856,0.08315180326954873,4.0,4.0,0.056191483803869735,1903000000.0,2765000000.0,0.688245931283906,False,-0.0606653620352251,0.3906511648033324,0.004020771966781298,,NYQ,USD,1312.84,61836001280.0,390224623.0,91.7,51.9,49.6,85,100,91.5,77.2,92,2026-09-04
NVS,Novartis AG,Healthcare,Drug Manufacturers - General,Switzerland,309987573760.0,4,"2022,2023,2024,2025",0.14315702096639626,0.1090880655062293,0.1877734578443445,0.2656956270530006,4.0,4.0,0.09251661471463568,23843000000.0,22821000000.0,1.0447833136146532,False,-0.11015020482476101,0.7441245449014451,0.011243403844292829,,NYQ,USD,163.09,309987573760.0,314926464.0,80.6,89.9,62.1,65,100,66.4,77.1,93,2026-09-04
TER,"Teradyne, Inc.",Technology,Semiconductor Equipment & Materials,United States,52935413760.0,4,"2022,2023,2024,2025",0.21396387239876194,-0.09348583553073353,0.19368531640803377,0.14994164846232488,4.0,4.0,0.003681989032964239,-38759000.0,788087000.0,0.0,True,-0.05900408875063334,0.5832478356162226,0.006287725307358282,,NMS,USD,338.59,52935413760.0,1352036934.0,84.3,72.4,26.1,100,100,83.5,77.0,94,2026-09-04
EME,"EMCOR Group, Inc.",Industrials,Engineering & Construction,United States,32699551744.0,4,"2022,2023,2024,2025",0.2852878210804005,0.1616286407471745,0.3488631870621871,0.06682457756748807,4.0,4.0,0.15320031490276653,-643759000.0,1920064000.0,0.0,True,-0.09953863333489044,0.17348114453257868,0.01960819488442782,,NYQ,USD,741.32,32699551744.0,323661053.0,99.7,44.5,77.7,100,100,43.0,76.9,95,2026-09-04
DBX,"Dropbox, Inc.",Technology,Software - Infrastructure,United States,7762701824.0,4,"2022,2023,2024,2025",0.3363127557186822,0.28809024041516784,0.5526356095679013,0.33560016326674436,4.0,4.0,0.027360481370783507,1942700000.0,853600000.0,2.2758903467666354,False,-0.24910542251582712,0.8110841974849986,0.00877270509590455,,NMS,USD,35.7,7762701824.0,140656144.0,100.0,93.0,35.9,45,100,74.2,76.9,96,2026-09-04
RELX,RELX PLC,Industrials,Specialty Business Services,United Kingdom,63818039296.0,4,"2022,2023,2024,2025",0.20863919230402336,0.06792986953690364,0.2395435851510067,0.22800021162061085,4.0,4.0,0.038883172385113296,7039000000.0,3686000000.0,1.909658166033641,False,-0.048663432758798586,0.651502646368856,0.006966825855518203,,NYQ,USD,36.65,63818039296.0,92967380.0,93.5,86.3,41.4,65,80,81.4,76.8,97,2026-09-04
PGNY,"Progyny, Inc.",Healthcare,Healthcare Plans,United States,2041700224.0,4,"2022,2023,2024,2025",0.08829849471135233,0.05238411522408692,0.10129911596685554,0.14144590948171315,4.0,4.0,0.17870191307149574,-282370000.0,90225000.0,0.0,True,-0.10099655379409345,0.22133575121365157,0.008960282498765987,,NMS,USD,26.61,2041700224.0,32391235.0,57.6,70.0,81.9,100,100,73.8,76.8,98,2026-09-04
GIB,CGI Inc.,Technology,Information Technology Services,Canada,15497523200.0,4,"2022,2023,2024,2025",0.14103244041235835,-0.019717784802682964,0.12545190837243547,0.1260272264895989,4.0,4.0,0.07337881059932272,2773626000.0,2865333000.0,0.9679942959509418,False,-0.07155385111413348,0.16327629789622403,0.0011466250860850797,,NYQ,USD,74.84,15497523200.0,35024222.0,69.8,66.3,56.0,85,100,99.2,76.8,99,2026-09-04
MO,"Altria Group, Inc.",Consumer Defensive,Tobacco,United States,116030496768.0,4,"2022,2023,2024,2025",0.3944727683836613,0.05948080027584651,0.3520452077272932,0.42608771907717424,4.0,4.0,-0.008925128591255382,21235000000.0,10832000000.0,1.9603951255539143,False,-0.06707317073170727,0.702538694401562,0.012347780687051462,,NYQ,USD,69.49,116030496768.0,606053560.0,100.0,96.3,21.7,65,100,62.8,76.7,100,2026-09-04
NTAP,"NetApp, Inc.",Technology,Software - Infrastructure,United States,36412157952.0,4,"2023,2024,2025,2026",0.29748105985228634,0.10217985746522201,0.35445437832204274,0.21350369319596132,4.0,4.0,0.028668334111952687,417000000.0,1957000000.0,0.21308124680633622,False,-0.08636363636363631,0.6945453987176021,0.01915849820776799,,NMS,USD,185.38,36412157952.0,499021271.0,100.0,84.5,36.5,85,100,43.9,76.7,101,2026-09-04
TDC,Teradata Corporation,Technology,Software - Infrastructure,United States,2677470208.0,4,"2022,2023,2024,2025",0.17857585163591355,0.1220921712558039,0.2171847638483965,0.1869617138049446,4.0,4.0,-0.02513921933694352,64000000.0,294000000.0,0.21768707482993196,False,-0.08695652173913049,0.6021494925496,0.005438806237907313,,NYQ,USD,28.79,2677470208.0,87388043.0,89.4,79.8,17.2,85,100,86.6,76.6,102,2026-09-04
MELI,"MercadoLibre, Inc.",Consumer Cyclical,Internet Retail,Uruguay,100940374016.0,4,"2022,2023,2024,2025",0.14313971801561168,0.04693437319939585,0.13347707292391375,0.3124067870182116,4.0,4.0,0.38907157907432843,5393000000.0,3820000000.0,1.411780104712042,False,-0.012433880949837883,0.47264225286992,0.02166466887017769,,NMS,USD,1991.06,100940374016.0,875216217.0,80.5,92.3,95.7,65,80,38.9,76.5,103,2026-09-04
AWI,"Armstrong World Industries, Inc.",Industrials,Building Products & Equipment,United States,7220180480.0,4,"2022,2023,2024,2025",0.22110543883615125,0.06931699120527685,0.2555827042986079,0.12048823507519098,4.0,4.0,0.09541086295874956,294000000.0,553700000.0,0.5309734513274337,False,-0.06034482758620685,0.38915731752720367,0.016750187395371593,,NYQ,USD,170.84,7220180480.0,77462273.0,95.2,65.1,63.1,85,100,49.1,76.4,104,2026-09-04
CMG,"Chipotle Mexican Grill, Inc.",Consumer Cyclical,Restaurants,United States,47541751808.0,4,"2022,2023,2024,2025",0.43783417669783714,0.15423736355720802,0.5434433053913879,0.11914795232651045,4.0,4.0,0.11364082990765789,4031207000.0,2374190000.0,1.697929399079265,False,-0.04310740503171551,0.25531830755271323,0.010595430871427235,,NYQ,USD,37.57,47541751808.0,706309313.0,100.0,64.7,69.3,65,80,68.5,76.4,105,2026-09-04
TPL,Texas Pacific Land Corporation,Energy,Oil & Gas E&P,United States,25279219712.0,4,"2022,2023,2024,2025",0.41002442310707843,-0.24067095684305495,0.33044874758980525,0.3426376510974764,4.0,4.0,0.061455817167499704,-128634000.0,673552000.0,0.0,True,-0.0073882590687393,0.9069713882933571,0.0353567285062763,,NYQ,USD,366.5,25279219712.0,139525817.0,93.0,93.3,51.5,100,80,23.4,76.2,106,2026-09-04
LOGI,Logitech International S.A.,Technology,Computer Hardware,Switzerland,14563685376.0,4,"2023,2024,2025,2026",0.2545234030125002,0.13352813363698432,0.3053035506110625,0.18122678804989126,4.0,4.0,0.0217005429299717,-1653391000.0,862508000.0,0.0,True,-0.09465865220153447,0.41384762643227146,0.02148017935851654,,NMS,USD,101.71,14563685376.0,102351180.0,97.7,78.9,34.0,100,100,39.1,76.2,107,2026-09-04
CVSA,Covista Inc.,Consumer Defensive,Education & Training Services,United States,4344714752.0,4,"2023,2024,2025,2026",0.10960841721686537,0.06935958950822867,0.14121007949133135,0.1579824180193231,4.0,4.0,0.10435670857160284,256534000.0,467296000.0,0.548975381770869,False,-0.21677631578947365,0.5635497543272789,0.007940266301563801,,NYQ,USD,127.64,4344714752.0,45569905.0,68.1,74.3,65.8,85,100,77.7,76.2,108,2026-09-04
SNA,Snap-on Incorporated,Industrials,Tools & Accessories,United States,19873044480.0,4,"2022,2023,2024,2025",0.16509711177098002,-0.018210496622189654,0.15157434402332362,0.18660776517726457,4.0,4.0,0.02113673668415572,-332600000.0,1484900000.0,0.0,True,-0.022140221402214055,0.5137834719906818,0.0054654954730281105,,NYQ,USD,384.19,19873044480.0,131506316.0,76.8,79.8,33.5,100,80,86.4,76.1,109,2026-09-04
ROST,"Ross Stores, Inc.",Consumer Cyclical,Apparel Retail,United States,74315350016.0,4,"2023,2024,2025,2026",0.26388190668882094,0.04889262615727982,0.28221426560687674,0.07896134414543532,4.0,4.0,0.06761774010986832,617946000.0,3389490000.0,0.18231238327890037,False,-0.060268464929813303,0.2706177633049063,0.009695617686046109,,NMS,USD,231.67,74315350016.0,658728161.0,98.3,50.2,54.1,85,100,70.9,76.1,110,2026-09-04
DXCM,"DexCom, Inc.",Healthcare,Medical Devices,United States,33853034496.0,4,"2022,2023,2024,2025",0.1385545062939348,0.12604887793036565,0.21318457949785546,0.1583696520943531,4.0,4.0,0.1701360960301399,323200000.0,1358500000.0,0.23790945896209054,False,-0.05146198830409354,0.6211549328892518,0.019187430667877377,,NMS,USD,89.71,33853034496.0,438826692.0,78.8,74.5,80.4,85,100,43.8,76.0,111,2026-09-04
G,Genpact Limited,Technology,Information Technology Services,Bermuda,6398750208.0,4,"2022,2023,2024,2025",0.14075149712102186,0.026456478340559295,0.1486845549846983,0.10984118693937825,4.0,4.0,0.051360905759906705,688465000.0,898622000.0,0.7661341476171294,False,-0.06082600818641393,0.3543227467439418,0.0037982631152390966,,NYQ,USD,38.08,6398750208.0,93934678.0,79.6,61.5,47.2,85,100,92.2,75.9,112,2026-09-04
ACLS,"Axcelis Technologies, Inc.",Technology,Semiconductor Equipment & Materials,United States,3408389888.0,4,"2022,2023,2024,2025",0.2240050840361176,-0.16108744509924905,0.12075585907486104,0.14928466943146415,4.0,4.0,-0.03023469798240508,-331924000.0,161226000.0,0.0,True,-0.055870252221095984,0.441772086254406,0.00624315918401087,,NMS,USD,110.37,3408389888.0,56152062.0,85.6,72.3,15.9,100,100,83.8,75.8,113,2026-09-04
QCOM,QUALCOMM Incorporated,Technology,Semiconductors,United States,180042956800.0,4,"2022,2023,2024,2025",0.2941883376812943,-0.10997014108417058,0.2923155732015437,0.25138179662128224,4.0,4.0,0.0006330832838727929,9291000000.0,14929000000.0,0.6223457699778954,False,-0.028144239226033374,0.5629491114861486,0.009352555023061307,,NMS,USD,168.57,180042956800.0,2528891860.0,90.3,88.2,25.1,85,80,72.5,75.6,114,2026-09-04
TRI,Thomson Reuters Corporation,Industrials,Specialty Business Services,Canada,48417177600.0,4,"2022,2023,2024,2025",0.12191460652261599,0.002220699370958021,0.11876024944352696,0.2470927688763391,4.0,4.0,0.04100010673329524,1752000000.0,3047000000.0,0.5749917952084017,False,-0.038333024443254815,0.7606190108248967,0.006257749034187561,,NMS,USD,111.76,48417177600.0,229828517.0,73.1,87.8,42.3,85,80,83.7,75.5,115,2026-09-04
IPAR,"Interparfums, Inc.",Consumer Defensive,Household & Personal Products,United States,3651259136.0,4,"2022,2023,2024,2025",0.21281939651236959,0.0072957318902480695,0.2004407640994087,0.06237390821143922,3.0,4.0,0.11058940803263284,27337000.0,303882000.0,0.08995926050243186,False,0.004664009503266842,0.6376773409238562,0.0011326700409068913,,NMS,USD,114.01,3651259136.0,32605720.0,94.1,42.2,68.6,85,55,99.3,75.4,116,2026-09-04
EXPO,"Exponent, Inc.",Industrials,Engineering & Construction,United States,3330603264.0,4,"2022,2023,2024,2025",0.2503637313594367,-0.11900416115265713,0.22085874850963647,0.205661298615321,4.0,4.0,0.042772005008681724,-139096000.0,129870000.0,0.0,True,-0.019816373374139218,,,,NMS,USD,70.05,3330603264.0,37327333.0,87.3,82.8,43.4,100,80,50.0,75.4,117,2026-09-04
WAT,Waters Corporation,Healthcare,Diagnostics & Research,United States,40605741056.0,4,"2022,2023,2024,2025",0.23785741738821092,-0.18352803001044418,0.1767805135552388,0.16841010419281965,4.0,4.0,0.021229912681812513,819614000.0,1030663000.0,0.7952298666004309,False,-0.010359516666390456,0.5907159749927533,0.006263283192683361,,NYQ,USD,413.56,40605741056.0,351749322.0,86.5,76.6,33.7,85,80,83.6,75.3,118,2026-09-04
AOS,A. O. Smith Corporation,Industrials,Specialty Industrial Machinery,United States,8226546176.0,4,"2022,2023,2024,2025",0.22771426366996764,0.18851084950973246,0.2765277694982613,0.12682901853886697,4.0,4.0,0.006729784443180398,-1100000.0,813700000.0,0.0,True,-0.08899787519498781,0.3773190523180724,0.013579651621426199,,NYQ,USD,60.53,8226546176.0,102371968.0,95.9,66.5,28.1,100,100,58.2,75.2,119,2026-09-04
IDCC,"InterDigital, Inc.",Technology,Software - Application,United States,8668495872.0,4,"2022,2023,2024,2025",0.21902475827942602,0.19348779446160147,0.2799457820468236,0.4130978432646467,4.0,4.0,0.2213343967505661,-754952000.0,586925000.0,0.0,True,0.13085123831392487,0.8480970563233748,0.02952770841183076,,NMS,USD,335.91,8668495872.0,102724301.0,94.8,96.0,86.6,100,0,28.2,75.1,120,2026-09-04
SHOO,"Steven Madden, Ltd.",Consumer Cyclical,Footwear & Accessories,United States,3095391232.0,4,"2022,2023,2024,2025",0.18514825900847337,-0.21421322565313766,0.051614471438929846,0.08651159801216401,4.0,4.0,0.06094455910918262,121743000.0,123460000.0,0.9860926615907987,False,-0.0882296430081082,0.4141043814535889,0.0036960358904180044,,NMS,USD,42.3,3095391232.0,44566857.0,80.7,53.1,51.2,85,100,92.5,75.1,121,2026-09-04
LNTH,"Lantheus Holdings, Inc.",Healthcare,Drug Manufacturers - Specialty & Generic,United States,6591203840.0,4,"2022,2023,2024,2025",0.1555675096185899,0.1229163133921358,0.14956157166078135,0.2526655600404264,4.0,4.0,0.18134867310411273,210295000.0,403639000.0,0.5209977232130691,False,-0.03152636866607239,0.6061803547502551,0.03604119220418069,,NGM,USD,100.98,6591203840.0,134907664.0,83.5,88.5,82.2,85,80,22.7,75.1,122,2026-09-04
EEFT,"Euronet Worldwide, Inc.",Technology,Software - Infrastructure,United States,2740935424.0,4,"2022,2023,2024,2025",0.10448369183203449,0.02150564889871362,0.11176408677102423,0.14928407525465842,4.0,4.0,0.08111169530135487,330200000.0,671200000.0,0.49195470798569724,False,-0.14365940468928706,0.402685675069963,0.006208290901202425,,NMS,USD,73.28,2740935424.0,50383004.0,65.4,72.2,58.9,85,100,83.9,75.0,123,2026-09-04
EXPE,"Expedia Group, Inc.",Consumer Cyclical,Travel Services,United States,36383494144.0,4,"2022,2023,2024,2025",0.13994588629962143,0.14665097034871155,0.20765883143049027,0.19073371911331446,4.0,4.0,0.08087962506974211,748000000.0,2777000000.0,0.2693554195174649,False,-0.18428325018083347,0.882808671148302,0.016743930280698885,,NMS,USD,303.14,36383494144.0,477511888.0,79.2,80.5,58.8,85,100,49.2,74.9,124,2026-09-04
IHG,InterContinental Hotels Group PLC,Consumer Cyclical,Lodging,United Kingdom,23620392960.0,4,"2022,2023,2024,2025",0.669146815102626,0.025191448139897932,0.6142516273972602,0.15134352271297236,4.0,4.0,0.1006188494520397,3099000000.0,1415000000.0,2.1901060070671377,False,-0.143956043956044,0.2980080150473212,0.01346178662834701,,NYQ,USD,160.77,23620392960.0,40380762.0,100.0,72.7,64.8,45,100,58.8,74.8,125,2026-09-04
DLTR,"Dollar Tree, Inc.",Consumer Defensive,Discount Stores,United States,24587073536.0,4,"2023,2024,2025,2026",0.15430238041864686,0.07723653690903601,0.2084490382439466,0.0781908763710685,4.0,4.0,0.0799582484358976,1713900000.0,2363100000.0,0.7252761203503872,False,-0.07942882641677818,0.3639920978457052,0.00683491688864104,,NMS,USD,131.04,24587073536.0,371170276.0,83.2,49.7,58.5,85,100,82.1,74.6,126,2026-09-04
COR,"Cencora, Inc.",Healthcare,Medical Distribution,United States,64350736384.0,4,"2022,2023,2024,2025",0.30890272265296526,-0.12982629174355365,0.20277703309509038,0.010649425207294953,4.0,4.0,0.1043399050694318,3304635000.0,3746505000.0,0.8820580781288161,False,-0.07573505042374884,0.03459520511005072,0.0007512350413785169,,NYQ,USD,337.22,64350736384.0,489515296.0,91.0,21.0,65.8,85,100,99.9,74.6,127,2026-09-04
AME,"AMETEK, Inc.",Industrials,Specialty Industrial Machinery,United States,53692985344.0,4,"2022,2023,2024,2025",0.1210049305897975,-0.004685629137231584,0.11980279257548833,0.21942052320144678,4.0,4.0,0.06364055992660522,1825358000.0,2302397000.0,0.7928076695721893,False,-0.001196358233708783,0.3568582792126029,0.0049682458778825215,,NYQ,USD,234.2,53692985344.0,291486257.0,62.7,85.2,52.4,85,80,88.3,74.6,128,2026-09-04
CHWY,"Chewy, Inc.",Consumer Cyclical,Internet Retail,United States,9809803264.0,4,"2023,2024,2025,2026",0.3350853863329558,0.12847090321341803,0.45519863426390844,0.031336199347105034,4.0,4.0,0.0758743393343233,-360100000.0,397200000.0,0.0,True,-0.004605278537531898,0.2884911135435454,0.007024477417134635,,NYQ,USD,23.96,9809803264.0,208040487.0,100.0,28.5,57.3,100,80,81.1,74.5,129,2026-09-04
DLB,"Dolby Laboratories, Inc.",Industrials,Specialty Business Services,United States,5799971328.0,4,"2022,2023,2024,2025",0.08828616907158972,0.0076161366909332645,0.09020634060575232,0.25450851388146173,4.0,4.0,0.02472969042169315,-663718000.0,378563000.0,0.0,True,-0.04416422344900617,0.8852190403522464,0.003400513518333274,,NYQ,USD,61.92,5799971328.0,58682079.0,57.5,88.6,34.9,100,80,93.6,74.4,130,2026-09-04
NYT,The New York Times Company,Communication Services,Publishing,United States,10815676416.0,4,"2022,2023,2024,2025",0.14082965801472608,0.059682600754237966,0.1688804617307162,0.1327260660150498,4.0,4.0,0.06963732141273948,-605561000.0,547572000.0,0.0,True,-0.013150573467910376,0.4907724285748074,0.01170734277769866,,NYQ,USD,67.06,10815676416.0,129881003.0,79.7,68.0,54.8,100,80,64.7,74.4,131,2026-09-04
EXPD,"Expeditors International of Washington, Inc.",Industrials,Integrated Freight & Logistics,United States,24325146624.0,4,"2022,2023,2024,2025",0.3511988414892314,-0.10320417053080505,0.3315410898047361,0.09480924174535847,4.0,4.0,-0.13447253986862018,-743696000.0,1109315000.0,0.0,True,-0.1713708819111216,0.12939560673813522,0.0027371230798783307,,NYQ,USD,187.13,24325146624.0,221417830.0,92.1,56.4,4.3,100,100,95.8,74.3,132,2026-09-04
FICO,Fair Isaac Corporation,Technology,Software - Application,United States,24166244352.0,4,"2022,2023,2024,2025",0.4740652707705099,0.17299937191514597,0.5803683040093686,0.3493957204703392,4.0,4.0,0.1306838755794808,2921555000.0,951194000.0,3.071460711484723,False,-0.06778760390177252,0.7986697308254334,0.0150474737727824,,NYQ,USD,1118.93,24166244352.0,343166880.0,100.0,93.8,73.0,10,100,53.7,74.3,133,2026-09-04
TXRH,"Texas Roadhouse, Inc.",Consumer Cyclical,Restaurants,United States,12410074112.0,4,"2022,2023,2024,2025",0.28408164205260344,0.018712281933606856,0.2803403006530579,0.06117338780463183,4.0,4.0,0.13549731523373576,839314000.0,681729000.0,1.2311549017278127,False,-0.020744994110718507,0.1642817572301678,0.007105201940517843,,NMS,USD,189.06,12410074112.0,178266376.0,99.5,41.6,73.9,65,80,80.9,74.2,134,2026-09-04
DRI,"Darden Restaurants, Inc.",Consumer Cyclical,Restaurants,United States,24756643840.0,4,"2023,2024,2025,2026",0.3049623212925907,-0.036218424662303295,0.30278976130104046,0.0861042941035747,4.0,4.0,0.0799807207834049,2147800000.0,2146000000.0,1.000838769804287,False,-0.05370219690805533,0.21258867780083662,0.006862778127368132,,NYQ,USD,218.04,24756643840.0,286561468.0,90.8,53.0,58.6,65,100,81.8,74.1,135,2026-09-04
EBAY,eBay Inc.,Consumer Cyclical,Internet Retail,United States,47107698688.0,4,"2022,2023,2024,2025",0.1257070011893805,0.27195676806172253,0.19442282624768947,0.17462544566186614,4.0,4.0,0.042572293921697035,4879000000.0,2960000000.0,1.6483108108108109,False,-0.16129032258064513,0.7201648570980271,0.0042121434125095185,,NMS,USD,105.86,47107698688.0,413940865.0,74.6,77.7,43.3,65,100,90.8,74.1,136,2026-09-04
ODFL,"Old Dominion Freight Line, Inc.",Industrials,Trucking,United States,38630109184.0,4,"2022,2023,2024,2025",0.2909572889671378,-0.13194381218569182,0.2353284235628533,0.15281522829293645,4.0,4.0,-0.042440148127076416,-80096000.0,1726295000.0,0.0,True,-0.06437149578167278,0.3479494962293461,0.011126133679224673,,NMS,USD,185.75,38630109184.0,323911964.0,89.9,73.0,13.4,100,100,66.7,74.1,137,2026-09-04
EW,Edwards Lifesciences Corporation,Healthcare,Medical Devices,United States,51749191680.0,4,"2022,2023,2024,2025",0.1528615205395219,-0.11128051912173836,0.09811028507941733,0.1517562984793806,4.0,4.0,0.1077223514087009,-3520900000.0,1449900000.0,0.0,True,-0.061518743992310165,0.804315119695589,0.02125946494562724,,NYQ,USD,89.78,51749191680.0,387330223.0,73.1,72.8,67.2,100,100,39.5,73.8,138,2026-09-04
ALSN,"Allison Transmission Holdings, Inc.",Consumer Cyclical,Auto Parts,United States,10606323712.0,4,"2022,2023,2024,2025",0.18261761373681767,-0.04075396716356977,0.1450325835610679,0.20443124271559693,4.0,4.0,0.028208476739943755,1395000000.0,1020000000.0,1.3676470588235294,False,-0.11485446518859799,0.4782261104663165,0.007282783096792355,,NYQ,USD,128.44,10606323712.0,136376950.0,80.1,82.4,36.3,65,100,79.9,73.7,139,2026-09-04
PRDO,Perdoceo Education Corporation,Consumer Defensive,Education & Training Services,United States,2076932352.0,4,"2022,2023,2024,2025",0.1558160384578943,0.036770533475614375,0.1692418820417683,0.20755892063072315,4.0,4.0,0.06766488761665546,-503850000.0,264928000.0,0.0,True,-0.04164795526647447,0.8094178691243273,0.02538315383977628,,NMS,USD,33.19,2076932352.0,23475154.0,83.6,83.4,54.2,100,80,33.5,73.7,140,2026-09-04
USLM,"United States Lime & Minerals, Inc.",Basic Materials,Building Materials,United States,3322973184.0,4,"2022,2023,2024,2025",0.17678849923849105,0.059455052941084385,0.19646032563891178,0.2374846881129083,4.0,4.0,0.16430733808667597,-367111000.0,183078000.0,0.0,True,0.011725352112676113,0.4015110505947629,0.07485627572090275,,NMS,USD,115.83,3322973184.0,24911095.0,89.0,87.2,79.8,100,55,9.6,73.6,141,2026-09-04
SAP,SAP SE,Technology,Software - Application,Germany,250496958464.0,4,"2022,2023,2024,2025",0.090554271952758,0.08704157160940913,0.1523146214617492,0.17358609432812905,4.0,4.0,0.07625552156258508,-2296000000.0,12073000000.0,0.0,True,0.0,0.7269938395572493,0.0029053211145646236,,NYQ,USD,217.03,250496958464.0,618441309.0,58.5,77.4,57.5,100,55,95.0,73.5,142,2026-09-04
STRL,"Sterling Infrastructure, Inc.",Industrials,Engineering & Construction,United States,14071635968.0,4,"2022,2023,2024,2025",0.19649497783811032,0.10730126493926123,0.23194572746122727,0.16044268990760782,4.0,4.0,0.12061821692444696,-40807000.0,505377000.0,0.0,True,0.012531082319068076,0.1894033122115119,0.028646441381843572,,NMS,USD,460.03,14071635968.0,358280105.0,91.8,75.1,70.7,100,55,29.2,73.5,143,2026-09-04
HEI,HEICO Corporation,Industrials,Aerospace & Defense,United States,45518991360.0,4,"2022,2023,2024,2025",0.11855375320437808,-0.00484299318217038,0.1318564257536847,0.1707890882512239,4.0,4.0,0.2663918385310291,1950164000.0,1219507000.0,1.5991412923419053,False,0.019806283822453308,0.3917280451531989,0.003875396632190019,,NYQ,USD,325.7,45518991360.0,156139277.0,61.8,77.0,90.1,65,55,91.9,73.4,144,2026-09-04
NFLX,"Netflix, Inc.",Communication Services,Entertainment,United States,344232886272.0,4,"2022,2023,2024,2025",0.2076904156841472,0.1391463867013969,0.28359702567222556,0.16085903907407414,4.0,4.0,0.12639718371360664,5429155000.0,30254617000.0,0.17944880941642724,False,-0.037456402756542384,0.4386291931119151,0.03597784988050562,,NMS,USD,82.67,344232886272.0,3452289528.0,93.4,75.2,71.8,85,80,22.8,73.3,145,2026-09-04
CHE,Chemed Corporation,Healthcare,Medical Care Facilities,United States,6854541312.0,4,"2022,2023,2024,2025",0.2684769597677616,-0.010015309498259684,0.2723244092076312,0.12976232160629572,4.0,4.0,0.058218778372217006,69244000.0,422369000.0,0.16394195596741237,False,-0.04232068348897278,0.34697456045037,0.012742031551280073,,NYQ,USD,524.45,6854541312.0,95764570.0,88.5,67.5,50.5,85,80,61.3,73.2,146,2026-09-04
NVR,"NVR, Inc.",Consumer Cyclical,Residential Construction,United States,17070413824.0,4,"2022,2023,2024,2025",0.3302364331031017,-0.11184488841225199,0.28523061481193346,0.1409629725936541,4.0,4.0,-0.006252610482764043,-863593000.0,1815277000.0,0.0,True,-0.12536249643773156,0.25494089315001134,0.015243658551047846,,NYQ,USD,6373.95,17070413824.0,201455064.0,91.5,69.9,23.1,100,100,52.8,73.2,147,2026-09-04
NVMI,Nova Ltd.,Technology,Semiconductor Equipment & Materials,Israel,11218032640.0,4,"2022,2023,2024,2025",0.1353315200606057,-0.06330853518734364,0.10569368602214321,0.23729717758943306,4.0,4.0,0.15552443183739606,517218000.0,275834000.0,1.8751060420397776,False,0.02918104800753052,0.5677094374720562,0.007975038290589409,,NMS,USD,352.7,11218032640.0,191258276.0,68.0,87.2,78.5,65,55,77.6,73.1,148,2026-09-04
GGG,Graco Inc.,Industrials,Specialty Industrial Machinery,United States,12612963328.0,4,"2022,2023,2024,2025",0.21191608377390636,-0.042721528114253726,0.19569471814142095,0.20586581631305675,4.0,4.0,0.01427047813640736,-572487000.0,751526000.0,0.0,True,-0.021250137368198807,0.5194466585069226,0.01526935826417185,,NYQ,USD,77.88,12612963328.0,136985468.0,83.9,83.0,30.6,100,80,52.6,73.1,149,2026-09-04
SFM,"Sprouts Farmers Market, Inc.",Consumer Defensive,Grocery Stores,United States,7378684416.0,4,"2022,2023,2024,2025",0.27704587579039075,0.16093186470883064,0.37405032093816865,0.045134625632078075,4.0,4.0,0.11200487762890488,1686062000.0,994874000.0,1.6947492848340593,False,-0.0956120177021963,0.37614102678581113,0.00874490677354745,,NMS,USD,79.13,7378684416.0,159097354.0,99.2,34.5,69.0,65,100,74.4,73.0,150,2026-09-04
ULTA,"Ulta Beauty, Inc.",Consumer Cyclical,Specialty Retail,United States,23820613632.0,4,"2023,2024,2025,2026",0.5223691162548302,-0.22813927978766507,0.40804630953701976,0.09475128236515075,4.0,4.0,0.06676379680111233,1687818000.0,1849585000.0,0.912538758694518,False,-0.13040705091035598,,,,NMS,USD,557.11,23820613632.0,385366358.0,93.9,56.4,53.6,85,100,50.0,73.0,151,2026-09-04
PM,Philip Morris International Inc.,Consumer Defensive,Tobacco,United States,290167062528.0,4,"2022,2023,2024,2025",0.29392022928087186,0.026830316269676857,0.31976522231662413,0.26927310586516884,4.0,4.0,0.08570152245500418,43963000000.0,17463000000.0,2.5174941304472314,False,0.0038659793814432852,0.6484381067096624,0.014114232662897148,,NYQ,USD,186.17,290167062528.0,924336843.0,100.0,90.3,60.6,45,55,56.4,72.9,152,2026-09-04
TT,Trane Technologies plc,Industrials,Building Products & Equipment,Ireland,97952120832.0,4,"2022,2023,2024,2025",0.21042066994511516,0.057811322267241005,0.23915496843333864,0.11642742223668323,4.0,4.0,0.10063610722538807,2851800000.0,4281600000.0,0.6660594170403588,False,-0.04257130693912303,0.34007936712882664,0.020619233711287873,,NYQ,USD,445.19,97952120832.0,538191527.0,93.7,63.7,64.9,85,80,40.9,72.8,153,2026-09-04
CSU.TO,Constellation Software Inc.,Technology,Software - Application,Canada,64451493888.0,4,"2022,2023,2024,2025",0.10931668347232701,-0.0839062223547348,0.083418485458613,0.2092595727294282,4.0,4.0,0.20626581545785583,2275000000.0,2578000000.0,0.8824670287044221,False,0.0,0.3590010985749936,0.01031946542796754,,TOR,CAD,3041.38,46736493326.0,137458008.0,57.8,83.8,85.3,85,55,69.3,72.7,154,2026-09-04
SCCO,Southern Copper Corporation,Basic Materials,Copper,United States,168471887872.0,4,"2022,2023,2024,2025",0.220289702833381,0.056056569526416494,0.2557614678899083,0.24897532599669736,4.0,4.0,0.10126643785436218,2446100000.0,8022000000.0,0.3049239591124408,False,0.00920485960239703,0.48465747509131374,0.03699313225367791,,NYQ,USD,199.53,168471887872.0,252266577.0,95.1,88.0,65.1,85,55,21.9,72.7,155,2026-09-04
BYD,Boyd Gaming Corporation,Consumer Cyclical,Resorts & Casinos,United States,5651865088.0,4,"2022,2023,2024,2025",0.22456283060990742,0.2587299238333697,0.42167195601783214,0.13980928223468217,4.0,4.0,0.047971808048989706,1692156000.0,2790023000.0,0.6065025270400997,False,-0.2503394370848776,0.5291669947953314,0.023716926953797273,,NYQ,USD,77.79,5651865088.0,73365460.0,95.7,69.3,45.7,85,100,35.7,72.7,156,2026-09-04
BKE,"The Buckle, Inc.",Consumer Cyclical,Apparel Retail,United States,2236309504.0,4,"2023,2024,2025,2026",0.5153155615835663,-0.1947756754577089,0.46791643804325045,0.16314179682709712,4.0,4.0,-0.011874121304190743,109655000.0,286862000.0,0.38225697373650047,False,0.021559106203783873,0.49254432319960273,0.005961910681212776,,NYQ,USD,43.41,2236309504.0,21210517.0,93.9,75.8,20.7,85,55,84.8,72.7,157,2026-09-04
CTSH,Cognizant Technology Solutions Corporation,Technology,Information Technology Services,United States,29116715008.0,4,"2022,2023,2024,2025",0.15612109661388993,-0.03359965336249643,0.14396904829709448,0.108654405368744,4.0,4.0,0.028031282502597676,-762000000.0,4066000000.0,0.0,True,-0.05780346820809246,0.34637762546735157,0.008067561021012734,,NMS,USD,64.64,29116715008.0,675555420.0,73.7,61.1,36.1,100,100,77.1,72.6,158,2026-09-04
RL,Ralph Lauren Corporation,Consumer Cyclical,Apparel Manufacturing,United States,20508207104.0,4,"2023,2024,2025,2026",0.1985487622638662,0.0863459760672941,0.24125953728892482,0.09932214935927772,4.0,4.0,0.07988555170505496,944400000.0,1464900000.0,0.6446856440712677,False,-0.09710144927536235,0.6747481336242652,0.019538628316961737,,NYQ,USD,344.2,20508207104.0,222692925.0,92.2,57.9,58.4,85,100,43.3,72.6,159,2026-09-04
FCN,"FTI Consulting, Inc.",Industrials,Consulting Services,United States,4234511360.0,4,"2022,2023,2024,2025",0.13227564246512447,0.014567902001835636,0.13649062695505046,0.05420732474754372,4.0,4.0,0.07747543435209048,99909000.0,441650000.0,0.22621759311672138,False,-0.08109996366989913,0.3210232209501213,0.0027453738620775107,,NYQ,USD,153.36,4234511360.0,67512446.0,76.4,38.1,57.7,85,100,95.7,72.5,160,2026-09-04
BR,"Broadridge Financial Solutions, Inc.",Technology,Information Technology Services,United States,20399640576.0,4,"2023,2024,2025,2026",0.15969304277863894,0.06700393504733096,0.1987026067725423,0.1466600923586993,4.0,4.0,0.0724890868669692,2851700000.0,1898900000.0,1.5017641792616778,False,-0.015966386554621903,0.3049390959294313,0.009483786717897714,,NYQ,USD,178.91,20399640576.0,238672739.0,84.8,71.6,55.5,65,80,71.8,72.4,161,2026-09-04
CL,Colgate-Palmolive Company,Consumer Defensive,Household & Personal Products,United States,71817297920.0,4,"2022,2023,2024,2025",0.3064049011309139,0.07778912047330222,0.30568843322556577,0.1536172006797487,4.0,4.0,0.042934601917500315,6700000000.0,3956000000.0,1.6936299292214358,False,-0.0330233667143538,0.5896368757093354,0.014090587561433715,,NYQ,USD,90.09,71817297920.0,426606781.0,100.0,73.2,43.5,65,80,56.6,72.4,162,2026-09-04
CLS,Celestica Inc.,Technology,Electronic Components,Canada,39074267136.0,4,"2022,2023,2024,2025",0.17215187327647052,0.19787130880475062,0.29304923650093556,0.026935552370962658,4.0,4.0,0.1956065395826807,180900000.0,1211500000.0,0.14931902600082542,False,-0.05987055016181231,0.1030205227640751,0.01198001716810888,,NYQ,USD,309.84,39074267136.0,737221832.0,88.1,26.7,84.0,85,100,63.9,72.3,163,2026-09-04
GMAB,Genmab A/S,Healthcare,Biotechnology,Denmark,21149157376.0,4,"2022,2023,2024,2025",0.16291714332505536,-0.10996186442208077,0.09099901088031652,0.33102114907910385,4.0,4.0,0.2123450826564417,3559000000.0,1336000000.0,2.663922155688623,False,-0.05026501901147595,0.9690988315315796,0.025316572333420505,,NMS,USD,34.41,21149157376.0,75259969.0,75.9,92.9,85.8,45,100,33.6,72.2,164,2026-09-04
DT,"Dynatrace, Inc.",Technology,Software - Application,United States,15312474112.0,4,"2023,2024,2025,2026",0.0559984703973153,0.014950730130419282,0.06063713194888546,0.26142417837379817,4.0,4.0,0.20327728595478622,-1007777000.0,287971000.0,0.0,True,0.041527071467027055,0.8121115311568249,0.0029753582571059364,,NYQ,USD,52.76,15312474112.0,309726314.0,39.4,89.4,85.0,100,25,95.0,72.2,165,2026-09-04
TJX,"The TJX Companies, Inc.",Consumer Cyclical,Apparel Retail,United States,145405575168.0,4,"2023,2024,2025,2026",0.41867507870474774,0.058624983227688165,0.4251373765219389,0.07212357500774494,4.0,4.0,0.06530493123671799,7259000000.0,8620000000.0,0.8421113689095128,False,-0.04244482173174868,0.29794323474171136,0.013074211715673766,,NYQ,USD,132.19,145405575168.0,819121416.0,100.0,46.6,53.1,85,80,60.3,72.1,166,2026-09-04
COST,Costco Wholesale Corporation,Consumer Defensive,Discount Stores,United States,410399703040.0,4,"2022,2023,2024,2025",0.2288294153590206,0.013911451080266257,0.23562886716173984,0.024447596531384293,4.0,4.0,0.06640442726947482,-7111000000.0,13398000000.0,0.0,True,0.0001034272647759682,0.12466236055074534,0.002771388595000673,,NMS,USD,925.41,410399703040.0,2021176876.0,96.0,25.9,53.4,100,55,95.7,72.1,167,2026-09-04
GD,General Dynamics Corporation,Industrials,Aerospace & Defense,United States,98988752896.0,4,"2022,2023,2024,2025",0.12890517347688907,0.007078780962921388,0.13502675784153412,0.08007047531146888,4.0,4.0,0.10069361914442676,5680000000.0,6429000000.0,0.8834966557785037,False,-0.02084831056793679,0.15787737236815896,0.006306867698180778,,NYQ,USD,365.87,98988752896.0,423428668.0,75.3,50.8,64.9,85,80,83.4,72.0,168,2026-09-04
FTI,TechnipFMC plc,Energy,Oil & Gas Equipment & Services,United Kingdom,31404525568.0,4,"2022,2023,2024,2025",0.1514526918090099,0.23547749982556782,0.2710779166007697,0.07732274416185708,4.0,4.0,0.14021672064677793,302600000.0,1793200000.0,0.16874860584430068,False,-0.0662958843159066,,,,NYQ,USD,80.08,31404525568.0,294300406.0,82.8,49.0,75.1,85,100,50.0,72.0,169,2026-09-04
EXP,Eagle Materials Inc.,Basic Materials,Building Materials,United States,5938129408.0,4,"2023,2024,2025,2026",0.18867621545414848,-0.07029134388754649,0.14374071975440422,0.1597673040251907,4.0,4.0,0.024323472758231546,1462161000.0,759360000.0,1.9255175410872314,False,-0.13114076069857017,0.29534142368327965,0.0076810783416942155,,NYQ,USD,193.58,5938129408.0,87241666.0,81.0,75.0,34.8,65,100,78.8,72.0,170,2026-09-04
L.TO,Loblaw Companies Limited,Consumer Defensive,Grocery Stores,Canada,72155742208.0,4,"2022,2023,2024,2025",0.14624693928789992,0.056436519870397855,0.1857865122052131,0.060547193492172885,4.0,4.0,0.04187116346312769,4889000000.0,7180000000.0,0.6809192200557103,False,-0.09602050045221588,0.31617001195425143,0.002856838215799726,,TOR,CAD,62.44,52323168335.0,59367217.0,81.2,41.2,42.7,85,100,95.3,72.0,171,2026-09-04
APH,Amphenol Corporation,Technology,Electronic Components,United States,202381901824.0,4,"2022,2023,2024,2025",0.16294678714508276,-0.015301950189016672,0.15867237981193216,0.16108766546737188,4.0,4.0,0.2230660589034148,4371400000.0,6890900000.0,0.6343728685657897,False,0.028582930756843705,0.3377176293449748,0.019152287067759004,,NYQ,USD,82.07,202381901824.0,1210880641.0,76.0,75.4,86.8,85,55,44.0,71.9,172,2026-09-04
DKS,"DICK'S Sporting Goods, Inc.",Consumer Cyclical,Specialty Retail,United States,12509769728.0,4,"2023,2024,2025,2026",0.2296834336271596,-0.1537769907399828,0.12048056093606015,0.04465418911438107,4.0,4.0,0.11652351737170918,552073000.0,1694866000.0,0.32573253578749,False,-0.14233334004875398,0.3459416111795745,0.01073306662365188,,NYQ,USD,139.77,12509769728.0,340683924.0,86.1,34.4,69.9,85,100,67.9,71.8,173,2026-09-04
CSCO,"Cisco Systems, Inc.",Technology,Communication Equipment,United States,428204359680.0,4,"2022,2023,2024,2025",0.1982124005187304,-0.09031209661622933,0.15532562453293478,0.25139670016835214,4.0,4.0,0.03192384157728467,19747000000.0,15504000000.0,1.273671310629515,False,-0.046278625954198516,0.6373637618783446,0.011030798212494633,,NMS,USD,108.61,428204359680.0,2416043461.0,82.2,88.2,37.9,65,80,67.1,71.7,174,2026-09-04
KGC,Kinross Gold Corporation,Basic Materials,Gold,Canada,37473345536.0,4,"2022,2023,2024,2025",0.11758931486228949,0.25664289778763405,0.27197672736252176,0.208136196947443,4.0,4.0,0.2684268233983613,-1004100000.0,4381500000.0,0.0,True,-0.04364935572042172,0.32861644105338,0.13774587861776413,,NYQ,USD,31.59,37473345536.0,277434152.0,71.4,83.6,90.2,100,80,3.2,71.6,175,2026-09-04
CAH,"Cardinal Health, Inc.",Healthcare,Medical Distribution,United States,57820651520.0,4,"2022,2023,2024,2025",0.25089008142854924,0.410257527989869,0.3010022088409328,0.01238695847266775,4.0,4.0,0.07071540578204716,4653000000.0,3106000000.0,1.4980682549903412,False,-0.13261648745519716,0.03466922315024661,0.0016217698134386907,,NYQ,USD,248.61,57820651520.0,539796700.0,97.4,21.6,55.1,65,100,98.4,71.5,176,2026-09-04
POWL,"Powell Industries, Inc.",Industrials,Electrical Equipment & Parts,United States,6381528064.0,4,"2022,2023,2024,2025",0.17635186113560472,0.24259580202519854,0.26179783697738657,0.11848910094551574,3.0,4.0,0.27517333386546605,-473863000.0,225125000.0,0.0,True,0.01875575651008954,0.23353147235998914,0.052215122929892874,,NMS,USD,175.16,6381528064.0,129534674.0,88.8,64.6,91.0,100,55,15.1,71.5,177,2026-09-04
CVCO,"Cavco Industries, Inc.",Consumer Cyclical,Residential Construction,United States,4313293312.0,4,"2023,2024,2025,2026",0.1839125547311369,-0.07424841319791439,0.17317427133510155,0.09888998560783616,4.0,4.0,0.015591032712086283,-222207000.0,268284000.0,0.0,True,-0.10963171744326705,0.24064924647111613,0.010860463261979387,,NMS,USD,560.94,4313293312.0,63956696.0,80.5,57.6,31.2,100,100,67.4,71.4,178,2026-09-04
ANF,Abercrombie & Fitch Co.,Consumer Cyclical,Apparel Retail,United States,6377727488.0,4,"2023,2024,2025,2026",0.2914475558298355,0.29082420385912217,0.36829684912333194,0.062270426924521526,3.0,4.0,0.1250947310959405,383519000.0,878168000.0,0.4367262300607629,False,-0.07359489364954996,0.6136531449934154,0.027392669679967712,,NYQ,USD,143.54,6377727488.0,219009600.0,100.0,42.0,71.3,85,100,30.5,71.4,179,2026-09-04
DOCU,"DocuSign, Inc.",Technology,Software - Application,United States,12596616192.0,4,"2023,2024,2025,2026",0.0704647197022217,0.21158203433426775,0.16236552961174666,0.28242960023137964,4.0,4.0,0.08566912774348845,-681407000.0,465955000.0,0.0,True,0.04089037993459521,0.7912001168618926,0.002673104832540205,,NMS,USD,65.97,12596616192.0,240698208.0,48.7,91.0,60.5,100,25,96.0,71.4,180,2026-09-04
DV,"DoubleVerify Holdings, Inc.",Communication Services,Advertising Agencies,United States,2069084288.0,4,"2022,2023,2024,2025",0.05387543701085883,-0.004430213745070188,0.045679344348078195,0.18330289821381818,4.0,4.0,0.18261545088407538,-159487000.0,141021000.0,0.0,True,-0.023847032297736548,0.8214645675459751,0.005049601097602033,,NYQ,USD,13.35,2069084288.0,48556073.0,27.7,79.3,82.3,100,80,87.9,71.3,181,2026-09-04
LSCC,Lattice Semiconductor Corporation,Technology,Semiconductors,United States,16138899456.0,4,"2022,2023,2024,2025",0.15694021957515275,-0.2901610329290995,0.012836003999697502,0.26625644357165024,4.0,4.0,-0.07463367819741362,-91779000.0,57591000.0,0.0,True,-0.01726773159305306,0.6832814197033737,0.01062302660718369,,NMS,USD,113.63,16138899456.0,207119992.0,74.0,90.0,9.2,100,80,68.5,71.2,182,2026-09-04
WIT,Wipro Limited,Technology,Information Technology Services,India,17806977024.0,4,"2023,2024,2025,2026",0.13310501906109728,0.003164282926289702,0.13168871152118886,0.15755151241729762,4.0,4.0,0.007808818557295538,62319000000.0,210438000000.0,0.29613948051207484,False,-0.04568010368499087,0.2953118424073852,0.007338412528953194,,NYQ,USD,1.8,17806977024.0,18621929.0,77.1,74.1,28.7,85,80,79.7,71.1,183,2026-09-04
AMX,"América Móvil, S.A.B. de C.V.",Communication Services,Telecom Services,Mexico,69425840128.0,4,"2022,2023,2024,2025",0.13297010733264203,0.015672099026232816,0.15427995956028626,0.1167900309227963,4.0,4.0,0.037691864777498196,489944074000.0,401161456000.0,1.2213139290231312,False,-0.05837528303335693,0.6151926242426093,0.005018234151569896,,NYQ,USD,23.18,69425840128.0,46355457.0,77.0,63.9,40.8,65,100,88.1,71.1,184,2026-09-04
OGC.TO,OceanaGold Corporation,Basic Materials,Gold,Canada,9411755008.0,4,"2022,2023,2024,2025",0.13250274197490747,0.21545160355584508,0.2888593103083234,0.14361761935789025,4.0,4.0,0.25082572415001114,-426400000.0,1165800000.0,0.0,True,-0.023693377069528565,0.3277034656873812,0.07887108632600326,,TOR,CAD,42.31,6824860039.0,28523906.0,76.6,70.8,89.0,100,80,8.8,71.0,185,2026-09-04
VEEV,Veeva Systems Inc.,Healthcare,Health Information Services,United States,46043639808.0,4,"2023,2024,2025,2026",0.09743132746830455,-0.021688462620490595,0.09665707275870328,0.3968736047223278,4.0,4.0,0.14029684526801778,-6464955000.0,954341000.0,0.0,True,0.02806010945782056,0.7328034391618761,0.017866615306462556,,NYQ,USD,284.38,46043639808.0,592302967.0,52.1,95.7,75.2,100,55,46.7,70.9,186,2026-09-04
PTC,PTC Inc.,Technology,Software - Application,United States,16284620800.0,4,"2022,2023,2024,2025",0.10731652530323138,0.061212678279115446,0.15879982395315928,0.28111870353278173,4.0,4.0,0.12315411374311114,1013019000.0,1132612000.0,0.8944095594961028,False,0.021516835401283796,0.8085208337302269,0.017802937576728652,,NMS,USD,150.08,16284620800.0,253234486.0,66.5,90.9,71.1,85,55,46.9,70.8,187,2026-09-04
SPSC,"SPS Commerce, Inc.",Technology,Software - Application,United States,3031574784.0,4,"2022,2023,2024,2025",0.09090900615368903,-0.01085939230420259,0.09159164507805272,0.20134870834483615,4.0,4.0,0.18565564413315938,-144163000.0,176561000.0,0.0,True,0.028116797012421202,0.6706989544428177,0.012702564352244303,,NMS,USD,84.21,3031574784.0,53721012.0,48.7,81.7,82.7,100,55,61.6,70.7,188,2026-09-04
HLT,Hilton Worldwide Holdings Inc.,Consumer Cyclical,Lodging,United States,70749159424.0,4,"2022,2023,2024,2025",0.24096721256452397,0.06832248016343531,0.272094623655914,0.16747222826306607,4.0,4.0,0.11125593900582187,11445000000.0,2869000000.0,3.989194841408156,False,-0.1407942238267148,0.2874814325776085,0.012371323362463852,,NYQ,USD,314.35,70749159424.0,667047556.0,96.7,76.5,68.8,10,100,62.6,70.7,189,2026-09-04
LLY,Eli Lilly and Company,Healthcare,Drug Manufacturers - General,United States,1034063249408.0,4,"2022,2023,2024,2025",0.2786626015820986,0.10160076572377996,0.3450345884874996,0.042376869496388206,3.0,4.0,0.31687374880620434,35235000000.0,31693000000.0,1.1117596945697787,False,-0.05354974099698795,0.8009309369322094,0.02342053405051286,,NYQ,USD,1159.6,1034063249408.0,3326920230.0,99.3,33.2,93.6,65,100,36.0,70.7,190,2026-09-04
HALO,"Halozyme Therapeutics, Inc.",Healthcare,Biotechnology,United States,12571038720.0,4,"2022,2023,2024,2025",0.17794867833591058,0.02139103483006341,0.15020697708907918,0.38084393806403505,4.0,4.0,0.28376362610175665,2008810000.0,573052000.0,3.5054584924230263,False,-0.11879836140191169,0.8090459793780724,0.03152132199104149,,NMS,USD,110.76,12571038720.0,218519179.0,89.3,95.1,92.0,10,100,26.3,70.6,191,2026-09-04
TLK,Perusahaan Perseroan (Persero) PT Telekomunikasi Indonesia Tbk,Communication Services,Telecom Services,Indonesia,14599837696.0,4,"2022,2023,2024,2025",0.17691392815892748,-0.022454597706320772,0.15508867247754596,0.2181299185399864,4.0,4.0,-0.0012778871708397643,16546000000000.0,73370000000000.0,0.22551451546953796,False,-1.2031832528180963e-05,0.6863986436910829,0.012333425989678109,,NYQ,USD,14.81,14599837696.0,13371149.0,79.0,85.0,24.7,85,80,62.8,70.6,192,2026-09-04
TSCO,Tractor Supply Company,Consumer Cyclical,Specialty Retail,United States,18027986944.0,4,"2022,2023,2024,2025",0.2962861307523761,-0.08227780603077323,0.2646598312350318,0.04285696519558133,4.0,4.0,0.030047957019021077,1570891000.0,1961400000.0,0.800902926481085,False,-0.05094472532077865,0.35901499616688914,0.005493686195081875,,NMS,USD,34.6,18027986944.0,393294221.0,90.5,33.4,37.1,85,100,86.3,70.6,193,2026-09-04
CMI,Cummins Inc.,Industrials,Specialty Industrial Machinery,United States,75095973888.0,4,"2022,2023,2024,2025",0.16348059972359386,0.022055477937645146,0.16092077704637955,0.049280092400159556,4.0,4.0,0.06246086056249833,4707000000.0,5397000000.0,0.8721511951083936,False,-0.025298664792691494,0.2454688537728822,0.005201607563057259,,NYQ,USD,545.5,75095973888.0,558766014.0,86.4,36.2,52.0,85,80,87.2,70.5,194,2026-09-04
PG,The Procter & Gamble Company,Consumer Defensive,Household & Personal Products,United States,341247033344.0,4,"2023,2024,2025,2026",0.20329223835537757,-0.04063229461552148,0.19252288443245222,0.1763497996476187,4.0,4.0,0.020025694093399382,24197000000.0,24414000000.0,0.9911116572458426,False,-0.024719191593864487,0.5014719462060448,0.013986358105431109,,NYQ,USD,146.92,341247033344.0,1333151786.0,82.7,77.9,33.1,85,80,57.0,70.5,195,2026-09-04
AIT,"Applied Industrial Technologies, Inc.",Industrials,Industrial Distribution,United States,11833912320.0,4,"2022,2023,2024,2025",0.16788848694725994,0.017058071808899816,0.16851739396355542,0.0739286952921287,4.0,4.0,0.0619309188888717,183883000.0,579661000.0,0.31722506775511894,False,0.003886970975578663,0.29590449553062054,0.005137047656161222,,NYQ,USD,322.46,11833912320.0,93238019.0,87.4,47.6,51.7,85,55,87.5,70.5,196,2026-09-04
NXT,Nextpower Inc.,Technology,Solar,United States,12828802048.0,4,"2023,2024,2025,2026",0.24797725522250041,0.293875740331897,0.2519728345264323,0.1446299963517605,4.0,4.0,0.23228528026844608,-1094976000.0,747051000.0,0.0,True,0.047144253576523854,0.2857364970141879,0.07811738699570447,,NMS,USD,83.5,12828802048.0,251489141.0,97.1,71.0,87.9,100,25,8.9,70.5,197,2026-09-04
WPM,Wheaton Precious Metals Corp.,Basic Materials,Gold,Canada,71135076352.0,4,"2022,2023,2024,2025",0.10486652443374919,0.07041488310498362,0.17003521428206497,0.2896630821628074,4.0,4.0,0.2952936692748307,-1145688000.0,2003663000.0,0.0,True,0.005175264842686156,0.6105752403615782,0.0726991819022323,,NYQ,USD,156.63,71135076352.0,344995901.0,65.6,91.3,92.3,100,55,10.0,70.5,198,2026-09-04
VIV,Telefônica Brasil S.A.,Communication Services,Telecom Services,Brazil,18997880832.0,4,"2022,2023,2024,2025",0.0762468178175592,0.035615566445896876,0.09308251569180492,0.1894208564817075,4.0,4.0,0.07448108235392281,13215240000.0,23008150000.0,0.5743721246601747,False,-0.03363035602815567,0.4376260369643705,0.006672778018324325,,NYQ,USD,11.89,18997880832.0,16062796.0,51.5,80.2,56.6,85,80,82.5,70.5,199,2026-09-04
AGYS,"Agilysys, Inc.",Technology,Software - Application,United States,3219690752.0,4,"2023,2024,2025,2026",0.10181397775566162,-0.01353604917716919,0.11986162715619464,0.17737223227657237,4.0,4.0,0.17256204938852004,-97850000.0,59151000.0,0.0,True,0.09487446488487783,0.6168957485082869,0.008236556039148477,,NMS,USD,114.15,3219690752.0,36406659.0,54.4,78.2,81.1,100,25,76.5,70.4,200,2026-09-04
WTS,"Watts Water Technologies, Inc.",Industrials,Specialty Industrial Machinery,United States,11868676096.0,4,"2022,2023,2024,2025",0.1603136594305445,-0.020655737768240978,0.15696009706120248,0.1316097996849025,4.0,4.0,0.07198592854084551,-207800000.0,515000000.0,0.0,True,-0.0029761904761904656,0.4687695226861164,0.018770401029517134,,NYQ,USD,355.53,11868676096.0,115872560.0,75.2,67.7,55.5,100,80,45.1,70.4,201,2026-09-04
WDFC,WD-40 Company,Basic Materials,Specialty Chemicals,United States,2824603904.0,4,"2022,2023,2024,2025",0.22731101830304135,0.057203761699030714,0.2647775850563288,0.1106495079095404,3.0,4.0,0.0611778042271669,28865000.0,113258000.0,0.2548605837998199,False,-0.009418808411215007,0.5214505150719724,0.022616468027795992,,NMS,USD,210.46,2824603904.0,32674546.0,95.8,61.9,51.4,85,80,37.3,70.4,202,2026-09-04
STE,STERIS plc,Healthcare,Medical Devices,United States,22115950592.0,4,"2023,2024,2025,2026",0.07757611386632329,0.02044253345412249,0.0911208872896417,0.12817067801324777,4.0,4.0,0.09377842934242775,1492200000.0,1594500000.0,0.9358419567262465,False,-0.01542206172814875,0.43772466859893,0.00406744426686356,,NYQ,USD,226.83,22115950592.0,171852079.0,52.5,67.1,62.5,85,80,91.2,70.4,203,2026-09-04
LSTR,"Landstar System, Inc.",Industrials,Integrated Freight & Logistics,United States,5916224000.0,4,"2022,2023,2024,2025",0.24241038987416516,-0.2475808342421491,0.15243983531987437,0.061992056678197405,4.0,4.0,-0.13917110715072378,-318749000.0,216450000.0,0.0,True,-0.05230256872219041,0.13110746622153893,0.0021794795152100003,,NMS,USD,174.33,5916224000.0,82938718.0,86.7,41.9,4.2,100,100,97.5,70.3,204,2026-09-04
P,"Everpure, Inc.",Technology,Computer Hardware,United States,32625543168.0,4,"2023,2024,2025,2026",0.0777931982348237,0.08142108162344876,0.13212293624815658,0.18152451235703232,4.0,4.0,0.0998020993811779,-1330604000.0,375474000.0,0.0,True,0.01122694466720131,0.7013673912728747,0.008994664211012398,,NYQ,USD,98.15,32625543168.0,302953520.0,52.7,79.0,64.5,100,55,73.5,70.2,205,2026-09-04
FIZZ,National Beverage Corp.,Consumer Defensive,Beverages - Non-Alcoholic,United States,3038752768.0,4,"2023,2024,2025,2026",0.3411264263444368,-0.10630735569716787,0.27624901662145745,0.13345654901686044,4.0,4.0,0.0021608408350277664,-290607000.0,252785000.0,0.0,True,0.0006837022476711141,0.3594352084944958,0.012933951498569397,,NMS,USD,32.46,3038752768.0,15206698.0,91.9,68.2,25.5,100,55,60.8,70.1,206,2026-09-04
ALLE,Allegion plc,Industrials,Security & Protection Services,Ireland,13228321792.0,4,"2022,2023,2024,2025",0.1838755079866191,0.006707147197615282,0.17995959260814784,0.1463599840894822,4.0,4.0,0.07523170466176188,1623900000.0,1002600000.0,1.6196888090963495,False,-0.01925254813137034,0.43291174518346454,0.017873806077875525,,NYQ,USD,155.56,13228321792.0,209969910.0,90.4,71.4,56.9,65,80,46.6,70.1,207,2026-09-04
FMX,"Fomento Económico Mexicano, S.A.B. de C.V.",Consumer Defensive,Beverages - Brewers,Mexico,41249714176.0,4,"2022,2023,2024,2025",0.11076739602980724,0.025500982421095428,0.11325900330830668,0.03769559153790752,4.0,4.0,0.12097870709853487,39686000000.0,115391000000.0,0.34392630274458147,False,-0.06510831133102157,0.40496260143638807,0.004857143765474033,,NYQ,USD,121.08,41249714176.0,61273866.0,68.6,31.2,70.8,85,100,88.8,70.1,208,2026-09-04
ALKS,Alkermes plc,Healthcare,Drug Manufacturers - Specialty & Generic,Ireland,7864741888.0,4,"2022,2023,2024,2025",0.15748572823033355,0.14908715533692293,0.13839959050071593,0.19569776209855388,3.0,4.0,0.09903276646747017,-518216000.0,330892000.0,0.0,True,0.030541950141075525,0.8402817566278515,0.022897700497465784,,NMS,USD,46.88,7864741888.0,90717535.0,84.3,81.2,64.3,100,25,36.9,70.0,209,2026-09-04
WN.TO,George Weston Limited,Consumer Defensive,Grocery Stores,Canada,37607448576.0,4,"2022,2023,2024,2025",0.16228869266981513,0.004906815142429799,0.17433347437277,0.057978370489624884,4.0,4.0,0.041832217879715694,11744000000.0,7131000000.0,1.646893843780676,False,-0.10980662983425415,0.3226511909920844,0.002809496094525987,,TOR,CAD,100.5,27270745228.0,20875919.0,85.8,39.7,42.7,65,100,95.5,69.9,210,2026-09-04
SPG,"Simon Property Group, Inc.",Real Estate,REIT - Retail,United States,80297959424.0,4,"2022,2023,2024,2025",0.1385999000194126,0.07483369609537964,0.18847826392112957,0.5398759757736383,4.0,4.0,0.0634817964117913,27607028000.0,7929089000.0,3.4817402100039487,False,-0.004423199529005495,0.8182849521970075,0.00504119652579161,,NYQ,USD,211.52,80297959424.0,382009985.0,78.8,98.1,52.4,10,80,88.0,69.9,211,2026-09-04
ITW,Illinois Tool Works Inc.,Industrials,Specialty Industrial Machinery,United States,77365919744.0,4,"2022,2023,2024,2025",0.2949021238161804,-0.024546381840746867,0.26994721321961623,0.16514998227695546,4.0,4.0,0.0023378226519090717,8118000000.0,4655000000.0,1.7439312567132117,False,-0.05922111361441906,0.4283969944822159,0.014329235369035189,,NYQ,USD,271.65,77365919744.0,361914949.0,90.3,76.1,25.6,65,100,55.7,69.8,212,2026-09-04
TTEK,"Tetra Tech, Inc.",Industrials,Engineering & Construction,United States,9291852800.0,4,"2022,2023,2024,2025",0.14283310195370702,-0.08157156898946802,0.1080527723907535,0.07865703790057642,4.0,4.0,0.1580976781171921,595904000.0,476532000.0,1.2505015402953001,False,-0.013632922844007855,0.16696715658239344,0.0060238140982728314,,NMS,USD,36.29,9291852800.0,113251945.0,70.3,49.8,78.8,65,80,84.6,69.8,213,2026-09-04
CSL,Carlisle Companies Incorporated,Industrials,Building Products & Equipment,United States,13702964224.0,4,"2022,2023,2024,2025",0.17519009957411597,0.007173340654016619,0.17198543938422065,0.18937834028135553,4.0,4.0,-0.02699413191550115,1769500000.0,1223800000.0,1.44590619382252,False,-0.17714285714285716,0.35826640324566883,0.01242391480839978,,NYQ,USD,345.04,13702964224.0,185819567.0,88.6,80.2,16.7,65,100,62.3,69.8,214,2026-09-04
OTIS,Otis Worldwide Corporation,Industrials,Specialty Industrial Machinery,United States,27210246144.0,4,"2022,2023,2024,2025",0.6960072690071428,-0.1399853656870933,0.6510973529641185,0.10280237178185972,4.0,4.0,0.017850220319947985,6860000000.0,2394000000.0,2.865497076023392,False,-0.06643026004728136,0.2957166011437631,0.0060123833724871015,,NYQ,USD,71.48,27210246144.0,262404796.0,94.6,59.1,32.0,45,100,84.7,69.7,215,2026-09-04
KO,The Coca-Cola Company,Consumer Defensive,Beverages - Non-Alcoholic,United States,382109351936.0,4,"2022,2023,2024,2025",0.1745389643501932,0.02391923105262625,0.1866471533974582,0.16148539266161335,4.0,4.0,0.03689014114187783,35222000000.0,18702000000.0,1.8833279863116243,False,-0.008505747126436813,0.600887855853268,0.013616939242699156,,NYQ,USD,88.81,382109351936.0,1564143745.0,88.4,75.5,40.3,65,80,57.9,69.7,216,2026-09-04
ACM,AECOM,Industrials,Engineering & Construction,United States,8600781824.0,4,"2022,2023,2024,2025",0.12098233912702813,0.057852234081956014,0.16415415811098155,0.04282663862021098,4.0,4.0,0.07071992371075209,1127767000.0,1275790000.0,0.8839754191520548,False,-0.06576918764366202,0.06824084213019217,0.0042460458995756374,,NYQ,USD,66.83,8600781824.0,137281919.0,72.6,33.3,55.1,85,100,90.6,69.4,217,2026-09-04
FIVE,"Five Below, Inc.",Consumer Cyclical,Specialty Retail,United States,13268673536.0,4,"2023,2024,2025,2026",0.16581550067836107,-0.035073800426556695,0.15569780293896382,0.04515794644461244,4.0,4.0,0.15696027166848303,1099982000.0,649522000.0,1.693525392519422,False,-0.005530638747004879,0.3557090882302978,0.004135853594375165,,NMS,USD,239.96,13268673536.0,276669081.0,77.2,34.6,78.6,65,80,91.0,69.4,218,2026-09-04
TCOM,Trip.com Group Limited,Consumer Cyclical,Travel Services,Singapore,26069796864.0,4,"2022,2023,2024,2025",0.08455339684183227,0.14786311282649303,0.16727867178282121,0.29061678259046075,4.0,4.0,0.4603503514179359,30765000000.0,40792000000.0,0.7541919984310649,False,0.06283140428016187,0.8026625572678521,0.01662704609031677,,NMS,USD,41.4,26069796864.0,126190471.0,55.9,91.4,96.5,85,25,49.6,69.4,219,2026-09-04
KEYS,"Keysight Technologies, Inc.",Technology,Scientific & Technical Instruments,United States,54924361728.0,4,"2022,2023,2024,2025",0.14565219210165278,-0.08731753504936139,0.11199049316696376,0.2043132139836728,4.0,4.0,-0.0027752224099102385,661000000.0,1454000000.0,0.4546079779917469,False,-0.0494505494505495,0.6332560696982855,0.009409617429184405,,NYQ,USD,322.62,54924361728.0,462389953.0,71.0,82.3,24.2,85,80,72.0,69.4,220,2026-09-04
SSD,"Simpson Manufacturing Co., Inc.",Basic Materials,Lumber & Wood Production,United States,7298551808.0,4,"2022,2023,2024,2025",0.15671902528020432,-0.040582863597186714,0.13724123415514472,0.1276287202624684,4.0,4.0,0.03303529246468906,103443000.0,532579000.0,0.19423033953648192,False,-0.027551281157804253,0.4581344330487263,0.009090027150191757,,NYQ,USD,178.08,7298551808.0,52782556.0,74.0,67.0,38.5,85,80,73.1,69.4,221,2026-09-04
MSA,MSA Safety Incorporated,Industrials,Security & Protection Services,United States,7241530880.0,4,"2022,2023,2024,2025",0.15124947754182233,0.02460876592403574,0.1558483344536579,0.09846074607028116,4.0,4.0,0.07057245255358757,415867000.0,469788000.0,0.8852226961948794,False,-0.0015479483340523625,0.4645491215652461,0.014403782180198898,,NYQ,USD,187.71,7241530880.0,56258940.0,82.6,57.5,55.0,85,80,55.3,69.4,222,2026-09-04
IESC,"IES Holdings, Inc.",Industrials,Engineering & Construction,United States,12555930624.0,4,"2022,2023,2024,2025",0.2713226136696664,0.2417487350021592,0.33722281962317086,0.045458269448903424,3.0,4.0,0.1587761213212977,-143663000.0,442165000.0,0.0,True,-0.03407513759272551,0.20765662041316624,0.043196903695141724,,NGM,USD,315.09,12555930624.0,146302274.0,98.7,34.7,79.1,100,80,18.7,69.3,223,2026-09-04
HCA,"HCA Healthcare, Inc.",Healthcare,Medical Care Facilities,United States,88592416768.0,4,"2022,2023,2024,2025",0.21861117928607351,0.003222532926183158,0.23613690843939206,0.08056890651653525,4.0,4.0,0.07868780037013456,45452000000.0,15603000000.0,2.913029545600205,False,-0.18723232405503176,0.39992317046178877,0.011555316937530789,,NYQ,USD,409.2,88592416768.0,629032470.0,94.7,50.9,58.1,45,100,65.3,69.1,224,2026-09-04
DOX,Amdocs Limited,Technology,Software - Infrastructure,United States,6607380992.0,4,"2022,2023,2024,2025",0.13655855035874212,0.012440157858320783,0.14780862555116656,0.1311372608826582,4.0,4.0,-0.0031991317464202806,321902000.0,931113000.0,0.3457174370887314,False,-0.11312575818843507,0.3594441160092411,0.011809808836589693,,NMS,USD,63.28,6607380992.0,89074004.0,78.2,67.7,24.1,85,100,64.4,69.1,225,2026-09-04
CPAY,"Corpay, Inc.",Technology,Software - Infrastructure,United States,27556020224.0,4,"2022,2023,2024,2025",0.1122793497416234,-0.015116533127014262,0.09737757363751717,0.3563324308879242,4.0,4.0,0.097332408585459,7593590000.0,2338830000.0,3.24674730527657,False,-0.07551195649345577,0.7814978565797059,0.003226556912005225,,NYQ,USD,419.68,27556020224.0,248581500.0,59.4,94.3,63.8,10,100,94.2,68.9,226,2026-09-04
TIH.TO,Toromont Industries Ltd.,Industrials,Industrial Distribution,Canada,15911263232.0,4,"2022,2023,2024,2025",0.14939419777904928,-0.030376120155590575,0.12786476378439232,0.05785186164973265,4.0,4.0,0.0812959756315208,-474351000.0,1033785000.0,0.0,True,-0.0205357244863128,0.2616767492649235,0.008972703371837417,,TOR,CAD,195.08,11537927253.0,44587006.0,72.3,39.5,59.1,100,80,73.7,68.9,227,2026-09-04
A,"Agilent Technologies, Inc.",Healthcare,Diagnostics & Research,United States,42289233920.0,4,"2022,2023,2024,2025",0.151350359176737,-0.024885991012063624,0.139145715700842,0.18538046821855395,4.0,4.0,0.004844098070605929,1565000000.0,1835000000.0,0.8528610354223434,False,-0.050000000000000044,0.5294871403469041,0.015063593709108376,,NYQ,USD,149.98,42289233920.0,332759876.0,72.7,79.6,27.0,85,100,53.5,68.9,228,2026-09-04
WSM,"Williams-Sonoma, Inc.",Consumer Cyclical,Specialty Retail,United States,26236487680.0,4,"2023,2024,2025,2026",0.5283990051299755,-0.15303264950304774,0.5093891967555301,0.13896897327242247,4.0,4.0,-0.03451718232113232,437104000.0,1647171000.0,0.2653664980745776,False,-0.1088784370477569,0.4440683959690742,0.01901011321187081,,NYQ,USD,222.76,26236487680.0,246913867.0,94.0,68.9,14.8,85,100,44.4,68.9,229,2026-09-04
COLM,Columbia Sportswear Company,Consumer Cyclical,Apparel Manufacturing,United States,2958454528.0,4,"2022,2023,2024,2025",0.13184599340642553,-0.06710006902110095,0.10652625905494452,0.08361405471309355,3.0,4.0,-0.006469601206528508,-313105000.0,292874000.0,0.0,True,-0.1303477846593616,0.49933684727264394,0.0045451318495306064,,NMS,USD,57.79,2958454528.0,35566913.0,66.4,52.2,23.0,100,100,89.7,68.9,230,2026-09-04
ACIW,"ACI Worldwide, Inc.",Technology,Software - Infrastructure,United States,5341541888.0,4,"2022,2023,2024,2025",0.09602685914452763,0.036770896019934066,0.1152976971231907,0.13101175474933488,4.0,4.0,0.07365109288487726,621146000.0,471163000.0,1.3183250807045546,False,-0.0825732243211541,0.5021520098022672,0.007547964330827773,,NMS,USD,52.91,5341541888.0,55507405.0,60.9,67.6,56.2,65,100,79.1,68.8,231,2026-09-04
SYK,Stryker Corporation,Healthcare,Medical Devices,United States,118136659968.0,4,"2022,2023,2024,2025",0.09905002426453748,0.004016558098917072,0.0962013275163928,0.147050936409415,4.0,4.0,0.10830480093614558,11848000000.0,6314000000.0,1.8764649984162178,False,0.01125065410779702,0.6358292997544714,0.0048666220099470815,,NYQ,USD,307.99,118136659968.0,751716121.0,62.7,71.7,67.5,65,55,88.7,68.7,232,2026-09-04
GILD,"Gilead Sciences, Inc.",Healthcare,Drug Manufacturers - General,United States,187506032640.0,4,"2022,2023,2024,2025",0.11749564771680221,0.08325394677152426,0.19731248247197616,0.3147721757650928,4.0,4.0,0.025736179862614117,17372000000.0,13580000000.0,1.2792341678939616,False,-0.005546751188589494,0.7809670694518135,0.012416428571543937,,NMS,USD,151.22,187506032640.0,1100394218.0,71.3,92.4,35.3,65,80,62.3,68.7,233,2026-09-04
SU.TO,Suncor Energy Inc.,Energy,Oil & Gas Integrated,Canada,111238004736.0,4,"2022,2023,2024,2025",0.14655571159160244,-0.07006838866144814,0.11742177949955544,0.1488771495848719,4.0,4.0,-0.05923630668082114,6337000000.0,15607000000.0,0.4060357531876722,False,-0.12230215827338131,0.4171699738546668,0.0072287028235678156,,TOR,CAD,94.21,80663363288.0,386643089.0,71.4,72.1,10.9,85,100,80.3,68.7,234,2026-09-04
GFI,Gold Fields Limited,Basic Materials,Gold,South Africa,42905575424.0,4,"2022,2023,2024,2025",0.19658009663236137,0.19200003490548304,0.3344932323557847,0.11391341773533245,4.0,4.0,0.26857600844191976,959000000.0,6335700000.0,0.15136449011158987,False,0.0038293151235557765,0.42687969807717757,0.07678141816708223,,NYQ,USD,48.16,42905575424.0,189216980.0,91.9,62.9,90.3,85,55,9.1,68.7,235,2026-09-04
WMS,"Advanced Drainage Systems, Inc.",Industrials,Building Products & Equipment,United States,10166902784.0,4,"2023,2024,2025,2026",0.1987621877279968,-0.10797132517753746,0.13998205608077854,0.16886634736899406,4.0,4.0,-0.0022567097329738717,1388811000.0,869918000.0,1.5964849560533292,False,-0.05943409810886047,0.38057715814318516,0.01240303328264925,,NYQ,USD,134.83,10166902784.0,108134739.0,82.4,76.7,24.4,65,100,62.4,68.7,236,2026-09-04
CNM,"Core & Main, Inc.",Industrials,Industrial Distribution,United States,8511890432.0,4,"2023,2024,2025,2026",0.1617976166725104,-0.06450700796982736,0.1334733413751508,0.09198909949741259,4.0,4.0,0.04761421037327507,1928000000.0,919000000.0,2.0979325353645266,False,-0.19639268293590317,0.26912393052028527,0.0018942716025205676,,NYQ,USD,43.98,8511890432.0,103475748.0,75.7,55.4,45.5,45,100,97.9,68.3,237,2026-09-04
HD,"The Home Depot, Inc.",Consumer Cyclical,Home Improvement Retail,United States,317335142400.0,4,"2023,2024,2025,2026",0.3217717508211662,-0.17652135478730577,0.23316547350003644,0.09242898667780101,4.0,4.0,0.015185146415588768,54383000000.0,25135000000.0,2.1636363636363636,False,-0.029268292682926855,0.3341110646792628,0.0007819364635890143,,NYQ,USD,318.07,317335142400.0,1348949183.0,91.3,55.6,31.0,45,80,99.7,68.3,238,2026-09-04
BBWI,"Bath & Body Works, Inc.",Consumer Cyclical,Specialty Retail,United States,3825211392.0,4,"2023,2024,2025,2026",0.391680081558451,-0.07217733707714813,0.3264220605132133,0.10130071771042637,4.0,4.0,-0.012004194269886748,2939000000.0,1412000000.0,2.081444759206799,False,-0.10300429184549353,0.436530917284332,0.0043020147512663484,,NYQ,USD,18.97,3825211392.0,110056656.0,92.7,58.5,20.6,45,100,90.5,68.3,239,2026-09-04
ASO,"Academy Sports and Outdoors, Inc.",Consumer Cyclical,Specialty Retail,United States,2708962560.0,4,"2023,2024,2025,2026",0.2146610476172664,-0.14690025174532112,0.15244222592150408,0.053568921374626766,4.0,4.0,-0.018135352118515358,153473000.0,645137000.0,0.2378921066378149,False,-0.1890577507598784,0.34385457564058897,0.0033705013046869147,,NMS,USD,43.68,2708962560.0,70448458.0,84.4,37.8,19.1,85,100,93.8,68.3,240,2026-09-04
HURN,Huron Consulting Group Inc.,Industrials,Consulting Services,United States,2515382528.0,4,"2022,2023,2024,2025",0.12442374138792867,0.05002189123592089,0.1406492457820232,0.08266761584595755,4.0,4.0,0.13602276995272544,485157000.0,220135000.0,2.203906693619824,False,-0.1327966836980623,0.30737559083306354,0.008264456603784663,,NMS,USD,158.1,2515382528.0,48817644.0,74.2,51.6,74.1,45,100,76.3,68.2,241,2026-09-04
PAC,"Grupo Aeroportuario del Pacífico, S.A.B. de C.V.",Industrials,Airports & Air Services,Mexico,12393633792.0,4,"2022,2023,2024,2025",0.1878368814592633,-0.03332854533552046,0.17355235069305622,0.16459850705163612,4.0,4.0,0.14784567847370034,42544088000.0,22236511000.0,1.9132537474066862,False,0.0,0.5912015625515139,0.021050863768231082,,NYQ,USD,208.29,12393633792.0,26397633.0,80.9,76.0,76.8,65,55,40.0,68.2,242,2026-09-04
LECO,"Lincoln Electric Holdings, Inc.",Industrials,Tools & Accessories,United States,14925309952.0,4,"2022,2023,2024,2025",0.21452219858262184,-0.018718910591835836,0.20291305971988216,0.11672501344390307,4.0,4.0,0.04017631254759446,982541000.0,825557000.0,1.1901552527566237,False,-0.04891998161670841,0.35500282429350893,0.010592563458374943,,NMS,USD,273.83,14925309952.0,115118406.0,84.3,63.9,41.8,65,80,68.6,68.2,243,2026-09-04
IEX,IDEX Corporation,Industrials,Specialty Industrial Machinery,United States,16446909440.0,4,"2022,2023,2024,2025",0.11314806776154178,-0.0462803873793564,0.09093428859668622,0.17703181277405639,4.0,4.0,0.028075999700655663,1240800000.0,903500000.0,1.3733259546209187,False,-0.009210526315789447,0.44439340376444636,0.002645036164677492,,NYQ,USD,223.1,16446909440.0,151274294.0,59.8,78.0,36.2,65,80,96.1,68.2,244,2026-09-04
MSI,"Motorola Solutions, Inc.",Technology,Communication Equipment,United States,78151131136.0,4,"2022,2023,2024,2025",0.24720412929001917,-0.047685832240052906,0.21055397200138265,0.19222893787121467,4.0,4.0,0.08634515122371456,7999000000.0,3597000000.0,2.22379760911871,False,-0.016870273414775983,0.49709602140285264,0.020156188262890933,,NYQ,USD,472.23,78151131136.0,480438774.0,87.1,80.8,60.8,45,80,41.7,68.1,245,2026-09-04
EDV.TO,Endeavour Mining plc,Basic Materials,Gold,United Kingdom,21458520064.0,4,"2022,2023,2024,2025",0.11577554057599207,0.15918378447000334,0.2602893221907096,0.14855209215103352,3.0,4.0,0.26957989166411367,143600000.0,2076300000.0,0.069161489187497,False,-0.004671268758402625,0.38333078653123254,0.06559928316732597,,TOR,CAD,89.03,15560476868.0,28025237.0,70.8,71.9,90.5,85,80,11.4,68.1,246,2026-09-04
BHP,BHP Group Limited,Basic Materials,Other Industrial Metals & Mining,Australia,235620319232.0,4,"2023,2024,2025,2026",0.21810902232388996,-0.07214774402489321,0.2039110248770009,0.20489720918415288,4.0,4.0,0.029723839848806,4290000000.0,30723000000.0,0.13963480128893663,False,0.0031539522964714184,0.7262708417099284,0.01905208067541271,,NYQ,USD,92.71,235620319232.0,252537034.0,84.6,82.5,36.9,85,55,44.2,68.1,247,2026-09-04
CRM,"Salesforce, Inc.",Technology,Software - Application,United States,217625886720.0,4,"2023,2024,2025,2026",0.07019144688224332,0.07384605517914802,0.09513114798657261,0.2871969666661768,4.0,4.0,0.09820006113830493,7112000000.0,12548000000.0,0.5667835511635321,False,-0.04112337011033096,0.7592510140733597,0.017002446575436186,,NYQ,USD,264.43,217625886720.0,4009208595.0,48.6,91.2,64.1,85,80,48.4,68.0,248,2026-09-04
THC,Tenet Healthcare Corporation,Healthcare,Medical Care Facilities,United States,21215950848.0,4,"2022,2023,2024,2025",0.16816549835386685,0.07346839603435755,0.1760127478005865,0.06709189824641773,4.0,4.0,0.035834191090651,10288000000.0,4484000000.0,2.2943800178412133,False,-0.17810090846574256,0.8252362595056854,0.0025528732380556336,,NYQ,USD,263.49,21215950848.0,310023915.0,87.5,44.7,39.7,45,100,96.6,68.0,249,2026-09-04
ABT,Abbott Laboratories,Healthcare,Medical Devices,United States,188248408064.0,4,"2022,2023,2024,2025",0.11477207054551791,-0.03222954860974386,0.10617115233864646,0.15578097479451616,4.0,4.0,0.005127944169646348,4407000000.0,12075000000.0,0.36496894409937886,False,-0.008503401360544172,0.557902854696955,0.005088181415799881,,NYQ,USD,108.79,188248408064.0,1245502768.0,60.6,73.7,27.1,85,80,87.8,67.9,250,2026-09-04
PSA,Public Storage,Real Estate,REIT - Industrial,United States,57093779456.0,4,"2022,2023,2024,2025",0.1969192347546537,-0.24828395465537473,0.1091931908171385,0.6073201852969259,4.0,4.0,0.048750479098311095,9935786000.0,3246139000.0,3.0608011548488836,False,-0.002144315861130064,0.738670355614475,0.00853690407046589,,NYQ,USD,305.73,57093779456.0,314647838.0,82.0,98.7,46.0,10,80,75.2,67.9,251,2026-09-04
WST,"West Pharmaceutical Services, Inc.",Healthcare,Medical Instruments & Supplies,United States,24119885824.0,4,"2022,2023,2024,2025",0.17372634761869057,-0.05547477917277177,0.14203776488694211,0.13519739832645303,4.0,4.0,0.021163814176677676,-470200000.0,772800000.0,0.0,True,-0.04089709762532978,0.37015641612237465,0.01908322871512517,,NYQ,USD,342.73,24119885824.0,241570499.0,78.2,68.5,33.6,100,80,44.0,67.9,252,2026-09-04
PBR,Petróleo Brasileiro S.A. - Petrobras,Energy,Oil & Gas Integrated,Brazil,132173955072.0,4,"2022,2023,2024,2025",0.24842135977641872,-0.1695216531352412,0.2222809834715605,0.2666763412005626,4.0,4.0,-0.10514235108626313,19970000000.0,46038000000.0,0.43377210130761545,False,-0.011918591019960956,0.5070142151238703,0.02003856803886808,,NYQ,USD,20.51,132173955072.0,337785179.0,87.2,90.0,6.3,85,80,41.9,67.8,253,2026-09-04
PHM,"PulteGroup, Inc.",Consumer Cyclical,Residential Construction,United States,23679358976.0,4,"2022,2023,2024,2025",0.19800735695482014,-0.08024224794400975,0.14647207614979801,0.08845294219232501,4.0,4.0,0.026553866296244344,182567000.0,3024433000.0,0.06036404178898987,False,-0.15509853238823534,0.28774776532691926,0.014238650747023036,,NYQ,USD,124.31,23679358976.0,207027863.0,82.1,53.9,35.7,85,100,55.9,67.8,254,2026-09-04
MZTI,The Marzetti Company,Consumer Defensive,Packaged Foods,United States,2883021312.0,4,"2023,2024,2025,2026",0.1607686290383934,0.004115504826503552,0.15413009311528186,0.09654173431717074,4.0,4.0,0.019251053602395096,174180000.0,315179000.0,0.552638342021518,False,-0.002765446474055744,0.23253828937039184,0.012574601683433132,,NMS,USD,105.64,2883021312.0,35691213.0,85.4,56.9,32.6,85,80,61.9,67.7,255,2026-09-04
ALGN,"Align Technology, Inc.",Healthcare,Medical Instruments & Supplies,United States,11356076032.0,4,"2022,2023,2024,2025",0.11430883029147779,-0.008346568562923734,0.10134677267113297,0.12722360809624766,4.0,4.0,0.026117671821406674,-980462000.0,822747000.0,0.0,True,-0.07436878347360365,0.6944805119737947,0.013199691478032257,,NMS,USD,159.855,11356076032.0,153806087.0,60.4,66.8,35.5,100,100,59.7,67.7,256,2026-09-04
ZM,"Zoom Communications, Inc.",Technology,Software - Application,United States,28635654144.0,4,"2023,2024,2025,2026",0.060283305152125516,0.05857584212447439,0.08981495715141262,0.34385203746719956,4.0,4.0,0.034873597428167535,-7758433000.0,1256464000.0,0.0,True,0.010195645517794283,0.7598647713160276,0.007445205663797118,,NMS,USD,98.14,28635654144.0,345114708.0,42.9,93.5,39.3,100,55,79.4,67.7,257,2026-09-04
SGHC,Super Group (SGHC) Limited,Consumer Cyclical,Gambling,Guernsey,7199448064.0,4,"2022,2023,2024,2025",0.21950469398187528,-0.07882887891470702,0.2743548780487805,0.09448437090493346,4.0,4.0,0.17202502627680416,-448000000.0,441000000.0,0.0,True,0.0363413349917725,0.49861245831633366,0.023310611798033724,,NYQ,USD,14.17,7199448064.0,40528552.0,84.9,56.3,80.9,100,25,36.2,67.6,258,2026-09-04
MAR,"Marriott International, Inc.",Consumer Cyclical,Lodging,United States,87635730432.0,4,"2022,2023,2024,2025",0.2710491415419092,0.008536870938992969,0.2589478002091209,0.09790711381213785,4.0,4.0,0.0802476100443279,15846000000.0,4802000000.0,3.299875052061641,False,-0.16022099447513816,0.20673450285339995,0.00865913331737751,,NMS,USD,336.07,87635730432.0,539918636.0,98.7,57.2,58.7,10,100,74.8,67.6,259,2026-09-04
NKE,"NIKE, Inc.",Consumer Cyclical,Footwear & Accessories,United States,57515245568.0,4,"2023,2024,2025,2026",0.1796502999122953,-0.07827116148301039,0.1326749081860832,0.0853989372091408,4.0,4.0,-0.032401823147472864,379000000.0,4594000000.0,0.08249891162385721,False,-0.056567715632564686,0.43433238225807275,0.007135267091792943,,NYQ,USD,38.77,57515245568.0,958803501.0,79.5,52.9,15.5,85,100,80.7,67.6,260,2026-09-04
EPAM,"EPAM Systems, Inc.",Technology,Information Technology Services,United States,6184246784.0,4,"2022,2023,2024,2025",0.12360305098853529,-0.05150349582232151,0.104920303004111,0.10422798604180122,4.0,4.0,0.04190812675920319,-1152373000.0,686084000.0,0.0,True,-0.04962057834338929,0.3049085304425264,0.010850057357578125,,NYQ,USD,119.88,6184246784.0,193322084.0,64.1,59.9,42.8,100,80,67.4,67.5,261,2026-09-04
WMT,Walmart Inc.,Consumer Defensive,Discount Stores,United States,862814928896.0,4,"2023,2024,2025,2026",0.14915078257631084,0.059224548812291,0.16889726353555573,0.020612279055019653,4.0,4.0,0.05272290929168877,34035000000.0,46471000000.0,0.7323922446256805,False,-0.021945866861741048,0.24573403876548044,0.003273217129373152,,NMS,USD,108.42,862814928896.0,2663721215.0,82.2,24.4,48.2,85,80,94.0,67.5,262,2026-09-04
OLED,,Technology,Electronic Components,United States,3798699264.0,4,"2022,2023,2024,2025",0.1311796883723925,-0.04807801319093649,0.11591174818755298,0.18155789924422652,4.0,4.0,0.018047792102980242,-583140000.0,295165000.0,0.0,True,0.003998187682624943,0.7729049209740914,0.011704936026241298,,NMS,USD,82.64,3798699264.0,62436173.0,66.0,79.1,32.2,100,55,64.7,67.4,263,2026-09-04
BJ,"BJ's Wholesale Club Holdings, Inc.",Consumer Defensive,Discount Stores,United States,11771266048.0,4,"2023,2024,2025,2026",0.2520997644453202,-0.06291056667926076,0.22428108870941027,0.015842092857076565,4.0,4.0,0.035679487682537925,472854000.0,1104280000.0,0.4282011808599268,False,-0.032292101734408996,0.18252125511270254,0.003158331121418797,,NYQ,USD,93.19,11771266048.0,177015989.0,87.5,23.1,39.7,85,80,94.4,67.4,264,2026-09-04
MTCH,,Communication Services,Internet Content & Information,United States,9897498624.0,4,"2022,2023,2024,2025",0.18156841438501503,0.05303183363589306,0.19749040795337675,0.2357562990801837,4.0,4.0,0.030262236990793667,2944841000.0,960666000.0,3.0654160759306563,False,-0.11090222380299108,0.7146376530942817,0.010354590497489501,,NMS,USD,42.43,9897498624.0,140453229.0,90.0,86.9,37.2,10,100,69.1,67.3,265,2026-09-04
AVGO,Broadcom Inc.,Technology,Semiconductors,United States,1699217408000.0,4,"2022,2023,2024,2025",0.16538769829332,-0.07091640062261023,0.13994461441800748,0.4453166473550428,4.0,4.0,0.24378426000041764,48958000000.0,34714000000.0,1.410324364809587,False,0.1472813238770685,0.6656882841546838,0.022083264468631437,,NMS,USD,357.16,1699217408000.0,8677890447.0,77.0,96.6,88.5,65,0,38.2,67.3,266,2026-09-04
FOXA,Fox Corporation,Communication Services,Entertainment,United States,28467820544.0,4,"2023,2024,2025,2026",0.11020857260988079,0.02609777870606085,0.1116617308325107,0.11825923820641587,4.0,4.0,0.047201624551486354,2401000000.0,3089000000.0,0.7772741987698284,False,-0.17325800376647837,,,,NMS,USD,67.71,28467820544.0,461027843.0,68.5,64.5,45.4,85,100,50.0,67.1,267,2026-09-04
FTDR,"Frontdoor, Inc.",Consumer Cyclical,Personal Services,United States,5698165760.0,4,"2022,2023,2024,2025",0.205884315846536,0.08088196825061969,0.2219088339222615,0.11713442438394123,4.0,4.0,0.07988971013579693,607000000.0,506000000.0,1.199604743083004,False,-0.09146341463414631,0.5037200811025275,0.04857703715308418,,NMS,USD,82.71,5698165760.0,47894962.0,93.1,64.1,58.5,65,100,16.1,67.0,268,2026-09-04
POOL,Pool Corporation,Industrials,Industrial Distribution,United States,6689241600.0,4,"2022,2023,2024,2025",0.23372880892969355,-0.11177418397428251,0.18539807320221313,0.09806891554929013,4.0,4.0,-0.05053506371958916,1094490000.0,631809000.0,1.7323115055341092,False,-0.06325679545797114,0.3015829025535284,0.006603496958244888,,NMS,USD,184.07,6689241600.0,168750222.0,86.4,57.3,12.1,65,100,82.6,67.0,269,2026-09-04
CHH,"Choice Hotels International, Inc.",Consumer Cyclical,Lodging,United States,4522251776.0,4,"2022,2023,2024,2025",0.22137255018002608,-0.05640956224772817,0.21266743829858994,0.12549415836068945,4.0,4.0,0.04433251929189308,1861125000.0,627308000.0,2.9668440383352355,False,-0.15998036828314544,0.5182458543272624,0.01316353568159172,,NYQ,USD,99.4,4522251776.0,58569263.0,85.3,66.0,44.3,45,100,60.1,66.9,270,2026-09-04
LYV,"Live Nation Entertainment, Inc.",Communication Services,Entertainment,United States,41347985408.0,4,"2022,2023,2024,2025",0.1221882700390475,0.0004298491267467064,0.10650831606292546,0.046334236229256594,4.0,4.0,0.14744538940043328,1105448000.0,1985432000.0,0.5567795824787753,False,0.0012413106333888368,0.2509551429190111,0.007739446730168986,,NYQ,USD,177.49,41347985408.0,388820421.0,73.2,34.9,76.7,85,55,78.4,66.8,271,2026-09-04
GRBK,"Green Brick Partners, Inc.",Consumer Cyclical,Residential Construction,United States,3044296960.0,4,"2022,2023,2024,2025",0.1833648365354933,-0.05519455614605284,0.15058115867819774,0.07014269654665918,4.0,4.0,0.050881435005622144,165686000.0,414554000.0,0.3996729014796625,False,-0.08466876445704041,0.3165772576842215,0.015718248340426528,,NYQ,USD,70.78,3044296960.0,19099700.0,80.2,46.0,47.1,85,100,51.6,66.8,272,2026-09-04
PANW,"Palo Alto Networks, Inc.",Technology,Software - Infrastructure,United States,270531100672.0,4,"2022,2023,2024,2025",0.08920789248481133,0.18318138298248177,0.14517325290118094,0.36749834997514547,4.0,4.0,0.18788250033170906,-2565000000.0,1941000000.0,0.0,True,0.2001692047377326,0.7220394676095848,0.021175150473480727,,NMS,USD,331.94,270531100672.0,2254368850.0,57.8,94.8,83.0,100,0,39.7,66.8,273,2026-09-04
BAH,Booz Allen Hamilton Holding Corporation,Industrials,Consulting Services,United States,8886653952.0,4,"2023,2024,2025,2026",0.17103962665624733,0.11564048220973311,0.20933399405351832,0.05893772627389804,4.0,4.0,0.06603356388171155,3212000000.0,1233000000.0,2.6050283860502836,False,-0.07070038408807178,0.5370553054429744,0.0073904017791643455,,NYQ,USD,73.88,8886653952.0,161618410.0,87.9,40.2,53.4,45,100,79.5,66.7,274,2026-09-04
DUOL,"Duolingo, Inc.",Technology,Software - Application,United States,7399919104.0,4,"2022,2023,2024,2025",0.00798845614166482,0.17452213998425478,0.07950989082453976,0.2705194394437886,4.0,4.0,0.41082213323758765,-1046688000.0,149961000.0,0.0,True,0.18186256145923574,0.7283499490464983,0.0038758619608126725,,NMS,USD,158.82,7399919104.0,208155527.0,21.8,90.4,95.9,100,0,91.9,66.7,275,2026-09-04
SRAD,Sportradar Group AG,Technology,Software - Application,Switzerland,3879926016.0,4,"2022,2023,2024,2025",0.10322147226571532,0.10681663356529121,0.17713876126275765,0.08070283909452036,4.0,4.0,0.20887411542899792,-302443000.0,542203000.0,0.0,True,0.02185554211701768,0.5873482218729134,0.018230630267768683,,NMS,USD,13.11,3879926016.0,33106696.0,65.1,51.0,85.6,100,55,46.1,66.7,276,2026-09-04
NDSN,Nordson Corporation,Industrials,Specialty Industrial Machinery,United States,17683992576.0,4,"2022,2023,2024,2025",0.1290087113592353,-0.06218776640750956,0.11287739602069516,0.20717214375769388,4.0,4.0,0.02527440495521427,1887812000.0,852327000.0,2.2148917023630603,False,-0.022884513038850418,0.549257267858531,0.004086553829080609,,NMS,USD,317.49,17683992576.0,127938945.0,65.4,83.4,35.2,45,80,91.2,66.7,277,2026-09-04
WSO,"Watsco, Inc.",Industrials,Industrial Distribution,United States,13010116608.0,4,"2022,2023,2024,2025",0.26246437169415465,-0.15410111646308516,0.19845855216986125,0.07936197402561848,4.0,4.0,-0.0016088716694803162,-254495000.0,736334000.0,0.0,True,0.045820793001728255,0.2753698567054187,0.004800256756151679,,NYQ,USD,315.38,13010116608.0,143910732.0,88.1,50.4,24.6,100,25,89.1,66.7,278,2026-09-04
MOH,"Molina Healthcare, Inc.",Healthcare,Healthcare Plans,United States,10591901696.0,4,"2022,2023,2024,2025",0.15098693968491425,-0.090086360781463,0.07994409700063816,0.01675631511855758,3.0,4.0,0.12417996732758785,-4306000000.0,976000000.0,0.0,True,-0.09572649572649572,0.11405039656070197,0.014559739844400834,,NYQ,USD,202.91,10591901696.0,220001109.0,72.6,23.4,71.2,100,100,54.9,66.7,279,2026-09-04
LAMR,Lamar Advertising Company,Real Estate,REIT - Specialty,United States,15389854720.0,4,"2022,2023,2024,2025",0.11463328030724394,0.03589105345153186,0.13816097441074843,0.3074280534792249,4.0,4.0,0.03700877477330944,3354095000.0,1101169000.0,3.0459402689323802,False,-3.945508959435351e-06,0.6705503174136975,0.0006516473044338777,,NMS,USD,151.55,15389854720.0,95592436.0,70.6,92.1,40.4,10,80,99.9,66.6,280,2026-09-04
FERG,Ferguson Enterprises Inc.,Industrials,Industrial Distribution,United States,43184451584.0,4,"2022,2023,2024,2025",0.22011233124203702,-0.05373858760472422,0.2004765625,0.052394296781690324,4.0,4.0,0.024994917658773153,3478000000.0,2986000000.0,1.1647689216342934,False,-0.038610038610038644,0.3055589452508955,0.0012637770082802552,,NYQ,USD,223.23,43184451584.0,518364839.0,85.1,37.5,35.0,65,80,99.1,66.6,281,2026-09-04
VVV,Valvoline Inc.,Consumer Cyclical,Auto & Truck Dealerships,United States,4041618432.0,4,"2022,2023,2024,2025",0.16093674593519935,0.11196513006302347,0.20361451327433627,0.00429464087595043,3.0,4.0,0.11431051777848777,1022400000.0,510700000.0,2.0019580967299784,False,-0.28713968957871394,0.38246132487361695,0.003273959396585852,,NYQ,USD,31.69,4041618432.0,67028755.0,85.6,19.4,69.4,45,100,93.9,66.5,282,2026-09-04
PLTR,Palantir Technologies Inc.,Technology,Software - Infrastructure,United States,438630252544.0,4,"2022,2023,2024,2025",0.0575203104493824,0.23837500855220278,0.18873266679914685,0.3193258382204648,4.0,4.0,0.32917125287657845,-6947705000.0,1440160000.0,0.0,True,0.24476685912844554,0.8045073698135612,0.013511602642295676,,NMS,USD,182.53,438630252544.0,7490630729.0,40.6,92.5,94.0,100,0,58.5,66.5,283,2026-09-04
PRIM,Primoris Services Corporation,Industrials,Engineering & Construction,United States,3992620544.0,4,"2022,2023,2024,2025",0.0999402495026813,0.06379127411658604,0.13738118926960807,0.02976544624473744,3.0,4.0,0.1966448082427883,415400000.0,504600000.0,0.823226317875545,False,0.019364199482877265,0.10598429858273806,0.0031169901395069594,,NYQ,USD,73.59,3992620544.0,132898757.0,63.4,28.0,84.1,85,55,94.5,66.5,284,2026-09-04
PLNT,"Planet Fitness, Inc.",Consumer Cyclical,Leisure,United States,3906235136.0,4,"2022,2023,2024,2025",0.12184682620821716,0.05520773546640963,0.1506565386848661,0.17077976603998227,4.0,4.0,0.12227797168893173,2136602000.0,573007000.0,3.728753749954189,False,-0.009675435276305877,0.5165814494587437,0.006108991848184222,,NYQ,USD,51.5,3906235136.0,98726890.0,73.0,76.9,71.0,10,80,84.5,66.5,285,2026-09-04
EAT,"Brinker International, Inc.",Consumer Cyclical,Restaurants,United States,9559175168.0,4,"2023,2024,2025,2026",0.424880748201244,0.5088458106705499,0.6587390259329539,0.060154342394212794,4.0,4.0,0.12003546167355728,236800000.0,840100000.0,0.2818712058088323,False,0.02444444444444449,0.15800130081247868,0.0275295307237766,,NYQ,USD,228.88,9559175168.0,233661532.0,100.0,40.9,70.6,85,55,30.2,66.5,286,2026-09-04
YETI,"YETI Holdings, Inc.",Consumer Cyclical,Leisure,United States,3023926016.0,4,"2022,2023,2024,2025",0.20496213424336518,0.0784906748163994,0.22941202586916778,0.082164561578912,4.0,4.0,0.05412033746218681,40120000.0,274956000.0,0.14591425537176858,False,-0.06422386604736507,0.5505849713904352,0.04181993705372959,,NYQ,USD,41.43,3023926016.0,60542860.0,93.1,51.4,48.7,85,100,19.5,66.5,287,2026-09-04
ROP,"Roper Technologies, Inc.",Technology,Software - Application,United States,41770782720.0,4,"2022,2023,2024,2025",0.060172811427822465,0.011571369725230603,0.06152020560267284,0.26700577226742817,4.0,4.0,0.13731706743631933,9003600000.0,3159300000.0,2.8498718070458646,False,0.013108614232209659,0.6953188965072381,0.0026449785091766246,,NMS,USD,422.35,41770782720.0,405318314.0,42.6,90.1,74.5,45,55,96.2,66.5,288,2026-09-04
MYRG,MYR Group Inc.,Industrials,Engineering & Construction,United States,4423223808.0,4,"2022,2023,2024,2025",0.1255531439190861,0.027250301887684014,0.17035389021766323,0.023273496121070953,3.0,4.0,0.06731221859796,-46647000.0,233444000.0,0.0,True,-0.07367491166077733,0.10413280383660192,0.011987691558274666,,NMS,USD,284.1,4423223808.0,87589735.0,74.6,25.6,54.0,100,100,63.8,66.4,289,2026-09-04
MRU.TO,Metro Inc.,Consumer Defensive,Grocery Stores,Canada,18769158144.0,4,"2022,2023,2024,2025",0.11233146247708052,0.00897603047348583,0.11479459026247245,0.048504151241486035,4.0,4.0,0.052243096734244876,2888000000.0,2078700000.0,1.3893298696300573,False,-0.058592200996677724,0.1982018295522298,0.0013775718502210582,,TOR,CAD,89.69,13610307247.0,35669569.0,69.6,35.9,47.9,65,100,99.1,66.4,290,2026-09-04
YUM,"Yum! Brands, Inc.",Consumer Cyclical,Restaurants,United States,41628332032.0,4,"2022,2023,2024,2025",0.5434461045421082,-0.16176937975399397,0.43611718638719854,0.18582049920214105,4.0,4.0,0.06281386051452831,11053000000.0,2784000000.0,3.9701867816091956,False,-0.03103448275862064,0.4784545894849397,0.011869048659416431,,NYQ,USD,152.54,41628332032.0,387396838.0,94.1,79.6,52.2,10,80,64.2,66.4,291,2026-09-04
IBP,"Installed Building Products, Inc.",Consumer Cyclical,Residential Construction,United States,6317870080.0,4,"2022,2023,2024,2025",0.1811305970406046,-0.0066367939990296665,0.1809998045098653,0.09350029555789748,4.0,4.0,0.03625083976746346,564700000.0,533600000.0,1.0582833583208395,False,-0.053396454618318434,0.3307173672827336,0.01204974381256779,,NYQ,USD,237.7,6317870080.0,92995133.0,79.9,55.9,40.0,65,100,63.4,66.4,292,2026-09-04
WWD,"Woodward, Inc.",Industrials,Aerospace & Defense,United States,20226736128.0,4,"2022,2023,2024,2025",0.11381328803957794,0.07193377724639334,0.14711272079843554,0.08430889440116014,4.0,4.0,0.1439535162475183,374771000.0,680378000.0,0.5508276281713989,False,-0.028298605621778883,0.2461728018281491,0.02021707241672239,,NMS,USD,342.56,20226736128.0,249291874.0,70.0,52.5,75.9,85,80,41.6,66.4,293,2026-09-04
LRN,"Stride, Inc.",Consumer Defensive,Education & Training Services,United States,3565834752.0,4,"2023,2024,2025,2026",0.13914393603774838,0.07140344866846673,0.16943906426496494,0.11919450110857897,4.0,4.0,0.11077297231868277,-412020000.0,579502000.0,0.0,True,0.10776856770723375,0.37410414401677505,0.014391016790148897,,NYQ,USD,85.8,3565834752.0,79043936.0,79.0,64.8,68.8,100,0,55.4,66.3,294,2026-09-04
ATZ.TO,Aritzia Inc.,Consumer Cyclical,Apparel Retail,Canada,14446289920.0,4,"2023,2024,2025,2026",0.2444027922722521,0.0054232979917823165,0.31118519910685155,0.06635599573211631,3.0,4.0,0.1902317747036255,403636000.0,787258000.0,0.5127112077616233,False,0.03640905109235826,0.42041153725600305,0.023232695116845312,,TOR,CAD,126.08,10475613391.0,67407233.0,96.9,44.1,83.3,85,25,36.4,66.2,295,2026-09-04
UNP,Union Pacific Corporation,Industrials,Railroads,United States,171776933888.0,4,"2022,2023,2024,2025",0.1636856208756399,-0.013069144728658832,0.16223594001710387,0.22403422476933965,4.0,4.0,-0.004915242301498868,30548000000.0,12940000000.0,2.360741885625966,False,-0.04503205128205123,0.4499962244033686,0.008199005388157734,,NYQ,USD,289.15,171776933888.0,801506740.0,76.5,85.6,23.5,45,80,76.8,66.0,296,2026-09-04
CNI,Canadian National Railway Company,Industrials,Railroads,Canada,74505527296.0,4,"2022,2023,2024,2025",0.14022412815730728,-0.023861351390524393,0.12643090718660868,0.20855942710560407,4.0,4.0,0.003823943413180375,20856000000.0,9115000000.0,2.2880965441579812,False,-0.0938544239430481,0.42242970115364575,0.008575852089157798,,NYQ,USD,123.17,74505527296.0,190670855.0,69.4,83.7,26.2,45,100,75.0,66.0,297,2026-09-04
ATH.TO,Athabasca Oil Corporation,Energy,Oil & Gas E&P,Canada,5193226752.0,4,"2022,2023,2024,2025",0.12128634615389561,0.04158729594077533,0.13320542933115323,0.14710190682095658,4.0,4.0,-0.03258414829658185,-118534000.0,478130000.0,0.0,True,-0.14297965303660642,0.4954372927229691,0.020571463632423938,,TOR,CAD,10.79,3765827490.0,14238819.0,72.8,71.8,15.3,100,100,41.0,66.0,298,2026-09-04
AZZ,AZZ Inc.,Industrials,Specialty Business Services,United States,4130578688.0,4,"2023,2024,2025,2026",0.12234390403995643,0.1188845858227084,0.19801615246899193,0.14203574033134986,4.0,4.0,0.07624394599537254,477033000.0,566021000.0,0.8427832182904874,False,0.20950436384017945,0.23546720178504651,0.007200396966387369,,NYQ,USD,137.45,4130578688.0,40514487.0,73.5,70.3,57.5,85,0,80.5,65.9,299,2026-09-04
B,Barrick Mining Corporation,Basic Materials,Gold,Canada,75315666944.0,4,"2022,2023,2024,2025",0.11745748817668852,0.1909325538878559,0.2346985706314429,0.10648674971183328,4.0,4.0,0.15470910306736108,-1495000000.0,11069000000.0,0.0,True,-0.03613777526821005,0.3799418140221008,0.08223337206855573,,NYQ,USD,45.76,75315666944.0,495028980.0,71.2,60.4,78.1,100,80,8.4,65.9,300,2026-09-04
SONY,Sony Group Corporation,Technology,Consumer Electronics,Japan,145821122560.0,4,"2023,2024,2025,2026",0.0969477662737019,0.01942475183564174,0.11808738262876846,0.07536440295703944,3.0,4.0,0.04377577910713426,-567377000000.0,2638604000000.0,0.0,True,-0.031206474745383517,0.29443806494475466,0.009378360700759621,,NYQ,USD,24.96,145821122560.0,127588731.0,61.8,48.6,44.0,100,80,72.3,65.6,301,2026-09-04
ALS.TO,Altius Minerals Corporation,Basic Materials,Other Industrial Metals & Mining,Canada,3750486272.0,4,"2022,2023,2024,2025",0.1397662534186298,0.24067124731900594,0.3154979437931841,0.5375219775607731,4.0,4.0,-0.19242166017213214,-205713000.0,397749000.0,0.0,True,-0.0011620077627801928,0.738772701775386,0.04173521710704875,,TOR,CAD,63.84,2719635590.0,14808321.0,79.2,98.0,1.8,100,80,19.5,65.6,302,2026-09-04
ETN,Eaton Corporation plc,Industrials,Specialty Industrial Machinery,Ireland,154241400832.0,4,"2022,2023,2024,2025",0.1266723737588677,0.04555084461324181,0.146262517053206,0.12193449166909398,4.0,4.0,0.09769979247934413,9273000000.0,6179000000.0,1.500728273183363,False,-0.0239520958083832,0.36333181543152865,0.019332853405339787,,NYQ,USD,397.12,154241400832.0,897641708.0,74.7,65.3,63.9,65,80,43.7,65.6,303,2026-09-04
BURL,"Burlington Stores, Inc.",Consumer Cyclical,Apparel Retail,United States,16241497088.0,4,"2023,2024,2025,2026",0.15973040639473304,0.047323306156695416,0.17052331003230423,0.01574935169157616,3.0,4.0,0.09948517563980652,849801000.0,1305030000.0,0.6511735362405462,False,-0.026934340905297338,0.42607481807804704,0.012649802540637725,,NYQ,USD,258.56,16241497088.0,236141814.0,84.9,23.0,64.4,85,80,61.7,65.5,304,2026-09-04
INVX,"Innovex International, Inc.",Energy,Oil & Gas Equipment & Services,United States,2154023424.0,4,"2022,2023,2024,2025",0.15954312400201529,-0.12047938478498386,0.08032524186937871,0.088955586812801,3.0,4.0,0.27933975980545656,-124120000.0,204351000.0,0.0,True,3.4406581922523936,0.3380764970589301,0.017106035089830204,,NYQ,USD,30.8,2154023424.0,17478723.0,74.7,54.2,91.6,100,0,48.2,65.5,305,2026-09-04
HUBB,Hubbell Incorporated,Industrials,Electrical Equipment & Parts,United States,24310906880.0,4,"2022,2023,2024,2025",0.15629141639552538,0.006550373576778179,0.1527562891808271,0.12963546303619178,4.0,4.0,0.05708836650420146,1842900000.0,1389300000.0,1.3264953573742173,False,-0.011090573012939031,0.33462279353381674,0.022136876658553042,,NYQ,USD,460.15,24310906880.0,265881572.0,83.8,67.3,50.0,65,80,37.9,65.4,306,2026-09-04
PSMT,"PriceSmart, Inc.",Consumer Defensive,Discount Stores,United States,5361090048.0,4,"2022,2023,2024,2025",0.10379025467474809,0.010553632217426431,0.10793207836792267,0.013458901827369142,4.0,4.0,0.09030252530821015,14847000.0,306174000.0,0.048492033941484255,False,-0.017549019607843164,0.1713714661915045,0.0022853811207782185,,NMS,USD,173.72,5361090048.0,50556342.0,65.2,22.2,61.8,85,80,97.2,65.3,307,2026-09-04
CF,"CF Industries Holdings, Inc.",Basic Materials,Agricultural Inputs,United States,20855906304.0,4,"2022,2023,2024,2025",0.2967297337576816,-0.2860038182513652,0.2377191108903514,0.2520388108147206,4.0,4.0,-0.1412477014500929,1233000000.0,3282000000.0,0.3756855575868373,False,-0.20568070519098924,0.4096628921091236,0.0677699221585691,,NYQ,USD,137.81,20855906304.0,359356388.0,90.5,88.3,4.0,85,100,10.8,65.3,308,2026-09-04
NVT,nVent Electric plc,Industrials,Electrical Equipment & Parts,United Kingdom,24616972288.0,4,"2022,2023,2024,2025",0.08131442408635303,0.008089435618724342,0.0920476134215501,0.1531051571904724,4.0,4.0,0.1926087246007977,1322300000.0,832800000.0,1.587776176753122,False,-0.021984551396316054,0.38524612770271827,0.01852945831672088,,NYQ,USD,152.09,24616972288.0,348478342.0,54.3,73.1,83.7,65,80,45.4,65.3,309,2026-09-04
STN.TO,Stantec Inc.,Industrials,Engineering & Construction,Canada,11315277824.0,4,"2022,2023,2024,2025",0.10480063061037473,0.018780811708471637,0.11143625572391565,0.06736778197249693,4.0,4.0,0.1278155512841268,1449800000.0,1096800000.0,1.3218453683442744,False,0.027668021946852583,0.4271974211492036,0.003661373787505956,,TOR,CAD,100.67,8205184622.0,36959272.0,65.5,45.0,72.2,65,55,92.6,65.3,310,2026-09-04
MRK,"Merck & Co., Inc.",Healthcare,Drug Manufacturers - General,United States,375848894464.0,4,"2022,2023,2024,2025",0.16064791382612603,-0.009746570815442002,0.19068505590269264,0.21807611441214725,4.0,4.0,0.03122213027882159,34774000000.0,28262000000.0,1.2304153987686646,False,-0.013768686073957537,0.7373243221374515,0.02108641401453299,,NYQ,USD,152.34,375848894464.0,1643031536.0,75.4,85.0,37.4,65,80,39.9,65.2,311,2026-09-04
WFRD,Weatherford International plc,Energy,Oil & Gas Equipment & Services,United States,6895912448.0,4,"2022,2023,2024,2025",0.18390364772650403,0.08118176921178973,0.18195889531149648,0.08808843823633507,4.0,4.0,0.04327815425221204,428000000.0,958000000.0,0.44676409185803756,False,0.008333333333333304,0.3248897368236535,0.01806285168965389,,NMS,USD,96.43,6895912448.0,120635087.0,90.4,53.6,43.7,85,55,46.3,65.1,312,2026-09-04
TDY,Teledyne Technologies Incorporated,Technology,Scientific & Technical Instruments,United States,28178223104.0,4,"2022,2023,2024,2025",0.07317200024235238,0.0009874547371401948,0.07267934376756253,0.14281567551066798,4.0,4.0,0.03859891847624208,2123000000.0,1490400000.0,1.4244498121309717,False,-0.0062893081761006275,0.42919042667020196,0.002311492598758284,,NYQ,USD,607.87,28178223104.0,212526549.0,50.0,70.5,41.3,65,80,97.2,65.1,313,2026-09-04
OSW,OneSpaWorld Holdings Limited,Consumer Cyclical,Leisure,Bahamas,2260376320.0,4,"2022,2023,2024,2025",0.09665584701353522,0.004030174719704599,0.12282003658162874,0.06530602384207376,4.0,4.0,0.2071884680321634,67661000.0,107109000.0,0.6317022845885967,False,0.09001629777614206,0.16139378348172712,0.005519149401972452,,NCM,USD,22.27,2260376320.0,20794479.0,61.6,43.4,85.4,85,25,86.2,65.1,314,2026-09-04
PH,Parker-Hannifin Corporation,Industrials,Specialty Industrial Machinery,United States,121575309312.0,4,"2023,2024,2025,2026",0.14726070193957563,0.05537561685189879,0.1659923089784317,0.15899895925863342,4.0,4.0,0.04086358943321322,8019000000.0,5901000000.0,1.358922216573462,False,0.002911022419644471,0.36005879101775096,0.014842792141518,,NYQ,USD,964.52,121575309312.0,619129246.0,81.6,74.8,42.2,65,55,54.1,65.0,315,2026-09-04
LMT,Lockheed Martin Corporation,Industrials,Aerospace & Defense,United States,122999930880.0,4,"2022,2023,2024,2025",0.25340686041567917,-0.042702579149314246,0.20985001231483763,0.08789590263792722,4.0,4.0,0.043838941337237536,17579000000.0,8727000000.0,2.0143233642718004,False,-0.11753590325018892,0.1125355317357629,0.01307720408819389,,NYQ,USD,532.95,122999930880.0,636899233.0,87.7,53.6,44.2,45,100,60.2,65.0,316,2026-09-04
TDG,TransDigm Group Incorporated,Industrials,Aerospace & Defense,United States,64000815104.0,4,"2022,2023,2024,2025",0.13428164116083413,0.05744851991259815,0.16304732156033253,0.19570320797440233,4.0,4.0,0.17606144961795578,27207000000.0,4568000000.0,5.955998248686515,False,0.0,0.5860219568320864,0.010953948441394166,,NYQ,USD,1157.83,64000815104.0,456337854.0,77.6,81.3,81.6,10,55,67.2,65.0,317,2026-09-04
SHOP,Shopify Inc.,Technology,Software - Application,Canada,189301866496.0,4,"2022,2023,2024,2025",0.03558034366508254,0.18585446991910198,0.11416610999777332,0.11212275948191068,3.0,4.0,0.27313122172024773,-5579000000.0,1916000000.0,0.0,True,0.029722097054553087,0.49349183431976773,0.008484350505854759,,NMS,USD,145.88,189301866496.0,1305133509.0,28.6,62.3,90.7,100,55,75.4,65.0,318,2026-09-04
AU,AngloGold Ashanti plc,Basic Materials,Gold,United States,56479252480.0,4,"2022,2023,2024,2025",0.14250224779629206,0.2477973803420479,0.3281741438275251,0.1613949976964208,3.0,4.0,0.30018853474202034,-624000000.0,5778000000.0,0.0,True,0.2067858690553055,0.3310373408774652,0.10553685973765979,,NYQ,USD,111.67,56479252480.0,361452339.0,80.2,75.4,92.8,100,0,5.8,64.9,319,2026-09-04
CALM,"Cal-Maine Foods, Inc.",Consumer Defensive,Farm Products,United States,3551056640.0,4,"2023,2024,2025,2026",0.28745749500799833,-0.3693411886729265,0.10063763953186272,0.1810133713325252,4.0,4.0,-0.025498294594134552,-924057000.0,467100000.0,0.0,True,-0.02156284555842236,0.3195441781541674,0.08979799645830902,,NMS,USD,76.03,3551056640.0,68365264.0,89.7,78.8,17.1,100,80,7.8,64.9,320,2026-09-04
CHD,"Church & Dwight Co., Inc.",Consumer Defensive,Household & Personal Products,United States,23385931776.0,4,"2022,2023,2024,2025",0.11100708238058281,0.051851850422872395,0.1305103668261563,0.1512581000961432,4.0,4.0,0.048889197884673496,1796100000.0,1299500000.0,1.3821469796075414,False,-0.00812017864393022,0.44096649528276244,0.014099315024699636,,NYQ,USD,98.59,23385931776.0,183150249.0,68.8,72.6,46.1,65,80,56.4,64.9,321,2026-09-04
HON,Honeywell International Inc.,Industrials,Conglomerates,United States,65806254080.0,4,"2022,2023,2024,2025",0.13258960503084852,-0.03112819175654956,0.11478260869565217,0.14044384281188113,4.0,4.0,0.0182371617394117,22093000000.0,8208000000.0,2.691642300194932,False,-0.05899575464792861,0.37469862289458733,0.006174311054126227,,NMS,USD,207.63,65806254080.0,854760802.0,66.7,69.5,32.3,45,100,83.9,64.8,322,2026-09-04
FELE,"Franklin Electric Co., Inc.",Industrials,Specialty Industrial Machinery,United States,4388871680.0,4,"2022,2023,2024,2025",0.13737135855245947,-0.04903186222595024,0.10529227774085487,0.09038879041223474,4.0,4.0,0.014078646736795264,67349000.0,268166000.0,0.25114667780404676,False,-0.03191489361702127,0.34634385758944775,0.008431101835110576,,NMS,USD,99.27,4388871680.0,27888715.0,68.6,54.8,30.5,85,80,75.6,64.8,323,2026-09-04
RAMP,"LiveRamp Holdings, Inc.",Technology,Software - Infrastructure,United States,2295618560.0,4,"2023,2024,2025,2026",0.0018986957424965423,0.16163197363971693,0.060554394693712515,0.15720689289435388,4.0,4.0,0.10865360402930424,-357482000.0,111495000.0,0.0,True,-0.019697974439353727,0.7150787915381217,0.007908248332105456,,NYQ,USD,37.76,2295618560.0,39688403.0,20.8,74.1,67.6,100,80,77.8,64.8,324,2026-09-04
COKE,"Coca-Cola Consolidated, Inc.",Consumer Defensive,Beverages - Non-Alcoholic,United States,13139791872.0,4,"2022,2023,2024,2025",0.2636311489270087,0.03238794094432207,0.2941474691221071,0.06867396685320054,4.0,4.0,0.05241632511956995,2504091000.0,1034126000.0,2.421456379590108,False,-0.0009994683678894445,0.38858271383775783,0.01266082788255679,,NMS,USD,197.4,13139791872.0,102060538.0,98.2,45.4,48.0,45,80,61.7,64.8,325,2026-09-04
SWKS,"Skyworks Solutions, Inc.",Technology,Semiconductors,United States,10758804480.0,4,"2022,2023,2024,2025",0.11816029424301878,-0.09763195422006722,0.07428632146189044,0.2906177273384857,4.0,4.0,-0.09344825684967506,-171100000.0,1016800000.0,0.0,True,-0.050214329454990825,0.4349438989183473,0.026015339497736604,,NMS,USD,71.5,10758804480.0,406628079.0,61.7,91.5,7.1,100,100,32.4,64.7,326,2026-09-04
FTT.TO,Finning International Inc.,Industrials,Industrial Distribution,Canada,11758644224.0,4,"2022,2023,2024,2025",0.12729668634967642,0.005961924333560409,0.1324754378470739,0.028600230557351905,3.0,4.0,0.04506971958430617,1525000000.0,1219000000.0,1.251025430680886,False,-0.1418243201579903,0.23655210515610453,0.003409435104432963,,TOR,CAD,90.06,8526688276.0,31119366.0,75.0,27.3,44.6,65,100,93.6,64.7,327,2026-09-04
FNV,Franco-Nevada Corporation,Basic Materials,Gold,Canada,52135718912.0,4,"2022,2023,2024,2025",0.07726962715508667,0.036501623662308205,0.14568322270244782,0.25754747515798615,3.0,4.0,0.11479252608663693,-670900000.0,1723000000.0,0.0,True,0.005732152162584603,0.6744691140680165,0.041876764940792406,,NYQ,USD,270.31,52135718912.0,235013731.0,52.1,88.9,69.6,100,55,19.3,64.6,328,2026-09-04
KTB,"Kontoor Brands, Inc.",Consumer Cyclical,Apparel Manufacturing,United States,4026332160.0,4,"2022,2023,2024,2025",0.22274979902478914,-0.10171472839889206,0.1575083954066161,0.10317905166129276,4.0,4.0,0.062066312704760485,1034887000.0,403209000.0,2.566626737002398,False,-0.014992451107756044,0.4363146642292176,0.013299505473816918,,NYQ,USD,73.67,4026332160.0,58831904.0,85.5,59.3,51.8,45,80,59.2,64.6,329,2026-09-04
HESM,Hess Midstream LP,Energy,Oil & Gas Midstream,United States,8216207872.0,4,"2022,2023,2024,2025",0.21866896515181858,-0.041794259573834314,0.20219063198396425,0.4605554075542255,4.0,4.0,0.08298481583351003,3770100000.0,1238100000.0,3.0450690574267023,False,1.9734299516908211,0.8615181813901552,0.004427774284679209,,NYQ,USD,39.85,8216207872.0,44460286.0,84.7,97.0,59.7,10,0,90.1,64.6,330,2026-09-04
CNQ.TO,Canadian Natural Resources Limited,Energy,Oil & Gas E&P,Canada,145438834688.0,4,"2022,2023,2024,2025",0.1777316971788005,-0.039731096123596404,0.1920141678828526,0.21279106547569196,4.0,4.0,-0.037479788648146606,15944000000.0,21887000000.0,0.7284689541737104,False,-0.08721769049637051,0.2729972957255691,0.041886733407209074,,TOR,CAD,70.55,105463825843.0,711668366.0,79.2,84.4,14.4,85,100,19.3,64.5,331,2026-09-04
BSY,"Bentley Systems, Incorporated",Technology,Software - Application,United States,10751485952.0,4,"2022,2023,2024,2025",0.09644189895626402,0.030363521637760932,0.11889947402417643,0.30232425109722705,4.0,4.0,0.10966522767722364,1125634000.0,431935000.0,2.606026369708405,False,0.003990940483268091,0.7981109874074434,0.014383686128857088,,NMS,USD,35.59,10751485952.0,105159837.0,61.3,91.9,68.2,45,55,55.4,64.5,332,2026-09-04
TEL,TE Connectivity plc,Technology,Electronic Components,Ireland,60626964480.0,4,"2022,2023,2024,2025",0.13880679929031858,-0.030990776318169988,0.13462169702937798,0.15404318964857233,4.0,4.0,0.019694347779123156,4439000000.0,4119000000.0,1.0776887594076232,False,-0.07999999999999996,0.3334643405566232,0.015232947168877688,,NYQ,USD,209.41,60626964480.0,509533899.0,68.9,73.3,32.9,65,100,52.9,64.5,333,2026-09-04
UHS,"Universal Health Services, Inc.",Healthcare,Medical Care Facilities,United States,9972647936.0,4,"2022,2023,2024,2025",0.10038115462314111,0.06511938197723302,0.1352878669988044,0.043687289297367274,4.0,4.0,0.09025656499826118,4614754000.0,2743141000.0,1.68228829651848,False,-0.12690974103369812,0.8966974003013974,0.005715275131934214,,NYQ,USD,169.21,9972647936.0,148640832.0,63.7,33.7,61.7,65,100,85.5,64.5,334,2026-09-04
JBL,Jabil Inc.,Technology,Electronic Components,United States,32056467456.0,4,"2022,2023,2024,2025",0.21979821413017664,-0.035285886357725504,0.17387539790814005,0.024956716881477846,4.0,4.0,-0.03802902514729234,952000000.0,1713000000.0,0.5557501459427904,False,-0.23199445983379496,0.0856680385036509,0.0054189687206538184,,NYQ,USD,305.92,32056467456.0,374868250.0,85.0,26.1,14.3,85,100,86.8,64.4,335,2026-09-04
UFPT,"UFP Technologies, Inc.",Healthcare,Medical Devices,United States,2219323648.0,4,"2022,2023,2024,2025",0.14022652171162892,-0.013731723541765467,0.13666029478020209,0.0830493219828877,4.0,4.0,0.19437588069369793,115154000.0,111467000.0,1.0330770541954122,False,0.018400104397755523,0.2772867743499937,0.013360272041181639,,NCM,USD,286.52,2219323648.0,55733584.0,69.5,51.8,83.7,65,55,59.1,64.4,336,2026-09-04
DELL,Dell Technologies Inc.,Technology,Computer Hardware,United States,333661470720.0,4,"2023,2024,2025,2026",0.20598837466406067,0.12050933025187457,0.24837171973271793,0.041830686007978554,4.0,4.0,0.035349838884853435,19975000000.0,11852000000.0,1.6853695578805266,False,-0.09180482337317397,0.22059472209837305,0.013612710083408423,,NYQ,USD,516.39,333661470720.0,3843752063.0,93.3,33.0,39.5,65,100,58.0,64.3,337,2026-09-04
SANM,Sanmina Corporation,Technology,Electronic Components,United States,10488466432.0,4,"2022,2023,2024,2025",0.11771378866423725,-0.012945930113657703,0.10626476692221913,0.029414294013672418,4.0,4.0,0.008710521169985386,-625793000.0,479045000.0,0.0,True,-0.12578227735792258,0.0836235888344854,0.0034310482239984837,,NMS,USD,195.69,10488466432.0,201273036.0,61.5,27.7,28.9,100,100,93.4,64.3,338,2026-09-04
GSK,GSK plc,Healthcare,Drug Manufacturers - General,United Kingdom,101882724352.0,4,"2022,2023,2024,2025",0.1765685813386816,0.022116064184851847,0.20659446298133285,0.1451901708025496,4.0,4.0,0.03664171374431291,13740000000.0,10402000000.0,1.3208998269563546,False,0.008080313418217466,0.7068446053627631,0.01935099473518071,,NYQ,USD,50.87,101882724352.0,197251528.0,88.8,71.2,40.2,65,55,43.6,64.3,339,2026-09-04
STX,Seagate Technology Holdings plc,Technology,Computer Hardware,Singapore,181000568832.0,4,"2023,2024,2025,2026",0.27356714434762663,0.6338325853963719,0.5981105722260991,0.1326671923147802,4.0,4.0,0.18203419083564842,1861000000.0,4250000000.0,0.43788235294117644,False,0.106280193236715,0.30623901481478505,0.10580318538315023,,NMS,USD,798.61,181000568832.0,3817148960.0,99.0,67.9,82.3,85,0,5.8,64.3,340,2026-09-04
TOL,"Toll Brothers, Inc.",Consumer Cyclical,Residential Construction,United States,13066444800.0,4,"2022,2023,2024,2025",0.12958285448845244,-0.005058713573870957,0.11695006967569786,0.09709483458571305,4.0,4.0,0.021936285412006873,1528916000.0,1802699000.0,0.8481260598691185,False,-0.1542360669633397,0.25883043231520053,0.01377118288502682,,NYQ,USD,141.8,13066444800.0,141901954.0,65.6,57.0,34.1,85,100,57.3,64.3,341,2026-09-04
STNG,Scorpio Tankers Inc.,Energy,Oil & Gas Midstream,Monaco,4012017152.0,4,"2022,2023,2024,2025",0.13659939769069362,-0.14621452373497393,0.0649954028355805,0.5327168780598726,4.0,4.0,-0.15641799301199333,-132751000.0,591873000.0,0.0,True,-0.2292782465904165,0.5591824469447604,0.057873657834245314,,NYQ,USD,80.11,4012017152.0,62199807.0,68.3,97.9,3.1,100,100,13.6,64.2,342,2026-09-04
DOV,Dover Corporation,Industrials,Specialty Industrial Machinery,United States,25733351424.0,4,"2022,2023,2024,2025",0.13053074735993636,-0.026081984304114958,0.11041367482771644,0.10960033542544555,4.0,4.0,0.010445978801371991,1651164000.0,1863601000.0,0.8860072515522368,False,-0.040516731083951374,0.38078047813950183,0.010651886942536682,,NYQ,USD,191.07,25733351424.0,216463203.0,65.7,61.3,29.4,85,80,68.2,64.1,343,2026-09-04
SLB,SLB N.V.,Energy,Oil & Gas Equipment & Services,United States,85204664320.0,4,"2022,2023,2024,2025",0.1324812205068679,-0.027202505579730238,0.10331870735196715,0.11475704901811755,4.0,4.0,0.08326017106596773,8600000000.0,6958000000.0,1.235987352687554,False,0.0,0.1923982101693117,0.009802644232614673,,NYQ,USD,57.41,85204664320.0,794164931.0,66.6,63.2,59.9,65,55,70.8,64.1,344,2026-09-04
MGY,Magnolia Oil & Gas Corporation,Energy,Oil & Gas E&P,United States,6598209024.0,4,"2022,2023,2024,2025",0.27194611461997287,-0.3940501797723781,0.15203722598361313,0.37093210068992,4.0,4.0,-0.08177823725263655,126466000.0,876785000.0,0.1442383252450715,False,-0.01228306395389056,0.5758369443761534,0.10148775801397021,,NYQ,USD,27.21,6598209024.0,120959552.0,88.8,94.9,8.3,85,80,6.2,64.1,345,2026-09-04
AYI,Acuity Inc.,Industrials,Electrical Equipment & Parts,United States,9832929280.0,4,"2022,2023,2024,2025",0.14650902753910092,-0.048192280692771094,0.11882847833890162,0.1153614692853397,4.0,4.0,0.027486175864545936,474300000.0,675800000.0,0.7018348623853211,False,-0.0867080386780199,0.4482954519848543,0.024021516667627623,,NYQ,USD,328.47,9832929280.0,113207186.0,71.3,63.5,36.0,85,100,35.3,64.0,346,2026-09-04
RUS.TO,Russel Metals Inc.,Industrials,Industrial Distribution,Canada,4069139712.0,4,"2022,2023,2024,2025",0.14196864733926357,-0.11221539336443122,0.09958054260279779,0.05890741403448617,4.0,4.0,-0.029043736695606337,183700000.0,340600000.0,0.5393423370522608,False,-0.10810545072203759,0.216490512150801,0.004837846074458947,,TOR,CAD,74.11,2950704623.0,12923033.0,70.1,40.1,16.1,85,100,88.9,64.0,347,2026-09-04
VSXY,,Consumer Cyclical,Apparel Retail,United States,5853770240.0,4,"2023,2024,2025,2026",0.16035518763504641,-0.0951724976431238,0.1378612779901693,0.03795137771210442,4.0,4.0,0.01086307121408936,457000000.0,516000000.0,0.8856589147286822,False,-0.00766037421641752,0.36225216612139294,0.003924393712702882,,NYQ,USD,73.64,5853770240.0,128264311.0,75.2,31.3,29.5,85,80,91.7,64.0,348,2026-09-04
ALV,"Autoliv, Inc.",Consumer Cyclical,Auto Parts,Sweden,9158313984.0,4,"2022,2023,2024,2025",0.14505618344708388,0.06527444804107116,0.1720389523809524,0.04148108056421453,4.0,4.0,0.06944553366991824,1549000000.0,1496000000.0,1.035427807486631,False,-0.11811926605504586,0.177264565821441,0.012888193888000225,,NYQ,USD,125.05,9158313984.0,84974351.0,80.9,32.7,54.7,65,100,60.9,63.9,349,2026-09-04
UFPI,"UFP Industries, Inc.",Basic Materials,Lumber & Wood Production,United States,4589435904.0,4,"2022,2023,2024,2025",0.15701114487712195,-0.15927777248874883,0.09245852744601726,0.07042138780470167,4.0,4.0,-0.1308651784414364,-591733000.0,564209000.0,0.0,True,-0.10049772512002364,0.1836504621473697,0.01031767328146082,,NMS,USD,83.2,4589435904.0,38553216.0,74.2,46.0,4.4,100,100,69.4,63.8,350,2026-09-04
KFY,Korn Ferry,Industrials,Staffing & Employment Services,United States,4395571200.0,4,"2023,2024,2025,2026",0.11098980404757713,0.011205930007969073,0.12454095634604168,0.09926099334364456,4.0,4.0,0.00863212533407376,-542784000.0,507292000.0,0.0,True,0.012258350519438022,0.888510425184875,0.010726505261343085,,NYQ,USD,85.59,4395571200.0,43360408.0,68.8,57.8,28.8,100,55,68.0,63.8,351,2026-09-04
AMR,"Alpha Metallurgical Resources, Inc.",Basic Materials,Coking Coal,United States,2753634816.0,4,"2022,2023,2024,2025",0.3890329695631571,-1.0577102927381299,-0.03818704210824095,0.15836588413881192,4.0,4.0,-0.19627569083580199,-402140000.0,95511000.0,0.0,True,-0.28680359669477073,0.20371875737977238,0.1534931598482398,,NYQ,USD,217.18,2753634816.0,64876010.0,92.7,74.4,1.7,100,100,2.6,63.7,352,2026-09-04
SNY,Sanofi,Healthcare,Drug Manufacturers - General,France,106220781568.0,4,"2022,2023,2024,2025",0.07028857749500844,-0.026762593232717513,0.06282666221683747,0.1679013352426625,4.0,4.0,0.04821973515282685,10933000000.0,12479000000.0,0.8761118679381361,False,-0.02100806773703967,0.7065326164646186,0.008966600102164558,,NMS,USD,44.33,106220781568.0,146621741.0,38.7,76.6,45.8,85,80,73.7,63.7,353,2026-09-04
EOG,"EOG Resources, Inc.",Energy,Oil & Gas E&P,United States,76560285696.0,4,"2022,2023,2024,2025",0.20926055445624456,-0.12858160345884131,0.13666365664506533,0.2071504426681529,4.0,4.0,-0.08514403108878366,4423000000.0,11058000000.0,0.3999819135467535,False,-0.06984667802385014,0.7037193010335454,0.05348201084023188,,NYQ,USD,145.96,76560285696.0,492960925.0,83.6,83.3,7.7,85,100,14.8,63.7,354,2026-09-04
MAS,Masco Corporation,Industrials,Building Products & Equipment,United States,14083125248.0,4,"2022,2023,2024,2025",0.35835315266523726,-0.03174955113008365,0.338433900760594,0.11205240297636196,4.0,4.0,-0.04492168924034623,2300000000.0,1384000000.0,1.6618497109826589,False,-0.09482758620689657,0.3461119538579341,0.019564413899635015,,NYQ,USD,71.42,14083125248.0,169312180.0,92.2,62.3,12.8,65,100,43.2,63.7,355,2026-09-04
CCEP,Coca-Cola Europacific Partners PLC,Consumer Defensive,Beverages - Non-Alcoholic,United Kingdom,48150888448.0,4,"2022,2023,2024,2025",0.09798675362170625,0.03468097893534955,0.12283083438025799,0.11076940127019949,4.0,4.0,0.06464885785509078,9077000000.0,3766000000.0,2.410249601699416,False,-0.005145889432005779,0.3588283343230636,0.005342663598535736,,NMS,USD,109.15,48150888448.0,209109679.0,62.2,61.9,52.7,45,80,87.0,63.6,356,2026-09-04
CARG,"CarGurus, Inc.",Communication Services,Internet Content & Information,United States,3048985088.0,4,"2022,2023,2024,2025",0.24602268707544844,0.4025025768570505,0.509266302866397,0.18981704116206968,4.0,4.0,-0.18166679056329382,315000.0,273290000.0,0.0011526217571078343,False,-0.21646871759242348,0.7871185947194509,0.22515572826008107,,NMS,USD,34.23,3048985088.0,38154709.0,97.0,80.3,2.2,85,100,1.5,63.6,357,2026-09-04
TECH,Bio-Techne Corporation,Healthcare,Biotechnology,United States,11361480704.0,4,"2023,2024,2025,2026",0.080208358679105,-0.04533936950652294,0.08198277374653466,0.20521120218136712,4.0,4.0,0.02246362045511785,24375000.0,347669000.0,0.07010978833315597,False,-0.013209354051465838,0.6617345029824638,0.01063399433783336,,NMS,USD,72.45,11361480704.0,345443556.0,43.9,82.7,34.2,85,80,68.4,63.6,358,2026-09-04
LII,Lennox International Inc.,Industrials,Building Products & Equipment,United States,13343184896.0,4,"2022,2023,2024,2025",0.39391789135219785,-0.073100775030148,0.3395253363409329,0.10239425793085088,4.0,4.0,0.032615465451786285,1285300000.0,1155700000.0,1.1121398286752617,False,-0.011173184357541888,0.3124853859267512,0.024952891638411908,,NYQ,USD,386.08,13343184896.0,187975403.0,92.9,58.9,38.1,65,80,34.0,63.6,359,2026-09-04
SITE,"SiteOne Landscape Supply, Inc.",Industrials,Industrial Distribution,United States,4298746368.0,4,"2022,2023,2024,2025",0.10721740466403498,-0.067688197871529,0.09024975193191823,0.05230528313819034,4.0,4.0,0.05431382502768711,194800000.0,378900000.0,0.5141198205331222,False,-0.0152343220643677,0.34798356406771097,0.0038229918572124885,,NYQ,USD,98.47,4298746368.0,80573668.0,56.4,37.4,48.8,85,80,92.1,63.5,360,2026-09-04
KXS.TO,Kinaxis Inc.,Technology,Software - Application,Canada,4816061952.0,4,"2022,2023,2024,2025",0.05845999194882302,0.09914588358756084,0.14350365191463318,0.14953771282015924,4.0,4.0,0.14311488700669917,-276706000.0,99329000.0,0.0,True,0.008254116633495512,0.6263107440743547,0.01833951738857579,,TOR,CAD,177.14,3492329405.0,12723524.0,41.3,72.3,75.7,100,55,45.9,63.5,361,2026-09-04
ONTO,Onto Innovation Inc.,Technology,Semiconductor Equipment & Materials,United States,15431223296.0,4,"2022,2023,2024,2025",0.08822389988410982,-0.07648662392722393,0.060521753535934406,0.20388912945970428,4.0,4.0,2.6528462233832428e-05,-622147000.0,211790000.0,0.0,True,-0.009866570211397807,0.5176550211807118,0.014124223655728515,,NYQ,USD,252.46,15431223296.0,310865611.0,47.5,82.2,24.9,100,80,56.3,63.5,362,2026-09-04
RS,"Reliance, Inc.",Basic Materials,Steel,United States,20331966464.0,4,"2022,2023,2024,2025",0.15174766566632075,-0.1235577755384507,0.1009967407752299,0.0732395723362706,4.0,4.0,-0.05660857585540069,1204300000.0,1412400000.0,0.8526621353724158,False,-0.14017399788600704,0.29993828898869407,0.008546367200853366,,NYQ,USD,398.24,20331966464.0,146648296.0,72.8,47.2,11.4,85,100,75.1,63.4,363,2026-09-04
GEN,Gen Digital Inc.,Technology,Software - Infrastructure,United States,18753730560.0,4,"2023,2024,2025,2026",0.0947036044000639,0.044985138853152806,0.1231794207458129,0.3438461119718682,4.0,4.0,0.1465900735417971,7794000000.0,2573000000.0,3.02914885347843,False,-0.008012820512820484,0.8043642277891287,0.013510460508379259,,NMS,USD,31.33,18753730560.0,176165739.0,59.9,93.4,76.5,10,80,58.6,63.4,364,2026-09-04
TRNO,Terreno Realty Corporation,Real Estate,REIT - Industrial,United States,7170246656.0,4,"2022,2023,2024,2025",0.0500032144986394,0.009240474293589866,0.06765163527135849,0.3982466412929095,4.0,4.0,0.19923576160367018,918316000.0,557429000.0,1.647413392557617,False,0.3590229099172233,0.752042155565068,0.005608753089504512,,NYQ,USD,65.8,7170246656.0,57758253.0,35.4,95.7,84.5,65,0,85.9,63.3,365,2026-09-04
BLBD,Blue Bird Corporation,Industrials,Farm & Heavy Construction Machinery,United States,2014621824.0,4,"2022,2023,2024,2025",0.1925345327324811,0.5542106385480743,0.37885111601526006,0.05862951695326154,3.0,4.0,0.22730273758563957,-138989000.0,192352000.0,0.0,True,0.06005844734621246,0.14085699355370254,0.06314898571086809,,NGM,USD,63.66,2014621824.0,32393391.0,91.4,39.9,87.4,100,25,12.1,63.3,366,2026-09-04
ESE,ESCO Technologies Inc.,Technology,Scientific & Technical Instruments,United States,7095305728.0,4,"2022,2023,2024,2025",0.0765053623590348,0.0034147674539721506,0.07507228681239074,0.10710824929446688,4.0,4.0,0.08503632822052265,84650000.0,245376000.0,0.34498076421491913,False,-0.0060229408831089515,0.41088253020624965,0.014185116791192765,,NYQ,USD,273.87,7095305728.0,64915954.0,51.7,60.7,60.3,85,80,56.0,63.3,367,2026-09-04
HPQ,HP Inc.,Technology,Computer Hardware,United States,28794185728.0,4,"2022,2023,2024,2025",0.3715188660511674,-0.09656199597407811,0.32783304721030043,0.05595046875644208,4.0,4.0,-0.04209584055759441,5976000000.0,4139000000.0,1.4438270113554,False,-0.09238095238095234,0.20895880844983267,0.009617819101850354,,NYQ,USD,31.93,28794185728.0,500754422.0,92.4,38.8,13.4,65,100,71.0,63.3,368,2026-09-04
NOVT,Novanta Inc.,Technology,Scientific & Technical Instruments,United States,5568288256.0,4,"2022,2023,2024,2025",0.08470798408366484,-0.032552052144446716,0.05761499818288229,0.09819209661743708,4.0,4.0,0.0443495627225452,-78964000.0,178596000.0,0.0,True,0.022083600211646015,0.44529349451306927,0.005101722785219744,,NMS,USD,147.24,5568288256.0,71745046.0,45.9,57.4,44.4,100,55,87.7,63.3,369,2026-09-04
BBY,"Best Buy Co., Inc.",Consumer Cyclical,Specialty Retail,United States,18440015872.0,4,"2023,2024,2025,2026",0.29492545490507993,-0.09845493668262995,0.2670669343666747,0.02463450085159994,4.0,4.0,-0.0343345487205291,2395000000.0,2282000000.0,1.0495179666958807,False,-0.06025697828976517,0.22147665334089248,0.004645963732085659,,NYQ,USD,87.49,18440015872.0,334907783.0,90.4,26.0,14.9,65,100,89.3,63.2,370,2026-09-04
PXT.TO,Parex Resources Inc.,Energy,Oil & Gas E&P,Canada,2780571136.0,4,"2022,2023,2024,2025",0.18320605605128182,-0.2546810902282596,0.10183908520579496,0.1998131057788149,4.0,4.0,-0.1482355411241476,-62604000.0,438341000.0,0.0,True,-0.14462304572368712,0.4706899996004381,0.07659136517509785,,TOR,CAD,28.91,2016309266.0,19768374.0,80.2,81.6,3.4,100,100,9.2,63.2,371,2026-09-04
TNK,Teekay Tankers Ltd.,Energy,Oil & Gas Midstream,Bermuda,3184674816.0,4,"2022,2023,2024,2025",0.24384325579763533,-0.1177621413340019,0.13536046889435197,0.2286858718530189,4.0,4.0,-0.0685953088399186,-806192000.0,436788000.0,0.0,True,0.014243938860343253,0.31250244213230083,0.05250523808846138,,NYQ,USD,91.83,3184674816.0,36564410.0,86.8,86.4,9.8,100,55,15.0,63.2,372,2026-09-04
DPZ,"Domino's Pizza, Inc.",Consumer Cyclical,Restaurants,United States,11480354816.0,4,"2022,2023,2024,2025",0.7556552648388835,0.09305490826568674,0.8241904415554915,0.10965891670311058,4.0,4.0,0.02876024391390608,4691139000.0,1055137000.0,4.4459999033300885,False,-0.05142463153043042,0.38531616051205353,0.01359356162787793,,NMS,USD,347.03,11480354816.0,327563699.0,100.0,61.4,36.6,10,100,58.1,63.0,373,2026-09-04
PSN,Parsons Corporation,Technology,Information Technology Services,United States,4950429696.0,4,"2022,2023,2024,2025",0.07728520321684286,0.03851766373910961,0.090232653648247,0.06289292849563893,4.0,4.0,0.14902352947188846,771428000.0,550300000.0,1.4018317281482828,False,-0.03339707268930148,0.22013016925834256,0.006978352674107329,,NYQ,USD,46.35,4950429696.0,62574957.0,52.1,42.5,77.1,65,80,81.3,63.0,374,2026-09-04
INSW,"International Seaways, Inc.",Energy,Oil & Gas Midstream,United States,5064081408.0,4,"2022,2023,2024,2025",0.1710362114502061,-0.07011016636111994,0.10734033507565252,0.24197503799524026,4.0,4.0,-0.0083043304463285,450157000.0,515140000.0,0.8738537096711574,False,-0.004994673076308853,0.5137597591676744,0.06011924384831347,,NYQ,USD,102.24,5064081408.0,57185286.0,77.8,87.5,22.3,85,80,13.2,63.0,375,2026-09-04
PLXS,Plexus Corp.,Technology,Electronic Components,United States,6451674112.0,4,"2022,2023,2024,2025",0.10026231741773889,0.017680947434798186,0.11533336515177396,0.02636949596766771,3.0,4.0,0.01901652249657304,-139262000.0,277415000.0,0.0,True,-0.028939132880902996,0.0952953026552458,0.003550752022086829,,NMS,USD,242.07,6451674112.0,74498979.0,63.5,26.5,32.4,100,80,92.9,63.0,376,2026-09-04
KNTK,Kinetik Holdings Inc.,Energy,Oil & Gas Midstream,United States,9192629248.0,4,"2022,2023,2024,2025",0.32469596488473107,0.07284759933462678,0.22666430036498386,0.2028536188483103,4.0,4.0,0.13288557396947187,3788969000.0,1184803000.0,3.197973840376839,False,0.5150745871714901,0.35141178346253293,0.013022969154079325,,NYQ,USD,54.33,9192629248.0,56845370.0,100.0,82.0,73.2,10,0,60.5,63.0,377,2026-09-04
SKY,"Champion Homes, Inc.",Consumer Cyclical,Residential Construction,United States,4674062336.0,4,"2023,2024,2025,2026",0.1705702899183746,-0.19469718364256675,0.12990336798975974,0.10035059360215204,4.0,4.0,0.007246761153070214,-519831000.0,325908000.0,0.0,True,-0.015649503906652984,0.2714508491076442,0.026823083725826664,,NYQ,USD,86.11,4674062336.0,63234706.0,77.8,58.2,28.4,100,80,31.3,63.0,378,2026-09-04
CAT,Caterpillar Inc.,Industrials,Farm & Heavy Construction Machinery,United States,367804252160.0,4,"2022,2023,2024,2025",0.16309518674813214,0.009008072189207517,0.14161991951053496,0.11983551137383863,4.0,4.0,0.0438323160905727,33344000000.0,14305000000.0,2.3309332401258303,False,-0.10953996983408754,0.32981026458227575,0.025375401832638297,,NYQ,USD,800.14,367804252160.0,2555820790.0,86.1,64.9,44.1,45,100,33.6,62.9,379,2026-09-04
BSX,Boston Scientific Corporation,Healthcare,Medical Devices,United States,68041330688.0,4,"2022,2023,2024,2025",0.0637648412163476,0.05257911120529713,0.08971769406071518,0.12561381306461925,4.0,4.0,0.16541890019606442,9346000000.0,5102000000.0,1.8318306546452372,False,0.03806348544835725,0.6898009853336813,0.003252858320853479,,NYQ,USD,46.95,68041330688.0,931976656.0,45.3,66.1,79.9,65,25,94.0,62.9,380,2026-09-04
JBHT,"J.B. Hunt Transport Services, Inc.",Industrials,Integrated Freight & Logistics,United States,25007669248.0,4,"2022,2023,2024,2025",0.14668276998203544,-0.07439036789447095,0.1301585455628729,0.03420892162267371,3.0,4.0,-0.06783654566877806,1449513000.0,1584103000.0,0.9150370903912183,False,-0.07207720658079719,0.1320787990896721,0.0013827501564218079,,NMS,USD,266.28,25007669248.0,255280772.0,71.4,29.6,10.0,85,100,98.9,62.9,381,2026-09-04
ONON,On Holding AG,Consumer Cyclical,Footwear & Accessories,Switzerland,9478328320.0,4,"2022,2023,2024,2025",0.11017519437112691,0.07530944502218079,0.13810334415584416,0.03373038314242987,3.0,4.0,0.3510730608167971,-556700000.0,354500000.0,0.0,True,0.01992973961182365,0.5976372039438403,0.024511115050981757,,NYQ,USD,28.36,9478328320.0,175279831.0,68.4,29.5,94.8,100,55,34.7,62.9,382,2026-09-04
COCO,"The Vita Coco Company, Inc.",Consumer Defensive,Beverages - Non-Alcoholic,United States,3187157504.0,4,"2022,2023,2024,2025",0.17438988239349312,0.13423271076329418,0.1909304739929723,0.08331476933407438,3.0,4.0,0.12542147440186735,-182056000.0,83604000.0,0.0,True,0.06849214629815403,0.33950595385430216,0.05708293458615843,,NMS,USD,55.08,3187157504.0,59846678.0,88.3,52.0,71.4,100,25,14.1,62.8,383,2026-09-04
GHC,Graham Holdings Company,Industrials,Conglomerates,United States,4755443200.0,4,"2022,2023,2024,2025",0.0813276017200832,0.036341026354674746,0.06755597750820692,0.050089716506116794,4.0,4.0,0.07765244872590471,613768000.0,740609000.0,0.8287341903757584,False,-0.09574028122415223,0.3063236178537849,0.01005914863496794,,NYQ,USD,1122.91,4755443200.0,28369198.0,54.3,36.5,57.8,85,100,70.1,62.8,384,2026-09-04
RDY,Dr. Reddy's Laboratories Limited,Healthcare,Drug Manufacturers - Specialty & Generic,India,10020847616.0,4,"2023,2024,2025,2026",0.16092201341975365,-0.08889834874979867,0.10247194867237731,0.07967707869388137,4.0,4.0,0.10962715603768824,47566000000.0,79160000000.0,0.6008842849924204,False,0.0016718003449402996,0.5663550600700862,0.02361644254094234,,NYQ,USD,12.03,10020847616.0,31952173.0,75.5,50.6,68.1,85,55,35.8,62.8,385,2026-09-04
ZS,"Zscaler, Inc.",Technology,Software - Infrastructure,United States,28751953920.0,4,"2022,2023,2024,2025",-0.06264021791147599,0.1646098565185146,-0.00294828,0.24001622533721184,4.0,4.0,0.3481497314980284,-1775833000.0,108119000.0,0.0,True,0.09587991057170231,0.7755410946536667,0.00420874349528997,,NMS,USD,177.8,28751953920.0,511803523.0,0.0,87.4,94.8,100,25,90.8,62.8,386,2026-09-04
LDOS,"Leidos Holdings, Inc.",Technology,Information Technology Services,United States,16610148352.0,4,"2022,2023,2024,2025",0.11744855224828815,0.07711940086638486,0.1691543287327478,0.07380707945970287,4.0,4.0,0.06057944749313893,3540000000.0,2402000000.0,1.4737718567860116,False,-0.05797101449275366,0.15962306429913475,0.015223322550593612,,NYQ,USD,132.36,16610148352.0,214141141.0,71.2,47.6,51.1,65,100,53.1,62.7,387,2026-09-04
SBUX,Starbucks Corporation,Consumer Cyclical,Restaurants,United States,120634802176.0,4,"2022,2023,2024,2025",0.4976038887893794,-0.2940565903773754,0.2832688952395277,0.08470091283187887,4.0,4.0,0.048597955054982656,12855000000.0,4821400000.0,2.6662380221512425,False,-0.016141562365127315,0.2573380878820874,0.017833600737908607,,NMS,USD,105.82,120634802176.0,762720930.0,93.8,52.8,46.0,45,80,46.9,62.7,388,2026-09-04
CVE,Cenovus Energy Inc.,Energy,Oil & Gas Integrated,Canada,60491235328.0,4,"2022,2023,2024,2025",0.13333086698626542,-0.09060219128229864,0.10604273524364731,0.07457253714198195,4.0,4.0,-0.0975163640344634,8292000000.0,10330000000.0,0.8027105517909003,False,-0.09283634913513783,0.2282215694384651,0.006701370672242941,,NYQ,USD,32.8,60491235328.0,247350966.0,67.3,48.2,6.8,85,100,82.4,62.6,389,2026-09-04
KAI,Kadant Inc.,Industrials,Specialty Industrial Machinery,United States,3513920768.0,4,"2022,2023,2024,2025",0.12099282637415117,-0.06309271985437805,0.08484810124712953,0.12398547151839973,4.0,4.0,0.05163475981870258,254950000.0,210375000.0,1.211883541295306,False,0.009069130732375141,0.4399771417277176,0.008213562488953588,,NYQ,USD,297.56,3513920768.0,42027672.0,62.6,65.6,47.4,65,55,76.7,62.6,390,2026-09-04
HST,"Host Hotels & Resorts, Inc.",Real Estate,REIT - Hotel & Motel,United States,15277034496.0,4,"2022,2023,2024,2025",0.08077702047959673,0.013275863301075122,0.08585592737430167,0.16108105394154987,4.0,4.0,0.0760599281050931,4309000000.0,1848000000.0,2.3317099567099566,False,-0.03261324041811842,0.5371258384285109,0.009562046909042657,,NMS,USD,21.99,15277034496.0,212935085.0,54.0,75.3,57.3,45,80,71.4,62.6,391,2026-09-04
TTE,TotalEnergies SE,Energy,Oil & Gas Integrated,France,197480595456.0,4,"2022,2023,2024,2025",0.14572934642482427,-0.09498474558259272,0.10836299240804724,0.09091258312069936,4.0,4.0,-0.11527552556747911,34043000000.0,38854000000.0,0.8761774849436351,False,-0.13378680082123262,0.2903827279570054,0.010421741905772079,,NYQ,USD,89.25,197480595456.0,144598655.0,71.1,55.0,5.1,85,100,69.1,62.6,392,2026-09-04
BFAM,Bright Horizons Family Solutions Inc.,Consumer Cyclical,Personal Services,United States,3457483520.0,4,"2022,2023,2024,2025",0.0691713568720707,0.047489946201135017,0.09839917173163547,0.0760454349405483,4.0,4.0,0.1323533195414739,807075000.0,408067000.0,1.9778002141805144,False,-0.01826190961249674,0.2312781910860252,0.007116343663922637,,NYQ,USD,71.09,3457483520.0,60813585.0,47.6,48.7,73.2,65,80,80.8,62.5,393,2026-09-04
ARX.TO,ARC Resources Ltd.,Energy,Oil & Gas E&P,Canada,19052976128.0,4,"2022,2023,2024,2025",0.19081253314539937,-0.18600382950996522,0.12503706084131358,0.1512807839382734,4.0,4.0,-0.12440365600524361,2871100000.0,3332400000.0,0.8615712399471852,False,-0.12145778292497555,0.513785117878471,0.02955606749156736,,TOR,CAD,33.67,13816115623.0,106757905.0,81.3,72.7,4.7,85,100,28.2,62.5,394,2026-09-04
TYL,"Tyler Technologies, Inc.",Technology,Software - Application,United States,15531967488.0,4,"2022,2023,2024,2025",0.061446534707376224,0.021978987537620454,0.07433161764500801,0.22045029823306317,4.0,4.0,0.08024951917670409,-454592000.0,543177000.0,0.0,True,0.033326257694757055,0.4418044026881275,0.014727980920975966,,NYQ,USD,379.27,15531967488.0,349992632.0,43.7,85.3,58.7,100,25,54.5,62.5,395,2026-09-04
FSS,Federal Signal Corporation,Industrials,Farm & Heavy Construction Machinery,United States,7151635456.0,4,"2022,2023,2024,2025",0.13317280486453745,0.027063747194820784,0.13234044741578813,0.0787387514453116,4.0,4.0,0.14970982050802117,498800000.0,419100000.0,1.1901694106418517,False,0.004901960784313708,0.2693797520707398,0.019979200511280257,,NYQ,USD,117.16,7151635456.0,60465222.0,77.2,50.0,77.2,65,55,42.2,62.4,396,2026-09-04
ADT,ADT Inc.,Industrials,Security & Protection Services,United States,5486499840.0,4,"2022,2023,2024,2025",0.06949046573579422,0.041578146120080116,0.08118210250845727,0.2265503358370227,4.0,4.0,0.05385013145606887,7608817000.0,2660312000.0,2.8601220458352254,False,-0.07628865979381438,0.8285940874343408,0.012769875741294352,,NYQ,USD,7.51,5486499840.0,60477069.0,47.9,86.0,48.6,45,100,61.3,62.4,397,2026-09-04
RHI,Robert Half Inc.,Industrials,Staffing & Employment Services,United States,4401558528.0,4,"2022,2023,2024,2025",0.2072603805180237,-0.4152957937587595,0.040991524912274646,0.07229618087613955,4.0,4.0,-0.09424337458524745,-218897000.0,158087000.0,0.0,True,-0.081147923899204,0.39757303819952067,0.02035648563414041,,NYQ,USD,43.0,4401558528.0,99520490.0,83.3,46.7,7.0,100,100,41.3,62.4,398,2026-09-04
EXE.TO,Extendicare Inc.,Healthcare,Medical Care Facilities,Canada,2961645824.0,4,"2022,2023,2024,2025",0.13061798485720846,0.13160108388726144,0.1580051684800298,0.012053931427317952,2.0,4.0,0.10772338294486627,-17734000.0,186580000.0,0.0,True,-0.13170182401474018,,,,TOR,CAD,31.16,2147614150.0,11960642.0,75.8,4.3,67.2,100,100,50.0,62.4,399,2026-09-04
WSP.TO,WSP Global Inc.,Industrials,Engineering & Construction,Canada,24815699968.0,4,"2022,2023,2024,2025",0.07332579086301969,0.029223398881047136,0.08760250718973527,0.07499162748167613,4.0,4.0,0.15287703392310337,2157600000.0,2365600000.0,0.9120730470071018,False,0.08516602560910957,0.7554370841089112,0.004837135797478108,,TOR,CAD,184.07,17994909442.0,82037579.0,50.1,48.3,77.7,85,25,89.0,62.4,400,2026-09-04
IMO.TO,Imperial Oil Limited,Energy,Oil & Gas Integrated,Canada,88013873152.0,4,"2022,2023,2024,2025",0.1956970641894386,-0.15644127662014604,0.12787309486780715,0.09628399654831278,4.0,4.0,-0.07564728780614305,2324000000.0,6867000000.0,0.3384301732925586,False,-0.21434138737334374,0.1481655636082477,0.01971055733294144,,TOR,CAD,182.0,63822567128.0,91582013.0,81.8,56.8,9.0,85,100,42.9,62.3,401,2026-09-04
MHO,"M/I Homes, Inc.",Consumer Cyclical,Residential Construction,United States,3728741376.0,4,"2022,2023,2024,2025",0.13439645952796833,-0.06120842021780053,0.1024267674168818,0.061174388845622915,4.0,4.0,0.022592393451316584,283967000.0,570895000.0,0.4974067035094019,False,-0.03952499736500015,0.2531156104023971,0.008887786309665266,,NYQ,USD,147.48,3728741376.0,35122509.0,67.7,41.7,34.4,85,80,74.0,62.3,402,2026-09-04
ATMU,Atmus Filtration Technologies Inc.,Consumer Cyclical,Auto Parts,United States,3904345856.0,4,"2022,2023,2024,2025",0.2918574089946138,-0.1292567315823747,0.24609620959409592,0.07209595440266307,4.0,4.0,0.04140869782893386,333600000.0,329600000.0,1.0121359223300972,False,-0.0059761004961043085,0.2637311555057785,0.020404984741192858,,NYQ,USD,47.85,3904345856.0,35480296.0,90.1,46.6,42.6,65,80,41.2,62.2,403,2026-09-04
MDT,Medtronic plc,Healthcare,Medical Devices,Ireland,119166214144.0,4,"2023,2024,2025,2026",0.0628828258807631,0.013990865890166633,0.06980813361511815,0.15278979217830335,4.0,4.0,0.05207603643755454,25952000000.0,9809000000.0,2.6457335100417985,False,-0.03218787515006005,0.6533791629674487,0.0023239801518127427,,NYQ,USD,93.1,119166214144.0,792428284.0,44.7,72.9,47.7,45,80,97.0,62.2,404,2026-09-04
NXPI,NXP Semiconductors N.V.,Technology,Semiconductors,Netherlands,56734420992.0,4,"2022,2023,2024,2025",0.1474089310618212,-0.0588600578535841,0.11278332884460006,0.1820155910947069,4.0,4.0,-0.02420874805294959,9316000000.0,3961000000.0,2.351931330472103,False,-0.03681836600985411,0.5624860567618147,0.008923185692248335,,NMS,USD,224.99,56734420992.0,923086272.0,71.8,79.2,17.4,45,80,73.9,62.2,405,2026-09-04
CNR,"Core Natural Resources, Inc.",Energy,Thermal Coal,United States,4836060672.0,4,"2022,2023,2024,2025",0.22940561436008156,-0.3632234361963496,-0.031019327871291157,0.15714550110339506,4.0,4.0,0.22241242640644465,20314000.0,427488000.0,0.04751946253462085,False,0.43901756311960405,0.3524307024774833,0.2988168265949917,,NYQ,USD,97.43,4836060672.0,58107349.0,86.1,74.0,86.7,85,0,0.9,62.2,406,2026-09-04
CRH,CRH plc,Basic Materials,Building Materials,Ireland,61232783360.0,4,"2022,2023,2024,2025",0.104450002395082,0.011786041887014972,0.10513971576723641,0.07667183532262586,4.0,4.0,0.045975003842854356,13557000000.0,7771000000.0,1.7445631192896667,False,-0.11399031540374294,0.3477769982693299,0.012208286110260059,,NYQ,USD,92.04,61232783360.0,413019099.0,65.3,48.8,45.1,65,100,63.2,62.1,407,2026-09-04
RIO,Rio Tinto Group,Basic Materials,Other Industrial Metals & Mining,United Kingdom,167254786048.0,4,"2022,2023,2024,2025",0.18039258961590604,-0.09547837325542016,0.1371116149951268,0.12693813777320984,4.0,4.0,0.012351170642700415,15027000000.0,22974000000.0,0.6540872290415252,False,0.005129555199101521,0.5887616418335642,0.02070149429332376,,NYQ,USD,102.84,167254786048.0,272431901.0,79.8,66.7,29.9,85,55,40.7,62.1,408,2026-09-04
ADUS,Addus HomeCare Corporation,Healthcare,Medical Care Facilities,United States,2216452608.0,4,"2022,2023,2024,2025",0.07734941625660974,0.01900393506107452,0.08805377355831485,0.09186181665014347,4.0,4.0,0.1436032300877752,39342000.0,157469000.0,0.24983965097892283,False,0.14442865088684265,0.32142016986298655,0.003926329214258036,,NMS,USD,118.69,2216452608.0,27831974.0,52.3,55.3,75.9,85,0,91.6,62.0,409,2026-09-04
OII,"Oceaneering International, Inc.",Energy,Oil & Gas Equipment & Services,United States,5153645056.0,4,"2022,2023,2024,2025",0.1230160920499843,0.0875528412928995,0.16371633300535232,0.043772034807674866,4.0,4.0,0.10454105709097994,177265000.0,425132000.0,0.41696461334362034,False,-0.001823612329590829,0.17498101235942828,0.02063618415083791,,NYQ,USD,51.78,5153645056.0,55597584.0,73.8,33.9,66.0,85,80,40.8,62.0,410,2026-09-04
CVX,Chevron Corporation,Energy,Oil & Gas Integrated,United States,414526013440.0,4,"2022,2023,2024,2025",0.11978793051618586,-0.13886343156859307,0.058675336525471404,0.10695664743312203,4.0,4.0,-0.07852874895364959,33020000000.0,41417000000.0,0.7972571649322742,False,-0.043622637386311336,0.3047428554254187,0.006998277307457568,,NYQ,USD,211.32,414526013440.0,1795516304.0,62.1,60.7,8.6,85,80,81.2,61.9,411,2026-09-04
LNR.TO,Linamar Corporation,Consumer Cyclical,Auto Parts,Canada,5909587968.0,4,"2022,2023,2024,2025",0.07423034853997701,0.006329086127239036,0.07947342685126493,0.04002097208443786,4.0,4.0,0.08921421243000927,1187371000.0,1515143000.0,0.7836692642212649,False,-0.060361630150670864,0.13736365280772647,0.009321748045860355,,TOR,CAD,100.19,4285291185.0,10339831.0,50.3,32.1,61.5,85,100,72.7,61.9,412,2026-09-04
RSG,"Republic Services, Inc.",Industrials,Waste Management,United States,68934664192.0,4,"2022,2023,2024,2025",0.09531643166275755,0.01807781275758681,0.10229754589220713,0.13406661894959537,4.0,4.0,0.07084929833650078,13505000000.0,5096000000.0,2.650117739403454,False,-0.015452538631346546,0.40786972498391677,0.010906788684490463,,NYQ,USD,225.12,68934664192.0,335926090.0,60.5,68.4,55.2,45,80,67.3,61.9,413,2026-09-04
ADEA,Adeia Inc.,Technology,Software - Application,United States,2807732480.0,4,"2022,2023,2024,2025",0.1318035500202145,0.04002724266721097,0.15889990044438512,0.40169096091543377,4.0,4.0,0.0033703136603502326,345318000.0,239863000.0,1.4396467983807424,False,0.0480293734894961,,,,NMS,USD,25.46,2807732480.0,36359604.0,76.3,95.8,26.0,65,25,50.0,61.9,414,2026-09-04
LOW,"Lowe's Companies, Inc.",Consumer Cyclical,Home Improvement Retail,United States,113276805120.0,4,"2023,2024,2025,2026",0.35825990157897414,-0.10781058774354968,0.260582389014798,0.08045475349516686,4.0,4.0,-0.038458186348783285,38939000000.0,12468000000.0,3.12311517484761,False,-0.11251980982567356,0.33354914738053965,0.0008959844427223297,,NYQ,USD,201.9,113276805120.0,614523030.0,92.1,50.8,14.2,10,100,99.7,61.8,415,2026-09-04
IRDM,Iridium Communications Inc.,Communication Services,Telecom Services,United States,4975834112.0,4,"2022,2023,2024,2025",0.05420972140777648,0.05671421948659165,0.08481281987615637,0.34924271048199684,4.0,4.0,0.06527963541426773,1664025000.0,443272000.0,3.753959194354708,False,-0.1429992136741275,0.7185609218018282,0.0032104147728397128,,NMS,USD,46.95,4975834112.0,96593287.0,38.0,93.7,53.0,10,100,94.3,61.8,416,2026-09-04
SN,"SharkNinja, Inc.",Consumer Cyclical,"Furnishings, Fixtures & Appliances",United States,24795787264.0,4,"2022,2023,2024,2025",0.1563273815195569,0.10488782636233954,0.21661786217709203,0.04806990843091103,4.0,4.0,0.19847740036486683,124234000.0,1088509000.0,0.11413226716545292,False,0.0223545099859499,0.44987444623932693,0.043577384359747416,,NYQ,USD,175.21,24795787264.0,298940674.0,83.8,35.8,84.3,85,55,18.4,61.8,417,2026-09-04
APPF,"AppFolio, Inc.",Technology,Software - Application,United States,7918177280.0,4,"2022,2023,2024,2025",0.060054651409692725,0.46190533866981565,0.24660441152348322,0.1397845258288991,4.0,4.0,0.2630531607976385,-213063000.0,177789000.0,0.0,True,0.03761782347900611,0.6228524366094894,0.01989625706129042,,NGM,USD,223.57,7918177280.0,88942853.0,42.5,69.3,89.8,100,25,42.5,61.8,418,2026-09-04
SBAC,SBA Communications Corporation,Real Estate,REIT - Specialty,United States,20317995008.0,4,"2022,2023,2024,2025",0.13747727071419402,0.07472521664727631,0.18134844829880986,0.4202271109627846,4.0,4.0,0.02248756625700632,12635700000.0,2011090000.0,6.283010705637241,False,-0.01694001060464778,0.764406400627966,0.014732689230626143,,NMS,USD,191.52,20317995008.0,191520192.0,78.6,96.2,34.4,10,80,54.4,61.7,419,2026-09-04
VRT,Vertiv Holdings Co,Industrials,Electrical Equipment & Parts,United States,103496359936.0,4,"2022,2023,2024,2025",0.12310936297190216,0.15042538380132647,0.2040208336372788,0.09785868557893117,3.0,4.0,0.2158543401649824,1184600000.0,2136600000.0,0.5544322755780211,False,0.032860874307541144,0.34077980431888627,0.03339041624955825,,NYQ,USD,268.83,103496359936.0,1594192547.0,73.8,57.2,85.9,85,25,24.6,61.7,420,2026-09-04
AM,Antero Midstream Corporation,Energy,Oil & Gas Midstream,United States,10661177344.0,4,"2022,2023,2024,2025",0.09881752390013546,0.024042857097140796,0.10793341740829031,0.4608888849218308,4.0,4.0,0.08320853624884395,3042095000.0,959582000.0,3.1702293290203443,False,-0.01299188007495311,0.6312580263170946,0.01481287489804057,,NYQ,USD,22.46,10661177344.0,52708791.0,62.5,97.1,59.8,10,80,54.2,61.6,421,2026-09-04
CMCSA,Comcast Corporation,Communication Services,Telecom Services,United States,94571167744.0,4,"2022,2023,2024,2025",0.09523268125740361,0.06001343865397854,0.11756293402777777,0.1169045272021062,4.0,4.0,0.006220134237919117,89456000000.0,46386000000.0,1.9285129133790369,False,-0.1627539503386004,0.7002838712748325,0.01148049611150011,,NMS,USD,26.65,94571167744.0,869642187.0,60.3,64.0,27.8,65,100,65.6,61.6,422,2026-09-04
URBN,"Urban Outfitters, Inc.",Consumer Cyclical,Apparel Retail,United States,6901708800.0,4,"2023,2024,2025,2026",0.13996560857693321,0.07691059501096742,0.16652381338030545,0.03926619145619554,3.0,4.0,0.0873840347811512,529636000.0,730342000.0,0.7251890210339813,False,-0.02480990250877424,0.3343318748743469,0.02321798586710702,,NMS,USD,80.58,6901708800.0,95170137.0,79.3,31.9,61.1,85,80,36.4,61.6,423,2026-09-04
SYY,Sysco Corporation,Consumer Defensive,Food Distribution,United States,38845104128.0,4,"2023,2024,2025,2026",0.1612964624715636,-0.03245254362066277,0.14278803608948215,0.024294288585049943,4.0,4.0,0.03471497882956953,11730000000.0,4122000000.0,2.8457059679767105,False,-0.05710501242569066,0.18425921771645196,0.000954070150594285,,NYQ,USD,81.08,38845104128.0,265102411.0,75.6,25.9,39.1,45,100,99.5,61.6,424,2026-09-04
ATRL.TO,AtkinsRéalis Group Inc.,Industrials,Engineering & Construction,Canada,13762930688.0,4,"2022,2023,2024,2025",0.15195459494823088,0.42158560820813273,0.43503387645739666,0.003077922581031226,2.0,4.0,0.13379533497625462,39849000.0,3435065000.0,0.011600653844978189,False,-0.02872050765006784,0.07980539743410828,0.014489168433550867,,TOR,CAD,86.0,9980080824.0,37240786.0,83.0,3.8,73.5,85,80,55.2,61.6,425,2026-09-04
PEP,"PepsiCo, Inc.",Consumer Defensive,Beverages - Non-Alcoholic,United States,191267323904.0,4,"2022,2023,2024,2025",0.15725703264304552,-0.04152364758497171,0.13224575832040006,0.07786084195265838,4.0,4.0,0.028259092561689236,40023000000.0,15543000000.0,2.57498552403011,False,-0.010093727469358327,0.5398727022655762,0.005722185316544034,,NMS,USD,140.02,191267323904.0,1183224308.0,74.2,49.4,36.3,45,80,85.5,61.5,426,2026-09-04
VOD,Vodafone Group Public Limited Company,Communication Services,Telecom Services,United Kingdom,38316933120.0,4,"2023,2024,2025,2026",0.07749925803707526,-0.20720394517462926,0.028474598650983153,0.23535681864450617,4.0,4.0,0.024092797176310077,33520000000.0,16767000000.0,1.9991650265402279,False,-0.13474703486921136,0.33406122919349057,0.013681459367635564,,NMS,USD,16.58,38316933120.0,66700478.0,42.3,86.8,34.6,65,100,57.5,61.5,427,2026-09-04
BIPC,Brookfield Infrastructure Corporation,Utilities,Utilities - Regulated Gas,United States,4582289408.0,4,"2022,2023,2024,2025",0.22473077426066793,-0.4783572673609013,0.12073188304093567,0.45260431946221735,4.0,4.0,0.2482336309675901,12838000000.0,2908000000.0,4.414718019257221,False,0.08514691423680265,0.6655549588260591,0.03655574515881336,,NYQ,USD,37.24,4582289408.0,38196100.0,85.7,96.9,88.7,10,25,22.2,61.5,428,2026-09-04
BKR,Baker Hughes Company,Energy,Oil & Gas Equipment & Services,United States,63173775360.0,4,"2022,2023,2024,2025",0.09061396529786549,0.10312773680429625,0.1134098952690502,0.0699606735088446,4.0,4.0,0.09442943355196065,2372000000.0,4287000000.0,0.5533006764637276,False,0.007092198581560183,0.22707453933996039,0.011146470982124798,,NMS,USD,63.64,63173775360.0,526836740.0,58.5,45.8,62.6,85,55,66.6,61.4,429,2026-09-04
TS,Tenaris S.A.,Energy,Oil & Gas Equipment & Services,Luxembourg,28426407936.0,4,"2022,2023,2024,2025",0.16321147791502214,-0.057741734602534636,0.11894268646919391,0.16436458722838623,4.0,4.0,0.006157697928532491,-2430436000.0,3136998000.0,0.0,True,,0.37717953014533845,0.030893756549260347,,NYQ,USD,56.31,28426407936.0,72624922.0,76.2,76.0,27.7,100,40,26.9,61.4,430,2026-09-04
J,Jacobs Solutions Inc.,Industrials,Engineering & Construction,United States,17267875840.0,4,"2022,2023,2024,2025",0.0745616841669134,0.018227194693607,0.07076207703653895,0.061076764841173345,4.0,4.0,0.07134040631933236,1001008000.0,926841000.0,1.0800212765727886,False,-0.05804009424852252,0.2519919678785947,0.006882065599880731,,NYQ,USD,147.54,17267875840.0,153903843.0,50.6,41.5,55.3,65,100,81.8,61.3,431,2026-09-04
NEU,NewMarket Corporation,Basic Materials,Specialty Chemicals,United States,8278145024.0,4,"2022,2023,2024,2025",0.19869710090819925,-0.005859213254070295,0.1684643662502057,0.14025621421231474,4.0,4.0,-0.00480093628547118,805793000.0,722677000.0,1.1150112705953006,False,-0.06392062853590941,0.28766168134902015,0.03460512054200664,,NYQ,USD,900.15,8278145024.0,106491346.0,82.3,69.5,23.5,65,100,23.8,61.3,432,2026-09-04
CLH,"Clean Harbors, Inc.",Industrials,Waste Management,United States,16820656128.0,4,"2022,2023,2024,2025",0.10192157316529221,-0.020922819870002565,0.09350962897579296,0.06024025520358671,4.0,4.0,0.05290885202472162,1949848000.0,1142826000.0,1.706163492955183,False,-0.014150164259364661,0.3110007555071561,0.002588511869565252,,NYQ,USD,318.65,16820656128.0,149901245.0,54.5,41.0,48.3,65,80,96.5,61.3,433,2026-09-04
CRWD,"CrowdStrike Holdings, Inc.",Technology,Software - Infrastructure,United States,220115271680.0,4,"2023,2024,2025,2026",-0.003262206762068892,0.03674180279386819,-0.011477076790427884,0.28328884321232267,4.0,4.0,0.2900686653697968,-4410048000.0,182483000.0,0.0,True,0.07479229129403486,0.7449019586228206,0.007797587830228146,,NMS,USD,214.97,220115271680.0,2207863573.0,0.0,91.1,92.0,100,25,78.1,61.2,434,2026-09-04
AEM,Agnico Eagle Mines Limited,Basic Materials,Gold,Canada,104883355648.0,4,"2022,2023,2024,2025",0.10096864359013061,0.13970119368054723,0.1799240056883398,0.17554029399528748,3.0,4.0,0.2752965849461535,-2553439000.0,8382650000.0,0.0,True,0.14799570385809058,0.42681763753724555,0.09898802952628673,,NYQ,USD,207.13,104883355648.0,651344933.0,64.1,77.8,91.0,100,0,6.4,61.2,435,2026-09-04
EQNR,Equinor ASA,Energy,Oil & Gas Integrated,Norway,101247795200.0,4,"2022,2023,2024,2025",0.4518893581758462,-0.4557553781717858,0.2963023756833204,0.11986370098067106,4.0,4.0,-0.10778904004817813,22773000000.0,38393000000.0,0.5931550022139452,False,-0.1825895663104965,0.4559532906077323,0.08663804228085364,,NYQ,USD,42.66,101247795200.0,148881608.0,93.4,64.9,6.0,85,100,8.1,61.2,436,2026-09-04
BCRX,"BioCryst Pharmaceuticals, Inc.",Healthcare,Drug Manufacturers - Specialty & Generic,United States,2578349312.0,4,"2022,2023,2024,2025",0.1543928761262363,1.3743463399799856,1.1126992015061024,-0.15497175596768378,1.0,4.0,0.4782403793273333,337497000.0,347652000.0,0.9707897552725139,False,0.17574821954945463,0.9782764957706592,0.00510884851181032,,NMS,USD,10.09,2578349312.0,43366568.0,83.2,0.0,96.7,85,0,87.6,61.2,437,2026-09-04
ENSG,"The Ensign Group, Inc.",Healthcare,Medical Care Facilities,United States,10029824000.0,4,"2022,2023,2024,2025",0.1495929287364872,-0.017697027386083475,0.14766882903212622,0.06282726691362847,4.0,4.0,0.186836432882312,1633398000.0,567937000.0,2.876019699368064,False,0.03520247577851632,0.16109260116254798,0.0058753893556901795,,NMS,USD,172.09,10029824000.0,124764906.0,72.4,42.4,82.9,45,25,85.1,61.1,438,2026-09-04
TREX,"Trex Company, Inc.",Industrials,Building Products & Equipment,United States,4450489856.0,4,"2022,2023,2024,2025",0.23241559155768288,-0.10182905457836022,0.1630254212323723,0.06642040307340952,3.0,4.0,0.020152147770372997,183527000.0,320918000.0,0.5718812905477412,False,-0.04276448097008656,0.40114731889009936,0.025963109152095657,,NYQ,USD,43.69,4450489856.0,87249454.0,86.3,44.2,33.2,85,80,32.5,61.0,439,2026-09-04
PEGA,Pegasystems Inc.,Technology,Software - Application,United States,6201354752.0,4,"2022,2023,2024,2025",0.0748696771532519,0.45078898422474434,0.2828497004626731,0.15934871575003356,3.0,4.0,0.09827487146240177,-349832000.0,307824000.0,0.0,True,0.12749704077025403,0.7384457581439201,0.013647732479177657,,NMS,USD,37.72,6201354752.0,100395967.0,50.8,74.9,64.2,100,0,57.7,61.0,440,2026-09-04
HAL,Halliburton Company,Energy,Oil & Gas Equipment & Services,United States,31067432960.0,4,"2022,2023,2024,2025",0.1353253401315987,-0.0359434701174868,0.0879612917872751,0.0829861406632855,4.0,4.0,0.030076157483628574,4952000000.0,3259000000.0,1.5194845044492176,False,-0.060572687224669575,0.174287403095232,0.014333555332652221,,NYQ,USD,37.29,31067432960.0,443821776.0,68.0,51.8,37.1,65,100,55.6,61.0,441,2026-09-04
AMGN,Amgen Inc.,Healthcare,Drug Manufacturers - General,United States,240105488384.0,4,"2022,2023,2024,2025",0.1441143757130639,-0.023930423249637983,0.1593016097973507,0.28154122240278834,4.0,4.0,0.11766399097603264,45475000000.0,16898000000.0,2.691146881287726,False,0.001848428835489857,0.6861573466228456,0.05092234101622354,,NMS,USD,444.12,240105488384.0,1200461689.0,70.8,91.0,70.2,45,55,15.5,61.0,442,2026-09-04
ESLT,Elbit Systems Ltd.,Industrials,Aerospace & Defense,Israel,32859951104.0,4,"2022,2023,2024,2025",0.09651695736999234,0.041904369128629576,0.12632206949781233,0.0276268244994764,3.0,4.0,0.12933791284329832,149065000.0,804923000.0,0.1851916270251937,False,0.05242143514053077,0.24540093378292793,0.0035030760587780093,,NMS,USD,701.22,32859951104.0,61499098.0,61.5,27.0,72.6,85,25,93.1,60.9,443,2026-09-04
TEAM,Atlassian Corporation,Technology,Software - Application,Australia,49281060864.0,4,"2023,2024,2025,2026",-0.039116640248383995,0.15513451867083522,0.02094724516870589,0.25876923507183025,4.0,4.0,0.22967578218768092,-6602000.0,212168000.0,0.0,True,0.015044458403399075,0.828274830512446,0.012438646251314814,,NMS,USD,194.68,49281060864.0,896323852.0,0.0,89.0,87.7,100,55,62.2,60.8,444,2026-09-04
FCX,Freeport-McMoRan Inc.,Basic Materials,Copper,United States,104197431296.0,4,"2022,2023,2024,2025",0.16660823348688536,-0.028145093060284954,0.1552933023551878,0.05717006250662884,4.0,4.0,0.04391666611007472,5555000000.0,8985000000.0,0.6182526432943796,False,-0.005513439007580945,0.3083384418219868,0.020313767506064936,,NYQ,USD,72.56,104197431296.0,1075770497.0,77.3,39.3,44.3,85,80,41.5,60.8,445,2026-09-04
CGAU,Centerra Gold Inc.,Basic Materials,Gold,Canada,4506797568.0,4,"2022,2023,2024,2025",0.08803305300519018,0.30001822262191447,0.2809242427037687,0.045083489088936904,3.0,4.0,0.17651677576459734,-522107000.0,848088000.0,0.0,True,-0.05879999253767987,0.2743375099581628,0.05071302662518859,,NYQ,USD,23.04,4506797568.0,38194145.0,57.3,34.5,81.7,100,100,15.6,60.8,446,2026-09-04
ATD.TO,Alimentation Couche-Tard Inc.,Consumer Cyclical,Specialty Retail,Canada,75190321152.0,4,"2023,2024,2025,2026",0.14440652822313677,-0.04798342327499491,0.13456457033055416,0.039535329519209954,4.0,4.0,0.021121007946031778,8187900000.0,7162100000.0,1.1432261487552533,False,-0.07617632491332338,0.17752528634899317,0.007698516692941501,,TOR,CAD,81.91,54523669363.0,96146543.0,70.8,32.0,33.4,65,100,78.6,60.7,447,2026-09-04
MPLX,MPLX LP,Energy,Oil & Gas Midstream,United States,60162347008.0,4,"2022,2023,2024,2025",0.1480240421748016,0.003834891928244072,0.14970306723740864,0.4082505561554999,4.0,4.0,0.02867379709601514,23510000000.0,7341000000.0,3.2025609589974118,False,0.008910891089108919,0.43047857780974,0.013789265860848927,,NYQ,USD,59.34,60162347008.0,84136346.0,81.9,95.9,36.5,10,55,57.2,60.7,448,2026-09-04
BWXT,"BWX Technologies, Inc.",Industrials,Aerospace & Defense,United States,14682423296.0,4,"2022,2023,2024,2025",0.13058066969255525,-0.017879243811592227,0.11281886822688836,0.07310712276060449,4.0,4.0,0.12726644126534237,1516204000.0,551513000.0,2.7491718236922793,False,0.0016782819754279643,0.24181677124758547,0.007683480542560126,,NYQ,USD,160.25,14682423296.0,161312778.0,65.8,47.0,72.0,45,55,78.6,60.7,449,2026-09-04
RPM,RPM International Inc.,Basic Materials,Specialty Chemicals,United States,13202115584.0,4,"2023,2024,2025,2026",0.13290948701587024,0.010140134132517131,0.12783685839162903,0.08179292291427398,4.0,4.0,0.02714047595622948,2218336000.0,1195374000.0,1.8557673163378157,False,-0.009796919637312107,0.404446316722049,0.014916140668482661,,NYQ,USD,103.43,13202115584.0,116303001.0,77.0,51.3,35.9,65,80,53.9,60.7,450,2026-09-04
AGI,Alamos Gold Inc.,Basic Materials,Gold,Canada,15777202176.0,4,"2022,2023,2024,2025",0.10267776487372265,0.16320723003838034,0.19252147427784233,0.10685467244416944,3.0,4.0,0.30110956495778907,-459000000.0,1310000000.0,0.0,True,0.06920398065438471,0.4075397559941485,0.10649481963590525,,NYQ,USD,37.69,15777202176.0,184911851.0,64.8,60.5,92.9,100,25,5.6,60.6,451,2026-09-04
ESS,"Essex Property Trust, Inc.",Real Estate,REIT - Residential,United States,19208148992.0,4,"2022,2023,2024,2025",0.05445659465521038,0.017079595574920378,0.06152584004023452,0.5071803269459054,4.0,4.0,0.05510390234068829,6724028000.0,1568719000.0,4.28631768978383,False,-0.010733432725759773,0.680994123915513,0.002174336840757823,,NYQ,USD,278.65,19208148992.0,132645759.0,38.1,97.5,49.3,10,80,97.6,60.6,452,2026-09-04
WCN,"Waste Connections, Inc.",Industrials,Waste Management,Canada,41964265472.0,4,"2022,2023,2024,2025",0.06799444539958201,0.006737912997397649,0.07794377999094294,0.14073038830650741,4.0,4.0,0.09493183630678903,8773803000.0,2984573000.0,2.939718009912976,False,-0.0002405064655373046,0.4122527424907986,0.009485826487670417,,NYQ,USD,166.81,41964265472.0,237044683.0,46.9,69.7,62.7,45,80,71.6,60.6,453,2026-09-04
OLLI,"Ollie's Bargain Outlet Holdings, Inc.",Consumer Defensive,Discount Stores,United States,4377363456.0,4,"2023,2024,2025,2026",0.11224967509859765,0.04957425692826056,0.1298880673828957,0.05417837970849458,4.0,4.0,0.13185617338721545,389620000.0,378182000.0,1.030244696997742,False,-0.014847537637152297,0.39062944325827875,0.018503698978396634,,NGM,USD,73.69,4377363456.0,147261580.0,69.4,38.0,73.0,65,80,45.5,60.5,454,2026-09-04
WCP.TO,Whitecap Resources Inc.,Energy,Oil & Gas E&P,Canada,22032109568.0,4,"2022,2023,2024,2025",0.14933833232174695,-0.1725439322618612,0.0774439871063125,0.18798484458254322,4.0,4.0,0.07319428393651561,3007300000.0,3176200000.0,0.9468232479063031,False,0.6056995652873933,0.6127553031225936,0.024318018007005438,,TOR,CAD,18.12,15976410781.0,70481208.0,72.2,80.0,55.9,85,0,34.9,60.4,455,2026-09-04
NOC,Northrop Grumman Corporation,Industrials,Aerospace & Defense,United States,75043373056.0,4,"2022,2023,2024,2025",0.1474554550737897,-0.04765618124742943,0.14856530343007915,0.05905025373393293,4.0,4.0,0.04654085181148626,10759000000.0,7205000000.0,1.493268563497571,False,-0.0758354755784062,0.19321595343553088,0.015474899413715127,,NYQ,USD,528.24,75043373056.0,467048678.0,71.8,40.3,45.3,65,100,52.1,60.4,456,2026-09-04
OVV,Ovintiv Inc.,Energy,Oil & Gas E&P,United States,18230706176.0,4,"2022,2023,2024,2025",0.1419203475673404,-0.21639917326234018,0.05521375861438068,0.15447816902180359,4.0,4.0,-0.10592437283697886,5167000000.0,3325000000.0,1.5539849624060151,False,0.0050309597523219285,0.549901778543896,0.0072957319522033845,,NYQ,USD,65.91,18230706176.0,216531355.0,70.0,73.4,6.2,65,55,79.8,60.3,457,2026-09-04
CGNX,Cognex Corporation,Technology,Scientific & Technical Instruments,United States,10226327552.0,4,"2022,2023,2024,2025",0.08962903973825409,-0.0923604926331828,0.06821719828460468,0.17858265346077973,4.0,4.0,-0.003901868327312652,-260376000.0,193359000.0,0.0,True,-0.03146355271660495,0.6972132454731046,0.021170677097898934,,NMS,USD,60.79,10226327552.0,133644809.0,48.2,78.4,23.9,100,80,39.8,60.3,458,2026-09-04
PATH,"UiPath, Inc.",Technology,Software - Infrastructure,United States,9440150528.0,4,"2023,2024,2025,2026",-0.0686479557472144,0.15964488916334527,0.016352738204934537,0.1558864778516094,3.0,4.0,0.15014346616969476,-1391240000.0,73729000.0,0.0,True,-0.0057698413567338624,0.8347878908036261,0.009050130694569277,,NYQ,USD,18.22,9440150528.0,1241567829.0,0.0,73.7,77.3,100,80,73.2,60.3,459,2026-09-04
KNT.TO,K92 Mining Inc.,Basic Materials,Gold,Canada,7368882176.0,4,"2022,2023,2024,2025",0.2025024002354815,0.18922191726240695,0.3394948540951874,0.012414586229504102,3.0,4.0,0.46792473237576915,-176344000.0,416707000.0,0.0,True,0.04651999216209601,0.5653836801680304,0.1130033219191205,,TOR,CAD,29.99,5343486890.0,15757733.0,92.7,21.7,96.6,100,25,5.0,60.3,460,2026-09-04
KN,Knowles Corporation,Technology,Electronic Components,United States,2968862976.0,4,"2022,2023,2024,2025",0.050301157124947454,0.001976016502797509,0.06879635873229939,0.17333859483498537,4.0,4.0,0.07402815646761352,59800000.0,113300000.0,0.527802294792586,False,-0.040348964013086186,0.4441304980656309,0.019005336892817273,,NYQ,USD,34.76,2968862976.0,35712181.0,35.8,77.2,56.4,85,80,44.4,60.3,461,2026-09-04
VNT,Vontier Corporation,Technology,Scientific & Technical Instruments,United States,4464304128.0,4,"2022,2023,2024,2025",0.14312612103194255,-0.00760904628818615,0.13585343950188586,0.11719305669655666,4.0,4.0,-0.011521079518628352,1604200000.0,693200000.0,2.314195037507213,False,-0.084472049689441,0.4651707198694434,0.011104013611468845,,NYQ,USD,33.02,4464304128.0,52704642.0,70.4,64.1,20.9,45,100,66.8,60.3,462,2026-09-04
HMY,Harmony Gold Mining Company Limited,Basic Materials,Gold,South Africa,12974531584.0,3,"2022,2023,2024",0.11578554601312195,0.22776440598537015,0.21794609290631828,0.06054646891235083,3.0,3.0,0.19970880118656598,-2393000000.0,17208000000.0,0.0,True,0.024390243902439046,0.1483241796020188,0.09393522970987134,,NYQ,USD,20.76,12974531584.0,77550309.0,70.8,41.1,84.5,100,55,7.3,60.2,463,2026-09-04
DG,Dollar General Corporation,Consumer Defensive,Discount Stores,United States,28958158848.0,4,"2023,2024,2025,2026",0.14304354200814623,-0.07641914142611694,0.12906865130652928,0.03165347992280633,4.0,4.0,0.04125293834210786,3441781000.0,3241477000.0,1.0617940525260552,False,-0.024229220891129777,0.3044325513707229,0.005962102596905169,,NYQ,USD,131.26,28958158848.0,348112021.0,70.4,28.7,42.5,65,80,84.7,60.2,464,2026-09-04
CTRE,"CareTrust REIT, Inc.",Real Estate,REIT - Healthcare Facilities,United States,9359574016.0,4,"2022,2023,2024,2025",0.039787291212376064,0.06237262519202328,0.07370343569205802,0.8790321921094044,4.0,4.0,0.2536260835604993,696178000.0,461885000.0,1.5072539701440835,False,1.110492952648832,0.9541013936534788,0.012271720155974858,,NYQ,USD,39.61,9359574016.0,107091497.0,30.5,99.9,89.4,65,0,63.0,60.2,465,2026-09-04
OTEX,Open Text Corporation,Technology,Software - Application,Canada,6030159872.0,4,"2023,2024,2025,2026",0.06948887988626731,0.06082877163371326,0.09268396305043716,0.1432894153794207,4.0,4.0,0.05365958879945487,4814345000.0,1817916000.0,2.648276928086886,False,-0.07793648387323393,0.7231809677979575,0.01108823444439893,,NMS,USD,24.85,6030159872.0,44708231.0,47.9,70.7,48.5,45,100,66.8,60.2,466,2026-09-04
SSNC,"SS&C Technologies Holdings, Inc.",Technology,Software - Application,United States,19858851840.0,4,"2022,2023,2024,2025",0.07639191287736302,0.013513377209971533,0.08060753439005656,0.19322848322699945,4.0,4.0,0.05887922873301776,6971300000.0,2113300000.0,3.298774428618748,False,-0.033969465648854946,0.48164955847730584,0.003797664707270172,,NMS,USD,84.63,19858851840.0,158704523.0,51.6,81.0,50.9,10,80,92.3,60.1,467,2026-09-04
EMBJ,,Industrials,Aerospace & Defense,Brazil,13099505664.0,4,"2022,2023,2024,2025",0.04585314186932097,0.04767812795357595,0.05078016063591951,0.06467915293546818,4.0,4.0,0.18616182663556513,644000000.0,724100000.0,0.8893799199005662,False,-0.0030909101462290867,0.18230636099662,0.011086330331131128,,NYQ,USD,73.61,13099505664.0,88377417.0,33.2,43.2,82.8,85,80,66.9,60.1,468,2026-09-04
FISV,"Fiserv, Inc.",,,,28040058880.0,4,"2022,2023,2024,2025",0.079908626351379,0.03141720734905071,0.08910814966683751,0.20623667680886518,4.0,4.0,0.06113528837230442,26087000000.0,8956000000.0,2.912795891022778,False,-0.15264701342799813,0.5874047912707726,0.02256170636365185,,NMS,USD,52.73,28040058880.0,414644359.0,53.7,83.1,51.3,45,100,37.4,60.1,469,2026-09-04
MATX,"Matson, Inc.",Industrials,Marine Shipping,United States,6646641664.0,4,"2022,2023,2024,2025",0.1991969575412923,-0.24013873667924276,0.1448072208435129,0.12727039043986438,4.0,4.0,-0.0833987250864302,209900000.0,840600000.0,0.2497025933856769,False,-0.1806615776081425,0.25800863472016095,0.05726813845205327,,NYQ,USD,222.27,6646641664.0,66945057.0,82.5,66.9,8.1,85,100,14.0,60.1,470,2026-09-04
WAB,Westinghouse Air Brake Technologies Corporation,Industrials,Railroads,United States,47435231232.0,4,"2022,2023,2024,2025",0.07270581996202624,0.025628898077728404,0.0809323580890727,0.12551876541014304,4.0,4.0,0.10122345018267498,4777000000.0,2274000000.0,2.1007036059806508,False,-0.06400437636761491,0.3182165414494345,0.015412329735389156,,NYQ,USD,280.83,47435231232.0,260486956.0,49.8,66.1,65.0,45,100,52.2,60.0,471,2026-09-04
WDO.TO,Wesdome Gold Mines Ltd.,Basic Materials,Gold,Canada,4965117952.0,4,"2022,2023,2024,2025",0.15248163811068177,0.3753942945669583,0.37418132878463817,0.04620324263769291,3.0,4.0,0.5101541925318895,-350468000.0,608261000.0,0.0,True,0.06473723760630934,0.34043549091887815,0.20106656989154262,,TOR,CAD,34.59,3600416189.0,16716694.0,83.0,34.8,97.1,100,25,1.7,60.0,472,2026-09-04
TNET,"TriNet Group, Inc.",Industrials,Staffing & Employment Services,United States,3186706688.0,4,"2022,2023,2024,2025",0.26621993235341884,-0.09908938059773881,0.20424657534246576,0.06731701052428232,4.0,4.0,0.006948414987032914,608000000.0,346000000.0,1.7572254335260116,False,-0.234375,0.20821407479830262,0.025929367428367302,,NYQ,USD,69.42,3186706688.0,26019449.0,88.5,44.8,28.2,65,100,32.6,59.9,473,2026-09-04
T,AT&T Inc.,Communication Services,Telecom Services,United States,179463995392.0,4,"2022,2023,2024,2025",0.0728261752015199,0.10852384228257915,0.11872022803112317,0.1439558088594756,4.0,4.0,0.013367419328691454,117866000000.0,54697000000.0,2.1548896648810723,False,-0.05377619612495055,0.5906632981758255,0.007277018422889253,,NYQ,USD,26.19,179463995392.0,1597888095.0,49.9,70.9,30.1,45,100,79.9,59.9,474,2026-09-04
VICI,VICI Properties Inc.,Real Estate,REIT - Diversified,United States,28242636800.0,4,"2022,2023,2024,2025",0.06857327037929513,0.03520974118958714,0.08213722333646489,0.6480490754721456,4.0,4.0,0.15490054932774422,16209762000.0,3668230000.0,4.418960097921886,False,0.2080507473750175,0.9925375124149853,0.0007681712758260754,,NYQ,USD,25.65,28242636800.0,250511007.0,47.3,99.3,78.3,10,0,99.8,59.9,475,2026-09-04
PWR,"Quanta Services, Inc.",Industrials,Engineering & Construction,United States,93221920768.0,4,"2022,2023,2024,2025",0.08218948360405802,0.0168559624723537,0.08291700581692214,0.05377770966478596,4.0,4.0,0.18595310976676038,5555398000.0,2561283000.0,2.1689903068110787,False,0.022291745499756654,0.14679835914534378,0.003633329189861968,,NYQ,USD,620.06,93221920768.0,767512128.0,54.7,37.9,82.7,45,55,92.8,59.8,476,2026-09-04
OPCH,"Option Care Health, Inc.",Healthcare,Medical Care Facilities,United States,3663747072.0,4,"2022,2023,2024,2025",0.09969222737789674,0.022041918633803115,0.09958655610167959,0.057860882140141595,4.0,4.0,0.1271919539172779,928208000.0,408148000.0,2.2741946548800924,False,-0.10275985170946034,0.21076740851377276,0.013939049017605589,,NMS,USD,24.46,3663747072.0,60340863.0,63.3,39.6,71.9,45,100,57.1,59.8,477,2026-09-04
DHI,"D.R. Horton, Inc.",Consumer Cyclical,Residential Construction,United States,40391663616.0,4,"2022,2023,2024,2025",0.16348749833132148,-0.11773154023514497,0.11208714712543814,0.07010492274511113,4.0,4.0,0.007612158904120037,2980100000.0,4525500000.0,0.658512871505911,False,-0.12655016910935735,0.2683747676149977,0.028074179314535645,,NYQ,USD,144.41,40391663616.0,329476181.0,76.4,45.9,28.6,85,100,29.6,59.8,478,2026-09-04
FR,"First Industrial Realty Trust, Inc.",Real Estate,REIT - Industrial,United States,8455440896.0,4,"2022,2023,2024,2025",0.0681315039348798,-0.009743945962865437,0.05914013235910524,0.6046236807164969,4.0,4.0,0.10428469142587748,2475364000.0,524662000.0,4.718016551608464,False,0.0031112086780769044,0.7319420453331147,0.0036594439247005298,,NYQ,USD,61.71,8455440896.0,66309370.0,37.1,98.7,65.7,10,55,92.7,59.8,479,2026-09-04
BTO.TO,B2Gold Corp.,Basic Materials,Gold,Canada,10343984128.0,4,"2022,2023,2024,2025",0.0794971055288887,0.07537221554094803,0.20571363649917995,0.34619133606887553,4.0,4.0,0.20892798428247827,217886000.0,1455332000.0,0.14971566625347343,False,0.38268204413802387,0.40583583471417195,0.057740800502279546,,TOR,CAD,7.83,7500858646.0,27391657.0,53.5,93.6,85.7,85,0,13.8,59.8,480,2026-09-04
VRSK,"Verisk Analytics, Inc.",Industrials,Consulting Services,United States,24807737344.0,4,"2022,2023,2024,2025",0.2564462305954577,-0.0036722832306723407,0.2072286143829889,,0.0,0.0,0.07160288137517012,2535400000.0,1668900000.0,1.5192042662831806,False,-0.11858235990773791,0.6822459930662278,0.011604880594434569,,NMS,USD,190.6,24807737344.0,401333840.0,87.9,,55.4,65,100,64.9,59.8,481,2026-09-04
ECO,Okeanis Eco Tankers Corp.,Industrials,Marine Shipping,Greece,2715946240.0,4,"2022,2023,2024,2025",0.11352410198097787,0.02894768277430665,0.10930484736672204,0.16559184637279317,3.0,4.0,0.13054262766041425,488463156.0,206545682.0,2.364915844621724,False,0.011593734304350178,0.4804903812603748,0.03237863176210246,,NYQ,USD,69.56,2715946240.0,33908900.0,70.0,76.2,72.8,45,55,25.4,59.7,482,2026-09-04
SNOW,Snowflake Inc.,Technology,Software - Application,United States,123552505856.0,4,"2023,2024,2025,2026",-0.17152607107688425,-0.03994892914550219,-0.1860562345367869,0.24740409814600997,4.0,4.0,0.313765188615279,-1288572000.0,-1083169000.0,0.0,True,0.058868007404386136,0.6672987694443226,0.009954537612975817,,NYQ,USD,356.47,123552505856.0,1928984291.0,0.0,87.9,93.5,100,25,70.4,59.7,483,2026-09-04
OSK,Oshkosh Corporation,Industrials,Farm & Heavy Construction Machinery,United States,9653626880.0,4,"2022,2023,2024,2025",0.12214337414873436,0.07562922468550318,0.13172049579145506,0.03680761985369118,4.0,4.0,0.07963291020972596,621100000.0,1183700000.0,0.5247106530370871,False,-0.02390155515359549,0.16485340047739064,0.022002054085109538,,NYQ,USD,156.36,9653626880.0,112522129.0,73.2,30.7,58.3,85,80,38.4,59.7,484,2026-09-04
LIN,Linde plc,Basic Materials,Specialty Chemicals,United Kingdom,222280024064.0,4,"2022,2023,2024,2025",0.1028003019964837,0.03775197667164294,0.11141834321059568,0.15937912739270502,4.0,4.0,0.006176060609136114,21933000000.0,13124000000.0,1.6712130448034135,False,-0.06317579230137416,0.463390543799132,0.02777198597347601,,NMS,USD,482.19,222280024064.0,1072925309.0,64.9,75.0,27.8,65,100,29.9,59.6,485,2026-09-04
PBH,Prestige Consumer Healthcare Inc.,Healthcare,Drug Manufacturers - Specialty & Generic,United States,2490004736.0,4,"2023,2024,2025,2026",0.06280137991850754,0.08458472907755245,0.07681800028081562,0.21242731493011044,4.0,4.0,-0.011669184885341966,933071000.0,331108000.0,2.8180261425275135,False,-0.02343201908236281,0.5535139089397685,0.0039244669554425425,,NYQ,USD,52.56,2490004736.0,30722108.0,44.6,84.3,20.7,45,80,91.7,59.6,486,2026-09-04
TKC,Turkcell Iletisim Hizmetleri A.S.,Communication Services,Telecom Services,Turkey,4405119488.0,4,"2021,2022,2023,2024",0.05992261602175617,-0.006953644576560961,0.06649281743448468,0.15306077290674186,4.0,4.0,0.26177599565159415,40031328000.0,97954524000.0,0.4086725795329269,False,-0.0009539309206095803,0.19794528853140467,0.044137395839027316,,NYQ,USD,5.06,4405119488.0,11719719.0,32.4,73.1,89.8,85,80,17.8,59.6,487,2026-09-04
TPR,"Tapestry, Inc.",Consumer Cyclical,Luxury Goods,United States,24445419520.0,4,"2022,2023,2024,2025",0.1599797380929971,-0.1488759976435196,0.07861025704095437,0.14006622549543904,4.0,4.0,0.016008836697691153,1294600000.0,526400000.0,2.4593465045592704,False,-0.17623102554609404,0.7227192213636031,0.022690203593966115,,NYQ,USD,122.6,24445419520.0,361967305.0,75.0,69.4,31.3,45,100,37.0,59.6,488,2026-09-04
CROX,"Crocs, Inc.",Consumer Cyclical,Footwear & Accessories,United States,5562108416.0,4,"2022,2023,2024,2025",0.20222606700981924,-0.15419166514317748,0.050471818832977834,0.18354390189203368,4.0,4.0,0.04360875270544384,1100531000.0,240547000.0,4.575118376034621,False,-0.12576202303002937,0.562985698826797,0.025600690778909453,,NMS,USD,116.01,5562108416.0,123925594.0,82.5,79.4,43.9,10,100,33.1,59.6,489,2026-09-04
MGM,MGM Resorts International,Consumer Cyclical,Resorts & Casinos,United States,10523161600.0,4,"2022,2023,2024,2025",0.11990026281445416,-0.023535833706361226,0.06384005626752154,0.08447692598372317,4.0,4.0,0.10136235579297104,4167147000.0,1717615000.0,2.4261240149858962,False,-0.32862058194690946,0.4658446693360982,0.018415307220252843,,NYQ,USD,41.13,10523161600.0,110348376.0,62.2,52.7,65.2,45,100,45.7,59.5,490,2026-09-04
GLPI,"Gaming and Leisure Properties, Inc.",Real Estate,REIT - Specialty,United States,12686871552.0,4,"2022,2023,2024,2025",0.10061054105959036,0.0019203849263181721,0.10336159651968191,0.6357095327923185,4.0,4.0,0.06730333823819001,6979417000.0,1509410000.0,4.623937167502534,False,0.1031999637575538,0.965583527563616,0.003445029700459538,,NMS,USD,42.36,12686871552.0,125075821.0,63.8,99.2,54.0,10,0,93.3,59.4,491,2026-09-04
SVM.TO,Silvercorp Metals Inc.,Basic Materials,Silver,Canada,3999409920.0,4,"2023,2024,2025,2026",0.07396280702611845,0.009207512680055499,0.05269832390092522,0.21696483695668672,4.0,4.0,0.2816175624403394,-303942000.0,129833000.0,0.0,True,0.22591048039346706,0.4267553808876884,0.09167563713818395,,TOR,CAD,18.08,2900140614.0,11940215.0,50.3,84.8,91.8,100,0,7.6,59.4,492,2026-09-04
DVA,DaVita Inc.,Healthcare,Medical Care Facilities,United States,11589908480.0,4,"2022,2023,2024,2025",0.14074826305034843,0.04749146581175055,0.15666365678826893,0.10402764617970751,4.0,4.0,0.055264367135682946,9596751000.0,2642097000.0,3.6322477940817466,False,-0.20816203017718138,0.3147777017779414,0.013624805989181367,,NYQ,USD,181.66,11589908480.0,151415790.0,79.6,59.7,49.4,10,100,57.9,59.4,493,2026-09-04
ALG,Alamo Group Inc.,Industrials,Farm & Heavy Construction Machinery,United States,2087807232.0,4,"2022,2023,2024,2025",0.10724175487023786,-0.018974160464962572,0.08480588518890679,0.06200922084020515,3.0,4.0,0.019460712515906753,-97765000.0,209760000.0,0.0,True,0.011982570806100323,0.2546471695021376,0.008237373448384967,,NYQ,USD,171.54,2087807232.0,27376069.0,56.5,42.0,32.8,100,55,76.4,59.4,494,2026-09-04
AKAM,"Akamai Technologies, Inc.",Technology,Software - Infrastructure,United States,15305819136.0,4,"2022,2023,2024,2025",0.06629687450782779,-0.028969990723380405,0.052283092102525165,0.1907648956249862,4.0,4.0,0.05178977181914113,3175124000.0,1341775000.0,2.3663609770639638,False,-0.08378046576554676,0.6010906761943545,0.010697814693824536,,NMS,USD,106.5,15305819136.0,388858338.0,36.3,80.6,47.5,45,100,68.1,59.3,495,2026-09-04
UPS,"United Parcel Service, Inc.",Industrials,Integrated Freight & Logistics,United States,88055889920.0,4,"2022,2023,2024,2025",0.2048340382057966,-0.14893458416613659,0.15772458740149675,0.0677129438742817,4.0,4.0,-0.04040260188163358,18240000000.0,11927000000.0,1.529303261507504,False,-0.02857142857142858,0.1898368249466694,0.011943150129743138,,NYQ,USD,103.5,88055889920.0,512487081.0,83.0,45.0,14.0,65,80,64.1,59.2,496,2026-09-04
DXPE,"DXP Enterprises, Inc.",Industrials,Industrial Distribution,United States,2811862528.0,4,"2022,2023,2024,2025",0.1074602337226527,0.0118427410350085,0.10089596892896832,0.031553430444713114,4.0,4.0,0.1083777182081298,523273000.0,218602000.0,2.393724668575768,False,-0.15222638796158394,0.30252404934614496,0.01132202554600629,,NMS,USD,181.21,2811862528.0,26827416.0,66.7,28.6,67.6,45,100,66.2,59.2,497,2026-09-04
SNPS,"Synopsys, Inc.",Technology,Software - Infrastructure,United States,79780249600.0,4,"2022,2023,2024,2025",0.14374373143419972,-0.1321526124255649,0.04224316506145814,0.2572333432169017,4.0,4.0,0.15186745455184925,10596485000.0,2500301000.0,4.23808373471834,False,0.058606256190689265,0.7945546633068334,0.014736895030993279,,NMS,USD,416.31,79780249600.0,793495186.0,70.7,88.8,77.6,10,25,54.3,59.2,498,2026-09-04
LNG,"Cheniere Energy, Inc.",Energy,Oil & Gas Midstream,United States,60070461440.0,4,"2022,2023,2024,2025",0.26509305206470046,0.07123306729259138,0.24630955480343664,0.22324932002383666,4.0,4.0,-0.15770146508952287,21714000000.0,10559000000.0,2.0564447390851406,False,-0.13062352012628253,0.4580215172552974,0.22573112927136893,,NYQ,USD,290.85,60070461440.0,553008811.0,98.3,85.6,2.9,45,100,1.4,59.1,499,2026-09-04
GTX,Garrett Motion Inc.,Consumer Cyclical,Auto Parts,United States,5096864768.0,4,"2022,2023,2024,2025",0.4914900958204064,0.26311043179630766,0.6458977272727273,0.09087322730646322,4.0,4.0,-0.0017608933559508655,1241000000.0,602000000.0,2.0614617940199333,False,2.1290187324382237,0.19773713055268768,0.005961623356445879,,NMS,USD,27.33,5096864768.0,71661720.0,100.0,54.8,24.5,45,0,84.9,59.1,500,2026-09-04
BOOT,"Boot Barn Holdings, Inc.",Consumer Cyclical,Apparel Retail,United States,4462774784.0,4,"2023,2024,2025,2026",0.1746624846595784,-0.03554251927559729,0.17216581513905066,0.026096579661643984,2.0,4.0,0.10785016087335442,632444000.0,380770000.0,1.6609606849279093,False,0.01201843924925905,0.3732389996444748,0.005178201827543872,,NYQ,USD,147.36,4462774784.0,100325193.0,78.5,5.3,67.3,65,55,87.3,59.1,501,2026-09-04
COP,ConocoPhillips,Energy,Oil & Gas E&P,United States,163045523456.0,4,"2022,2023,2024,2025",0.17351778005495128,-0.20553499428241762,0.10058486170090669,0.16392058497264894,4.0,4.0,-0.09106174739359629,16146000000.0,25570000000.0,0.6314430973797419,False,-0.019337909171209033,0.3141850058449345,0.04737861136963664,,NYQ,USD,135.72,163045523456.0,966622134.0,78.2,75.9,7.3,85,80,16.7,59.1,502,2026-09-04
CSX,CSX Corporation,Industrials,Railroads,United States,90752745472.0,4,"2022,2023,2024,2025",0.13401023631507658,-0.04238871025643637,0.11047118146621707,0.1900872190595616,4.0,4.0,-0.01737875164321634,18203000000.0,6293000000.0,2.892579056094073,False,-0.12517515179822514,0.36515802905973505,0.019786372189568437,,NMS,USD,48.99,90752745472.0,581649844.0,67.5,80.4,19.3,45,100,42.7,59.0,503,2026-09-04
PINS,"Pinterest, Inc.",Communication Services,Internet Content & Information,United States,11807627264.0,4,"2022,2023,2024,2025",0.008997645965588337,0.08716950966399123,0.06269257516693579,0.22735202179530156,4.0,4.0,0.14633721246731324,-2205135000.0,345034000.0,0.0,True,0.03310491308814956,0.7818241068254886,0.01684778955254986,,NYQ,USD,20.85,11807627264.0,279469730.0,22.0,86.2,76.4,100,25,49.0,59.0,504,2026-09-04
BCPC,Balchem Corporation,Basic Materials,Specialty Chemicals,United States,5474731520.0,4,"2022,2023,2024,2025",0.09874545670415916,0.03222641178879808,0.11453061390461464,0.14311374986490139,4.0,4.0,0.03246836101008621,89430000.0,254939000.0,0.3507897967749148,False,0.006513752971321063,0.33373664141398274,0.023748788904087065,,NMS,USD,171.74,5474731520.0,37097214.0,62.4,70.7,38.1,85,55,35.6,59.0,505,2026-09-04
LEU,Centrus Energy Corp.,Energy,Uranium,United States,3401164288.0,4,"2022,2023,2024,2025",0.28919205807749326,-0.5639608224936353,0.04543662825955124,0.05883686941340008,4.0,4.0,0.15159938964237685,-742000000.0,109800000.0,0.0,True,0.3293968508139846,0.3163792873280564,0.0621078876932856,,NYQ,USD,170.46,3401164288.0,130638498.0,89.9,40.0,77.5,100,0,12.8,59.0,506,2026-09-04
DHR,Danaher Corporation,Healthcare,Diagnostics & Research,United States,148351139840.0,4,"2022,2023,2024,2025",0.06865195455644364,-0.04175246450822953,0.05388572556094261,0.23892243960798548,4.0,4.0,-0.026665255865112814,13803000000.0,6945000000.0,1.9874730021598273,False,-0.028490028490028463,0.5952955490746271,0.0075861063944968245,,NYQ,USD,211.03,148351139840.0,988532894.0,37.3,87.4,17.0,65,80,79.0,59.0,507,2026-09-04
AZN,AstraZeneca PLC,Healthcare,Drug Manufacturers - General,United Kingdom,255541116928.0,4,"2022,2023,2024,2025",0.1075486334463992,0.1036253893401997,0.15119940010261404,0.14716696873895868,4.0,4.0,0.09818214247884915,21635000000.0,19506000000.0,1.1091459038244642,False,0.0012820512820512775,0.7925874892105831,0.0416822700555697,,NYQ,USD,164.77,255541116928.0,511449375.0,66.7,71.9,64.1,65,55,19.6,58.8,508,2026-09-04
TXN,Texas Instruments Incorporated,Technology,Semiconductors,United States,231809662976.0,4,"2022,2023,2024,2025",0.24463607355229322,-0.20260346869145307,0.18065459582467597,0.15393096574903029,4.0,4.0,-0.040677564911326236,10823000000.0,8252000000.0,1.3115608337372757,False,-0.01403887688984884,0.6170557956112448,0.04630942518293534,,NMS,USD,253.83,231809662976.0,2047861858.0,86.9,73.3,13.8,65,80,17.4,58.8,509,2026-09-04
HSY,The Hershey Company,Consumer Defensive,Confectioners,United States,35174047744.0,4,"2022,2023,2024,2025",0.19888154890013643,-0.11511900150712506,0.10503294631642393,0.15851624702864991,4.0,4.0,0.03917965670073964,4403698000.0,1942715000.0,2.2667751059728265,False,-0.01547137843398283,0.4220226925996476,0.0521021740071081,,NYQ,USD,175.06,35174047744.0,316119672.0,82.4,74.6,41.6,45,80,15.2,58.8,510,2026-09-04
VC,Visteon Corporation,Consumer Cyclical,Auto Parts,United States,2730141440.0,4,"2022,2023,2024,2025",0.14010640879784145,-0.01995763317616374,0.11662439807383627,0.05183410794967899,4.0,4.0,0.0010638305894565825,-340000000.0,460000000.0,0.0,True,-0.03157894736842104,0.12492080292461125,0.01694283696133307,,NMS,USD,102.27,2730141440.0,55698185.0,69.4,37.1,25.2,100,80,48.6,58.8,511,2026-09-04
GPOR,Gulfport Energy Corporation,Energy,Oil & Gas E&P,United States,3215987968.0,4,"2022,2023,2024,2025",0.1634489544646165,-0.1082867075902702,0.1778165498178546,0.17884637250894633,4.0,4.0,-0.1719200534148546,786374000.0,896486000.0,0.8771737651229355,False,-0.09372389049982799,0.6920534064570638,0.10641866763983161,,NYQ,USD,181.86,3215987968.0,69306119.0,76.3,78.4,2.7,85,100,5.7,58.8,512,2026-09-04
IBRX,"ImmunityBio, Inc.",Healthcare,Biotechnology,United States,8680058880.0,4,"2022,2023,2024,2025",2.4273560076617677,9.374602525466418,8.079858829568789,-622.239598812345,0.0,4.0,6.786176113515656,388759000.0,-223557000.0,,False,1.3002325581395349,0.9983383059105995,0.0028781385894785286,,NMS,USD,8.19,8680058880.0,84611267.0,100.0,0.0,99.9,30,0,95.1,58.7,513,2026-09-04
GOLF,,Consumer Cyclical,Leisure,United States,5057292800.0,4,"2022,2023,2024,2025",0.14736605565959682,-0.008310059181356882,0.13522729131479383,0.03616079440662663,3.0,4.0,0.04066618213582496,892822000.0,354225000.0,2.520494036276378,False,-0.1652705320216078,0.47319884765302045,0.008014529829835897,,NYQ,USD,86.59,5057292800.0,32854930.0,71.7,30.5,42.1,45,100,77.3,58.7,514,2026-09-04
ECL,Ecolab Inc.,Basic Materials,Specialty Chemicals,United States,78203273216.0,4,"2022,2023,2024,2025",0.11607874897646532,0.04699668895153675,0.13021911489912313,0.10416558862529056,4.0,4.0,0.04264019904644334,7590100000.0,3830500000.0,1.98149066701475,False,-0.00488485694347518,0.414816925577858,0.026568119112069112,,NYQ,USD,278.97,78203273216.0,417714893.0,71.0,59.8,43.3,65,80,31.6,58.7,515,2026-09-04
CP,Canadian Pacific Kansas City Limited,Industrials,Railroads,Canada,80259940352.0,4,"2022,2023,2024,2025",0.04477412564355522,-6.524398795558495e-05,0.0694671222761167,0.18325190739858566,4.0,4.0,0.19597902823791657,23004000000.0,8377000000.0,2.746090485854124,False,-0.016936434773287545,0.3638096511036608,0.011455145964054139,,NYQ,USD,91.3,80259940352.0,233543483.0,22.4,79.2,84.1,45,80,65.8,58.7,516,2026-09-04
DHT,"DHT Holdings, Inc.",Energy,Oil & Gas Midstream,Bermuda,3255346176.0,4,"2022,2023,2024,2025",0.12097146477935204,0.08410509622168673,0.14411931717170423,0.19121834721539357,3.0,4.0,0.031480840607474914,349710000.0,331915000.0,1.0536131238419475,False,-0.02473042007601922,0.3172678843062401,0.0928551508946203,,NYQ,USD,20.19,3255346176.0,66518257.0,72.5,80.6,37.5,65,80,7.3,58.7,517,2026-09-04
BMRN,BioMarin Pharmaceutical Inc.,Healthcare,Biotechnology,United States,12859105280.0,4,"2022,2023,2024,2025",0.04518392861846458,0.02617193557166857,0.05336679799676101,0.10792250043596816,4.0,4.0,0.15400713054411796,-954748000.0,572936000.0,0.0,True,0.04461720019263038,0.7785121388845285,0.013005233022581178,,NMS,USD,66.43,12859105280.0,131907726.0,32.8,60.9,77.9,100,25,60.6,58.7,518,2026-09-04
EPRT,"Essential Properties Realty Trust, Inc.",Real Estate,REIT - Retail,United States,6440320000.0,4,"2022,2023,2024,2025",0.050171171518883166,0.009146298096353984,0.05386706943682923,0.7024047614510563,4.0,4.0,0.2512177058178571,2451537000.0,516060000.0,4.750488315312173,False,0.4578295434701569,0.9875926893516468,0.0009092542450020318,,NYQ,USD,29.7,6440320000.0,53932111.0,35.6,99.5,89.1,10,0,99.6,58.6,519,2026-09-04
FLEX,Flex Ltd.,Technology,Electronic Components,United States,39854886912.0,4,"2023,2024,2025,2026",0.10067272541588877,0.020523456223846104,0.11755593029792018,0.030052298114259697,4.0,4.0,-0.006924549110727707,1362000000.0,1921000000.0,0.709005726184279,False,-0.18181818181818177,0.07888333531214511,0.009400768970547634,,NMS,USD,107.89,39854886912.0,628839562.0,63.9,28.1,22.7,85,100,72.2,58.6,520,2026-09-04
MMS,"Maximus, Inc.",Industrials,Specialty Business Services,United States,3059264256.0,4,"2022,2023,2024,2025",0.10238689187058703,0.04427025613365007,0.12606491522809501,0.059765548750610145,4.0,4.0,0.05456932510204737,1111922000.0,662645000.0,1.6780055685925344,False,-0.06532298407268156,0.2235131531865417,0.0176823066884361,,NYQ,USD,58.43,3059264256.0,38357601.0,64.7,40.6,49.0,65,100,47.2,58.5,521,2026-09-04
CIG,Companhia Energética de Minas Gerais - CEMIG,Utilities,Utilities - Regulated Electric,Brazil,6150466560.0,4,"2022,2023,2024,2025",0.168623174529742,-0.02603088383471347,0.12898619333083552,0.13192926805008198,4.0,4.0,0.10361338553826949,17564000000.0,8706000000.0,2.0174592235240065,False,0.0,0.18101070057363502,0.035654198500768716,,NYQ,USD,2.15,6150466560.0,12768014.0,77.6,67.9,65.6,45,55,23.1,58.5,522,2026-09-04
AMT,American Tower Corporation,Real Estate,REIT - Specialty,United States,82824404992.0,4,"2022,2023,2024,2025",0.08482605972136396,0.02379441984898037,0.0929788710340373,0.30047103226876426,4.0,4.0,0.03340295998443743,35745500000.0,6445200000.0,5.5460652888971635,False,0.012981091301998982,0.7413554634418982,0.0046746821623600094,,NYQ,USD,177.75,82824404992.0,528108404.0,56.0,91.7,38.7,10,55,89.2,58.5,523,2026-09-04
SHW,The Sherwin-Williams Company,Basic Materials,Specialty Chemicals,United States,80658825216.0,4,"2022,2023,2024,2025",0.1936289992567177,0.01886077876347325,0.18905859233593628,0.09364827616547898,4.0,4.0,0.021007379883363875,10664100000.0,4480100000.0,2.380326332001518,False,-0.04354469060351418,0.4652134315391403,0.026809610514358824,,NYQ,USD,332.26,80658825216.0,733417101.0,91.6,56.0,33.4,45,80,31.4,58.5,524,2026-09-04
PARR,"Par Pacific Holdings, Inc.",Energy,Oil & Gas Refining & Marketing,United States,4107167744.0,4,"2022,2023,2024,2025",0.2126970451710073,-0.1899970813452445,0.18591134327971276,0.03703963555921564,3.0,4.0,0.006462255423940189,638757000.0,704579000.0,0.9065796738194014,False,-0.1384700165322379,0.13137178716360212,0.028360969349386932,,NYQ,USD,81.98,4107167744.0,79478872.0,84.0,30.8,28.0,85,100,29.5,58.5,525,2026-09-04
CHRW,"C.H. Robinson Worldwide, Inc.",Industrials,Integrated Freight & Logistics,United States,17140326400.0,4,"2022,2023,2024,2025",0.20923704450865618,-0.0867839188778505,0.22009543946325236,0.04373829889637012,4.0,4.0,-0.13053598256384413,928567000.0,897779000.0,1.0342935176697161,False,-0.04441997640581985,0.07450527885445961,0.006761004878717779,,NMS,USD,146.685,17140326400.0,255330179.0,83.5,33.8,4.5,65,80,82.3,58.4,526,2026-09-04
CXT,"Crane NXT, Co.",Industrials,Business Equipment & Supplies,United States,2877489664.0,4,"2022,2023,2024,2025",0.12493375088745007,-0.07341405119641067,0.08088718913270637,0.15546938369077512,4.0,4.0,0.07330667027036686,905700000.0,347900000.0,2.603334291463064,False,0.022471328361431286,0.4524102854103908,0.01819534971772214,,NYQ,USD,49.99,2877489664.0,41505297.0,64.4,73.6,55.9,45,55,46.1,58.4,527,2026-09-04
SUPN,"Supernus Pharmaceuticals, Inc.",Healthcare,Drug Manufacturers - Specialty & Generic,United States,2557647104.0,4,"2022,2023,2024,2025",0.022907952673291043,-0.08891258716603506,-0.03629751515003099,0.16977687700865643,4.0,4.0,0.025194752944831755,-267693000.0,42533000.0,0.0,True,-0.08477109199446176,0.8774882166545301,0.013046045536486701,,NGM,USD,43.97,2557647104.0,37338181.0,14.8,76.8,35.1,100,100,60.4,58.4,528,2026-09-04
BDT.TO,Bird Construction Inc.,Industrials,Engineering & Construction,Canada,3769640192.0,4,"2022,2023,2024,2025",0.16456525323863005,-0.06578702470053552,0.09697253275624873,0.016862332250602376,4.0,4.0,0.12757793791173766,182061000.0,165413000.0,1.100645052081759,False,0.03142804342272609,0.0932352248107804,0.008232197451071744,,TOR,CAD,68.04,2733524904.0,14514450.0,76.6,23.5,72.1,65,25,76.6,58.4,529,2026-09-04
OHI,"Omega Healthcare Investors, Inc.",Real Estate,REIT - Healthcare Facilities,United States,15019744256.0,4,"2022,2023,2024,2025",0.07087734930067004,0.012394166466895173,0.0868511731389559,0.7034793841522209,4.0,4.0,0.10659651868688536,4228987000.0,1164715000.0,3.6309200104746653,False,0.24831962012362352,0.9851374944750576,0.0020714926076561267,,NYQ,USD,47.04,15019744256.0,95473560.0,49.1,99.5,66.9,10,0,97.7,58.4,530,2026-09-04
PODD,Insulet Corporation,Healthcare,Medical Devices,United States,10443355136.0,4,"2022,2023,2024,2025",0.0884564329931715,0.098542011531979,0.11780620064921891,0.06608790288966102,3.0,4.0,0.27541480232743965,233100000.0,489300000.0,0.47639484978540775,False,0.028264912029752454,0.6787087539071102,0.03738782692340817,,NMS,USD,150.58,10443355136.0,247393152.0,57.7,44.0,91.1,85,55,21.6,58.4,531,2026-09-04
ON,ON Semiconductor Corporation,Technology,Semiconductors,United States,28673316864.0,4,"2022,2023,2024,2025",0.14135253143513218,-0.19322809123916618,0.01785937412003229,0.1631845840817681,4.0,4.0,-0.10369233936412636,832900000.0,888200000.0,0.9377392479171358,False,-0.08121374386434632,0.4363117289556746,0.06214621251010795,,NMS,USD,73.65,28673316864.0,809630473.0,70.0,75.8,6.4,85,100,12.8,58.3,532,2026-09-04
ATI,ATI Inc.,Industrials,Metal Fabrication,United States,27852290048.0,4,"2022,2023,2024,2025",0.1282411942930668,-0.010225880384324953,0.14266946171811248,0.027069584149623245,3.0,4.0,0.06144135419561647,1332700000.0,801100000.0,1.663587567095244,False,-0.06216931216931221,0.20097681060904676,0.012865792318494733,,NYQ,USD,204.54,27852290048.0,363573327.0,65.2,26.8,51.4,65,100,60.9,58.3,533,2026-09-04
VMI,"Valmont Industries, Inc.",Industrials,Conglomerates,United States,9172123648.0,4,"2022,2023,2024,2025",0.13143508622688085,0.044025518215305565,0.16132023170005558,0.07521130450255155,4.0,4.0,-0.01885214393476775,608523000.0,506693000.0,1.2009698180160373,False,-0.07613531047265987,0.2904950377203109,0.018339656903947364,,NYQ,USD,475.12,9172123648.0,103879287.0,76.2,48.4,18.8,65,100,45.8,58.2,534,2026-09-04
PSO,Pearson plc,Communication Services,Publishing,United Kingdom,9694047232.0,4,"2022,2023,2024,2025",0.08416086043217792,0.025198162560316623,0.0840722425284885,0.11296458585025515,4.0,4.0,-0.023456610892083396,670000000.0,1103000000.0,0.6074342701722575,False,-0.11010781671159031,0.4991560680913796,0.019758984435346853,,NYQ,USD,16.13,9694047232.0,11894843.0,55.5,62.5,17.6,85,100,42.8,58.2,535,2026-09-04
FDX,FedEx Corporation,Industrials,Integrated Freight & Logistics,United States,76754583552.0,4,"2023,2024,2025,2026",0.09621961908871741,-0.00598047838996868,0.09019534178274437,0.038334121306614115,4.0,4.0,0.016601213758559163,12403000000.0,11132000000.0,1.1141753503413583,False,-0.06854984790140017,0.21561408265531684,0.0018704105869954025,,NYQ,USD,324.31,76754583552.0,582261958.0,51.0,31.5,31.6,65,100,98.1,58.2,536,2026-09-04
ATKR,Atkore Inc.,Industrials,Electrical Equipment & Parts,United States,3162799616.0,4,"2022,2023,2024,2025",0.2531551117499649,-0.46104827571090423,0.005575492398116981,0.1405113227586987,4.0,4.0,-0.10030405103974904,253833000.0,174521000.0,1.4544553377530498,False,-0.23392429465889364,0.34337427987002284,0.06788537165691241,,NYQ,USD,93.65,3162799616.0,69905323.0,87.6,69.6,6.6,65,100,10.7,58.2,537,2026-09-04
ROK,"Rockwell Automation, Inc.",Industrials,Specialty Industrial Machinery,United States,47656407040.0,4,"2022,2023,2024,2025",0.1618119981712402,-0.02870130156407394,0.12742366414655423,0.1154777167970696,4.0,4.0,0.02438220649270817,2756000000.0,1398000000.0,1.9713876967095851,False,-0.03084832904884316,0.4588589302549573,0.03508482054472691,,NYQ,USD,428.28,47656407040.0,351312945.0,75.8,63.5,34.8,65,80,23.6,58.2,538,2026-09-04
DVN,Devon Energy Corporation,Energy,Oil & Gas E&P,United States,53668999168.0,4,"2022,2023,2024,2025",0.2130286806185694,-0.2332405896711873,0.1275874900698248,0.1142632450247027,3.0,4.0,-0.03570785468840698,6955000000.0,7558000000.0,0.9202169886213284,False,-0.039453717754172946,0.3348230557795818,0.06798493946626319,,NYQ,USD,48.79,53668999168.0,593356560.0,84.1,63.0,14.7,85,80,10.7,58.2,539,2026-09-04
XYL,Xylem Inc.,Industrials,Specialty Industrial Machinery,United States,25190891520.0,4,"2022,2023,2024,2025",0.0680004990065581,-0.0009943152233774927,0.07257115184026225,0.08946631162473816,4.0,4.0,0.1783579915890725,463000000.0,1785000000.0,0.2593837535014006,False,0.34806629834254155,0.3765294900045541,0.00559897138133585,,NYQ,USD,107.89,25190891520.0,202709558.0,37.0,54.4,81.9,85,0,86.0,58.0,540,2026-09-04
LEA,Lear Corporation,Consumer Cyclical,Auto Parts,United States,8724623360.0,4,"2022,2023,2024,2025",0.07651484586685124,0.009435472085130535,0.07092694967987452,0.0229091279392752,4.0,4.0,0.036432670090980945,1710100000.0,1330000000.0,1.2857894736842106,False,-0.10532928213689485,0.06884764672632908,0.0030719538839583693,,NYQ,USD,131.05,8724623360.0,85208448.0,51.8,25.5,40.1,65,100,94.7,58.0,541,2026-09-04
PNR,Pentair plc,Industrials,Specialty Industrial Machinery,United Kingdom,9579192320.0,4,"2022,2023,2024,2025",0.12061733110687274,0.02174785131380584,0.12874176224626893,0.1370044811495167,4.0,4.0,0.004364124986398155,1537000000.0,943600000.0,1.628868164476473,False,-0.0006038647342995196,0.3743896562468582,0.027899355561448243,,NYQ,USD,60.02,9579192320.0,194889081.0,72.4,68.6,26.6,65,80,29.8,58.0,542,2026-09-04
CI,The Cigna Group,Healthcare,Healthcare Plans,United States,75641479168.0,4,"2022,2023,2024,2025",0.08944998247254334,-0.001178517813384114,0.10146375860938013,0.04020451252381569,4.0,4.0,0.1514950529756025,23787000000.0,11964000000.0,1.9882146439317954,False,-0.14214939389583636,0.10983196901915071,0.014930601161965068,,NYQ,USD,286.26,75641479168.0,482876536.0,47.9,32.3,77.5,65,100,53.8,57.9,543,2026-09-04
BCO,The Brink's Company,Industrials,Security & Protection Services,United States,4379602432.0,4,"2022,2023,2024,2025",0.08151402314825519,0.002604476988300311,0.08006233303650935,0.07290268725148372,4.0,4.0,0.05071890590616457,2488400000.0,890200000.0,2.7953268928330712,False,-0.08207343412527002,0.2468726828602164,0.008992207725783985,,NYQ,USD,106.35,4379602432.0,53370790.0,54.5,46.9,47.0,45,100,73.6,57.9,544,2026-09-04
DOO.TO,BRP Inc.,Consumer Cyclical,Recreational Vehicles,Canada,6277591552.0,4,"2023,2024,2025,2026",0.21131948497011574,-0.11388875527035211,0.16939610382746847,0.06074254559698901,3.0,4.0,-0.055915044487979904,2015200000.0,1007900000.0,1.9994047028475048,False,-0.08709001206753597,0.2404991150350758,0.017125077320752143,,TOR,CAD,88.23,4552146087.0,16869675.0,83.8,41.3,11.6,65,100,48.1,57.9,545,2026-09-04
ALC,Alcon Inc.,Healthcare,Medical Instruments & Supplies,Switzerland,34843471872.0,4,"2022,2023,2024,2025",0.03314425663520434,0.02703209285240262,0.04480828039095907,0.1018766023577533,4.0,4.0,0.060643293224687644,509000000.0,2699000000.0,0.18858836606150425,False,0.00364077669902918,0.5520319364166928,0.004459554462581773,,NYQ,USD,72.08,34843471872.0,137132200.0,27.2,58.6,51.2,85,55,90.0,57.9,546,2026-09-04
LPG,Dorian LPG Ltd.,Energy,Oil & Gas Midstream,United States,2291868160.0,4,"2023,2024,2025,2026",0.10266284030447342,-0.026641903181461715,0.07778543269302203,0.4275315176238507,4.0,4.0,0.07301813173113225,233510268.0,292124824.0,0.7993509925058612,False,0.061223254036647745,0.5533075741074824,0.07967127129198817,,NYQ,USD,53.57,2291868160.0,35190187.0,54.7,96.3,55.7,85,25,8.7,57.9,547,2026-09-04
MWA,"Mueller Water Products, Inc.",Industrials,Specialty Industrial Machinery,United States,3731403776.0,4,"2022,2023,2024,2025",0.10324143693428103,0.06353996671901868,0.1437192492848671,0.07802398483788857,3.0,4.0,0.04651725282191577,20100000.0,320100000.0,0.06279287722586692,False,-0.0031645569620253333,0.3250161906160741,0.03062071673181971,,NYQ,USD,23.9,3731403776.0,27335840.0,65.1,49.5,45.2,85,80,27.2,57.8,548,2026-09-04
CCJ,Cameco Corporation,Energy,Uranium,Canada,43823329280.0,4,"2022,2023,2024,2025",0.04747178247421793,0.06720636824407311,0.08381876011160408,0.20572117457590544,4.0,4.0,0.23068700139731124,-218115000.0,1166074000.0,0.0,True,0.06986626057695844,0.2175401328190431,0.05776219155885457,,NYQ,USD,100.62,43823329280.0,334482916.0,34.2,82.8,87.8,100,25,13.8,57.8,549,2026-09-04
AEO,"American Eagle Outfitters, Inc.",Consumer Cyclical,Apparel Retail,United States,2850422272.0,4,"2023,2024,2025,2026",0.14942395607313938,0.02664768774017323,0.1440342177729951,0.0473483330908553,4.0,4.0,0.035929523975714694,1461400000.0,550005000.0,2.6570667539386004,False,-0.14172180912749843,0.37291391283725117,0.016603130332381835,,NYQ,USD,17.01,2850422272.0,78581879.0,82.4,35.3,39.8,45,100,49.8,57.8,550,2026-09-04
EPR,EPR Properties,Real Estate,REIT - Specialty,United States,4633307648.0,4,"2022,2023,2024,2025",0.05988005423558172,0.01985444607760587,0.07588388292027627,0.6600209003104139,4.0,4.0,0.03281827322872943,2838834000.0,572221000.0,4.961079722694553,False,0.01934890662686728,0.9102422042156206,0.0022477062854475162,,NYQ,USD,60.48,4633307648.0,41674893.0,42.2,99.4,38.3,10,55,97.4,57.8,551,2026-09-04
WES,"Western Midstream Partners, LP",Energy,Oil & Gas Midstream,United States,20324057088.0,4,"2022,2023,2024,2025",0.1484824379504784,-0.035412374779708905,0.1258254548733093,0.35490793526672915,4.0,4.0,0.05730645348234509,7803459000.0,2317808000.0,3.366740903474317,False,-0.021088442241492422,0.7445357144351623,0.031310779579089516,,NYQ,USD,49.19,20324057088.0,43064861.0,72.0,94.1,50.2,10,80,26.4,57.8,552,2026-09-04
HWKN,"Hawkins, Inc.",Basic Materials,Specialty Chemicals,United States,2699778816.0,4,"2023,2024,2025,2026",0.1391560658065833,-0.020504555837704413,0.11779280445341891,0.07805442023613533,4.0,4.0,0.05038887674793924,240086000.0,175389000.0,1.3688771815792324,False,-0.007282688168231077,0.2112075426801823,0.02140126421687015,,NMS,USD,129.33,2699778816.0,21398036.0,69.0,49.6,46.8,65,80,39.3,57.8,553,2026-09-04
FROG,JFrog Ltd.,Technology,Software - Application,United States,11172331520.0,4,"2022,2023,2024,2025",-0.09305782055189063,0.033545652596517386,-0.08005336656724289,0.1963244564910563,4.0,4.0,0.2383791829013313,-691958000.0,-65425000.0,0.0,True,0.17086171456208943,0.7739619942355076,0.004889917248688945,,NMS,USD,90.61,11172331520.0,242718004.0,0.0,81.4,88.0,100,0,88.6,57.8,554,2026-09-04
VRSN,"VeriSign, Inc.",Technology,Software - Infrastructure,United States,26518841344.0,4,"2022,2023,2024,2025",-0.011603276581719224,-5.679112797223453,-2.419321038251366,0.5778958472247194,4.0,4.0,0.05150438997980311,1480300000.0,1176700000.0,1.2580096881108185,False,-0.13148148148148153,0.8714034943116568,0.008620765979373364,,NMS,USD,293.35,26518841344.0,236619337.0,0.0,98.5,47.3,65,100,74.9,57.8,555,2026-09-04
GMED,"Globus Medical, Inc.",Healthcare,Medical Devices,United States,10488541184.0,4,"2022,2023,2024,2025",0.06975070971653471,0.004237193126459732,0.10442525534357404,0.14132159351378468,4.0,4.0,0.4216525580955006,-438587000.0,814033000.0,0.0,True,0.33526884444141336,0.6639397514072201,0.05481840766883978,,NYQ,USD,78.12,10488541184.0,124461643.0,48.2,69.9,96.3,100,0,14.6,57.7,556,2026-09-04
PR,Permian Resources Corporation,Energy,Oil & Gas E&P,United States,19883603968.0,4,"2022,2023,2024,2025",0.11794737704456865,-0.06863906809008609,0.0953035403011311,0.14464004715855605,4.0,4.0,0.3345044597008584,3391908000.0,3690661000.0,0.9190516278791252,False,1.2643704153449642,0.5187703127918162,0.0940918620892957,,NYQ,USD,23.74,19883603968.0,238489262.0,61.6,71.1,94.4,85,0,7.1,57.6,557,2026-09-04
IQV,IQVIA Holdings Inc.,Healthcare,Diagnostics & Research,United States,44708651008.0,4,"2022,2023,2024,2025",0.09039163306122536,0.010141144374951186,0.08788590453052594,0.11828712070646578,4.0,4.0,0.04214942539507627,13744000000.0,3464000000.0,3.967667436489607,False,-0.0897166841552991,0.3451003126257347,0.007035821503376224,,NYQ,USD,271.62,44708651008.0,391170284.0,58.4,64.5,42.9,10,100,81.1,57.6,558,2026-09-04
WDAY,"Workday, Inc.",Technology,Software - Application,United States,49867718656.0,4,"2023,2024,2025,2026",0.035515433042008326,0.08606830444516739,0.07148823202372129,0.25511486669235295,4.0,4.0,0.15396978072353007,1486000000.0,1470000000.0,1.0108843537414967,False,0.05218606147893201,0.748244170379787,0.013493968972446105,,NMS,USD,206.92,49867718656.0,1011850388.0,28.5,88.8,77.8,65,25,58.7,57.6,559,2026-09-04
LPX,Louisiana-Pacific Corporation,Industrials,Building Products & Equipment,United States,4735912448.0,4,"2022,2023,2024,2025",0.21918268831359095,-0.4225972296534094,0.0743915343915344,0.09317637227275807,4.0,4.0,-0.11097839245534435,56000000.0,354000000.0,0.15819209039548024,False,-0.10256410256410253,0.27971091337583326,0.0675484942804052,,NYQ,USD,67.73,4735912448.0,79003523.0,84.9,55.8,5.7,85,100,10.9,57.6,560,2026-09-04
NHI,"National Health Investors, Inc.",Real Estate,REIT - Healthcare Facilities,United States,3531531264.0,4,"2022,2023,2024,2025",0.053982688465903206,0.02204547481748413,0.05728665499596516,0.6231443516382213,4.0,4.0,0.10527428582737697,1144190000.0,275672000.0,4.150548477901274,False,0.05039771188418074,0.9665681253020975,0.002610818225093381,,NYQ,USD,71.91,3531531264.0,41025518.0,37.8,99.0,66.2,10,25,96.3,57.6,561,2026-09-04
ATR,"AptarGroup, Inc.",Healthcare,Medical Instruments & Supplies,United States,8158094336.0,4,"2022,2023,2024,2025",0.09906335210337983,0.02143927125826796,0.10470136551145973,0.07454074051409557,4.0,4.0,0.04370686250759892,1080540000.0,831478000.0,1.2995412987475314,False,8.992940541685535e-05,0.36570380059776253,0.010563411438442572,,NYQ,USD,128.31,8158094336.0,58905838.0,62.8,48.2,43.9,65,55,68.7,57.5,562,2026-09-04
CPA,"Copa Holdings, S.A.",Industrials,Airlines,Panama,5282441728.0,4,"2022,2023,2024,2025",0.16332554215083595,0.013946614040069583,0.15914807446133866,0.05295541812784469,4.0,4.0,0.06857716192895946,1597887000.0,1239139000.0,1.2895139286230197,False,0.016667251496342628,0.3458241342346232,0.025447473971495934,,NYQ,USD,129.41,5282441728.0,38743413.0,86.2,37.6,54.5,65,55,33.4,57.5,563,2026-09-04
VALE,Vale S.A.,Basic Materials,Other Industrial Metals & Mining,Brazil,65155727360.0,4,"2022,2023,2024,2025",0.18573595117905017,-0.27301344017510965,0.08085428791039857,0.11515732741807444,4.0,4.0,-0.04316988050205395,13761000000.0,9799000000.0,1.4043269721400142,False,-0.07918866662990431,0.39704182915772346,0.04209096165065007,,NYQ,USD,15.31,65155727360.0,362053881.0,80.8,63.3,13.2,65,100,19.2,57.5,564,2026-09-04
PKG,Packaging Corporation of America,Consumer Cyclical,Packaging & Containers,United States,20899788800.0,4,"2022,2023,2024,2025",0.1281309544654281,-0.07904050663462246,0.09731074218065917,0.0826831587833703,4.0,4.0,0.019711899650188602,3438300000.0,1759700000.0,1.9539125987384214,False,-0.03596037788545614,0.22180850239907818,0.01456351556158106,,NYQ,USD,234.57,20899788800.0,148500872.0,65.2,51.6,33.0,65,80,54.8,57.5,565,2026-09-04
PHIN,PHINIA Inc.,Consumer Cyclical,Auto Parts,United States,2506777856.0,4,"2022,2023,2024,2025",0.09842359785916233,-0.08504446869674587,0.0716867422761048,0.05018588654116622,4.0,4.0,0.013264144791027999,611000000.0,436000000.0,1.401376146788991,False,-0.13948497854077258,0.2157858572240698,0.0056887314838213535,,NYQ,USD,68.42,2506777856.0,26272391.0,52.3,36.6,30.0,65,100,85.6,57.5,566,2026-09-04
TFPM,Triple Flag Precious Metals Corp.,Basic Materials,Other Precious Metals & Mining,Canada,7117404160.0,4,"2022,2023,2024,2025",0.045777389063080876,0.07509554605742044,0.11918658897808887,0.26934637571123554,3.0,4.0,0.36783813658457776,-87242000.0,353153000.0,0.0,True,0.3085676348440438,0.5816366007879289,0.06263356536744004,,NYQ,USD,34.55,7117404160.0,22670363.0,33.2,90.4,95.3,100,0,12.3,57.5,567,2026-09-04
IR,Ingersoll Rand Inc.,Industrials,Specialty Industrial Machinery,United States,29255157760.0,4,"2022,2023,2024,2025",0.0649178167333353,0.004699026861590419,0.0611609129718646,0.16158041336800652,4.0,4.0,0.08948380588960547,3535900000.0,1695000000.0,2.0860766961651915,False,-0.022428083861530945,0.4216149443366084,0.018043285601305234,,NYQ,USD,75.4,29255157760.0,309124241.0,45.7,75.6,61.6,45,80,46.4,57.5,568,2026-09-04
UNF,UniFirst Corporation,Industrials,Specialty Business Services,United States,4974956032.0,4,"2022,2023,2024,2025",0.0588068752385858,0.010566351256583728,0.06456282074748369,0.03073016797877396,3.0,4.0,0.0672659570657852,-136734000.0,324853000.0,0.0,True,-0.018591876617546133,0.34968657294343075,0.010482385851421508,,NYQ,USD,275.1,4974956032.0,55026052.0,41.6,28.3,53.9,100,80,68.8,57.5,569,2026-09-04
BCE.TO,BCE Inc.,Communication Services,Telecom Services,Canada,30614824960.0,4,"2022,2023,2024,2025",0.07962641602003144,0.056989201527879035,0.13385495673092987,0.12547020811165416,4.0,4.0,0.004037617952378225,39806000000.0,14720000000.0,2.704211956521739,False,0.018170426535087714,0.6828745911654827,0.002385782164431893,,TOR,CAD,32.83,22200099270.0,99940977.0,53.6,65.9,26.6,45,55,96.9,57.4,570,2026-09-04
DGX,Quest Diagnostics Incorporated,Healthcare,Diagnostics & Research,United States,26423382016.0,4,"2022,2023,2024,2025",0.0936252581214741,-0.015909426645513203,0.09317617295308188,0.11039325065772476,4.0,4.0,0.03743568077946513,5454000000.0,2165000000.0,2.5191685912240183,False,-0.0423728813559322,0.33451952064820983,0.007521116382248625,,NYQ,USD,239.4,26423382016.0,228385445.0,49.5,61.7,40.6,45,80,79.2,57.4,571,2026-09-04
SKM,"SK Telecom Co., Ltd.",Communication Services,Telecom Services,South Korea,14311420928.0,4,"2022,2023,2024,2025",0.06236850910011271,-0.01949113446349942,0.0386987126563763,0.11565511931220912,4.0,4.0,-0.003979221096156116,7357005000000.0,4572600000000.0,1.6089325547828368,False,-0.02353652518538929,0.8723548950767659,0.001504216123303286,,NYQ,USD,37.28,14311420928.0,91957905.0,34.1,63.7,23.8,65,80,98.8,57.4,572,2026-09-04
FIGS,"FIGS, Inc.",Consumer Cyclical,Apparel Manufacturing,United States,2525331712.0,4,"2022,2023,2024,2025",0.05902862631822867,-0.03338506142834706,0.06330772044200411,0.0685016571742724,3.0,4.0,0.07653786364517856,-240844000.0,47182000.0,0.0,True,-0.042978920633183204,0.6832421943114833,0.013588940465772982,,NYQ,USD,15.2,2525331712.0,46099107.0,31.8,45.2,57.7,100,80,58.1,57.4,573,2026-09-04
MNDY,monday.com Ltd.,Technology,Software - Application,Israel,4114540288.0,4,"2022,2023,2024,2025",-0.05203950301897372,0.14928115333171893,-0.0011075394037387434,0.21310978377785106,4.0,4.0,0.33394935709847084,-1496690000.0,12057000.0,0.0,True,0.15898516471470603,0.8866474286730432,0.008669424040497245,,NMS,USD,97.33,4114540288.0,137024094.0,0.0,84.4,94.4,100,0,74.8,57.3,574,2026-09-04
JOYY,JOYY Inc.,Communication Services,Internet Content & Information,Singapore,3652933376.0,4,"2022,2023,2024,2025",0.035625021151138865,-0.07064303070559702,0.03054881092294429,0.09292434643864261,4.0,4.0,-0.041397942592098835,-1148845000.0,322459000.0,0.0,True,-0.35260961443434835,0.35778420528962596,0.002635372960445484,,NMS,USD,74.59,3652933376.0,23801371.0,18.6,55.8,13.6,100,100,96.3,57.3,575,2026-09-04
SHEL,Shell plc,Energy,Oil & Gas Integrated,United Kingdom,253975707648.0,4,"2022,2023,2024,2025",0.12292013528590787,-0.0930084135463877,0.09517403732214091,0.10792504884204965,4.0,4.0,-0.11213347820720299,17080000000.0,56664000000.0,0.301425949456445,False,-0.19727413804736527,0.16912683104654253,0.022137341122529543,,NYQ,USD,92.33,253975707648.0,588928013.0,63.6,60.9,5.4,85,100,37.9,57.3,576,2026-09-04
PSK.TO,PrairieSky Royalty Ltd.,Energy,Oil & Gas E&P,Canada,8435357184.0,4,"2022,2023,2024,2025",0.08727936542090671,-0.03378363608224791,0.0772799905165601,0.6320479110064611,4.0,4.0,-0.09413112029266024,241200000.0,432800000.0,0.5573012939001848,False,-0.026767043078209984,0.7137560627339359,0.031459104344814644,,TOR,CAD,36.29,6116832845.0,11065655.0,46.7,99.1,7.0,85,80,26.3,57.3,577,2026-09-04
CHRD,Chord Energy Corporation,Energy,Oil & Gas E&P,United States,8095285248.0,4,"2022,2023,2024,2025",0.1328400475149627,-0.19324140089378694,0.026745114694386285,0.23334700433016525,4.0,4.0,0.10175301596386421,1290050000.0,1793805000.0,0.7191695864377677,False,0.7938048432606741,0.3215429530247872,0.11934059536778943,,NMS,USD,148.0,8095285248.0,118015348.0,66.8,86.7,65.2,85,0,4.3,57.2,578,2026-09-04
MMM,3M Company,Industrials,Conglomerates,United States,86801244160.0,4,"2022,2023,2024,2025",0.07482118069993082,0.08182809372989616,0.2271602746763754,0.1086470519284625,4.0,4.0,-0.01570080136859997,7367000000.0,6467000000.0,1.1391680841193752,False,-0.04633544749823815,0.3991100937461463,0.008033641486059399,,NYQ,USD,168.31,86801244160.0,578885077.0,50.7,61.1,19.8,65,80,77.2,57.2,579,2026-09-04
BCC,Boise Cascade Company,Basic Materials,Lumber & Wood Production,United States,2690821120.0,4,"2022,2023,2024,2025",0.18790453314416272,-0.29117718858456115,0.059091642486181116,0.05314817556652588,4.0,4.0,-0.08597857178582868,33599000.0,363648000.0,0.09239429338261175,False,-0.05413356129940661,0.1999251500853652,0.023139639302821115,,NYQ,USD,77.12,2690821120.0,29996749.0,81.0,37.7,7.6,85,100,36.6,57.2,580,2026-09-04
MUSA,Murphy USA Inc.,Consumer Cyclical,Specialty Retail,United States,9600055296.0,4,"2022,2023,2024,2025",0.23867154789215106,-0.10322063343799068,0.19823574673033748,0.022195167053140098,4.0,4.0,-0.061449606633966036,2153700000.0,996900000.0,2.160397231417394,False,-0.18471816283924847,0.11137422131553068,0.007248404309974052,,NYQ,USD,522.3,9600055296.0,159100414.0,86.6,25.3,10.6,45,100,80.1,57.1,581,2026-09-04
ENPH,"Enphase Energy, Inc.",Technology,Solar,United States,4798172160.0,4,"2022,2023,2024,2025",0.12906084452739366,-0.1148851838730483,0.07683107925285851,0.24539157633238742,4.0,4.0,-0.14185407107518988,730059000.0,289980000.0,2.517618456445272,False,-0.06582173280698111,0.4548625285453291,0.02155902267666712,,NGM,USD,36.31,4798172160.0,195438684.0,65.4,87.8,3.9,45,100,39.0,57.1,582,2026-09-04
BTU,Peabody Energy Corporation,Energy,Thermal Coal,United States,3369315840.0,4,"2022,2023,2024,2025",0.16051434721857033,-0.3096051387938584,0.0009791365420367692,0.08873251534763633,3.0,4.0,-0.08141289524074968,-115400000.0,389300000.0,0.0,True,-0.22519083969465647,0.24601535296788213,0.08435541342671322,,NYQ,USD,27.64,3369315840.0,70717327.0,75.3,54.0,8.4,100,100,8.3,57.1,583,2026-09-04
RUSHA,"Rush Enterprises, Inc.",Consumer Cyclical,Auto & Truck Dealerships,United States,5849361408.0,4,"2022,2023,2024,2025",0.10995499232630324,-0.04873574685623015,0.08921947823229466,0.021009799517453562,3.0,4.0,0.015370372451968928,980235000.0,646860000.0,1.5153742695482795,False,-0.05833085451989761,0.20078126809785796,0.005335218985354525,,NMS,USD,50.11,5849361408.0,37669942.0,58.3,24.6,31.1,65,100,87.0,57.0,584,2026-09-04
TDW,Tidewater Inc.,Energy,Oil & Gas Equipment & Services,United States,4705944576.0,4,"2022,2023,2024,2025",0.08274160906256013,0.10060776057377192,0.11196692440309046,0.13972535423593968,4.0,4.0,0.27826817710060814,76132000.0,437430000.0,0.17404384701552247,False,0.14275355750929042,0.26641449127215555,0.041167647640917286,,NYQ,USD,94.58,4705944576.0,68230579.0,54.9,69.1,91.4,85,0,19.8,57.0,585,2026-09-04
KBR,"KBR, Inc.",Industrials,Engineering & Construction,United States,4701066752.0,4,"2022,2023,2024,2025",0.08140811047947133,0.06617063104822317,0.1412539643815565,0.0504092380115092,4.0,4.0,0.05855950390285991,2148000000.0,941000000.0,2.2826780021253987,False,-0.14452631696012186,0.13921000872386408,0.007992271989129662,,NYQ,USD,37.29,4701066752.0,59237999.0,54.4,36.7,50.8,45,100,77.5,56.9,586,2026-09-04
TEX,Terex Corporation,Industrials,Farm & Heavy Construction Machinery,United States,7173467648.0,4,"2022,2023,2024,2025",0.14803741065758388,-0.09824377019798577,0.07587796537721736,0.04872041323431327,4.0,4.0,0.07057697462103096,1812000000.0,627000000.0,2.889952153110048,False,-0.04466858789625361,0.20694690525673343,0.013521530449028478,,NYQ,USD,62.76,7173467648.0,83454043.0,72.0,35.9,55.0,45,80,58.4,56.9,587,2026-09-04
UMC,United Microelectronics Corporation,Technology,Semiconductors,Taiwan,49807065088.0,4,"2022,2023,2024,2025",0.15537263448987235,-0.15447085322114934,0.09879444877961095,0.10190649040427405,3.0,4.0,-0.05186123349909744,-68583519000.0,108869647000.0,0.0,True,-0.007288978562675408,0.35408545954134296,0.059933351872262224,,NYQ,USD,19.86,49807065088.0,318303231.0,73.4,58.7,11.8,100,80,13.2,56.9,588,2026-09-04
ZGN,Ermenegildo Zegna N.V.,Consumer Cyclical,Apparel Manufacturing,Italy,5361965056.0,4,"2022,2023,2024,2025",0.09919962585889948,0.04442877596413171,0.11021044628875666,0.08823616550027533,4.0,4.0,0.08692342204836478,26068000.0,439924000.0,0.05925568961911603,False,0.08653516814029993,0.6513937062514367,0.020814409069161863,,NYQ,USD,12.65,5361965056.0,15127642.0,62.9,53.8,60.9,85,25,40.4,56.9,589,2026-09-04
XOM,ExxonMobil Holdings Corporation,Energy,Oil & Gas Integrated,United States,666993295360.0,4,"2022,2023,2024,2025",0.1455813160538512,-0.12852757209731924,0.09740396480226558,0.10246022683555203,4.0,4.0,-0.06688991546295975,26543000000.0,67864000000.0,0.3911204762466109,False,0.023798960047562323,0.2390187961271401,0.016291380414114882,,NYQ,USD,162.21,666993295360.0,2532902337.0,71.0,58.9,10.2,85,55,50.4,56.9,590,2026-09-04
TMO,Thermo Fisher Scientific Inc.,Healthcare,Diagnostics & Research,United States,228662820864.0,4,"2022,2023,2024,2025",0.09263498004337203,-0.01228979134166766,0.08699537675661695,0.15655266995427242,4.0,4.0,-0.0026639607700198464,29533000000.0,11507000000.0,2.566524724080994,False,-0.040609137055837574,0.41088847322849964,0.008358329704682123,,NYQ,USD,618.43,228662820864.0,1261687491.0,49.1,73.9,24.3,45,80,75.8,56.8,591,2026-09-04
DAL,"Delta Air Lines, Inc.",Industrials,Airlines,United States,51787812864.0,4,"2022,2023,2024,2025",0.13112700217407453,0.09043812801435387,0.1588152724152724,0.03176204068486742,3.0,4.0,0.07799197884220499,9802000000.0,9307000000.0,1.0531857741484905,False,0.020280811232449292,0.23518004789828714,0.01490804570358844,,NYQ,USD,78.75,51787812864.0,514521709.0,76.0,28.8,57.9,65,55,53.9,56.8,592,2026-09-04
CNXN,"PC Connection, Inc.",Technology,Electronics & Computer Distribution,United States,2108138496.0,4,"2022,2023,2024,2025",0.09885950540802804,-0.03192943503713551,0.09011073143397097,0.03847201552710935,4.0,4.0,-0.027664995249958246,-404890000.0,123133000.0,0.0,True,-0.03063192527322922,0.18028335268889326,0.007502936249073282,,NMS,USD,83.53,2108138496.0,12982400.0,52.5,31.5,16.5,100,80,79.3,56.8,593,2026-09-04
RBC,RBC Bearings Incorporated,Industrials,Tools & Accessories,United States,15537723392.0,4,"2023,2024,2025,2026",0.06962007130708597,0.01914074104184966,0.0770633541838782,0.15211187887497477,4.0,4.0,0.08387707868055827,818200000.0,547900000.0,1.4933382004015332,False,0.0881405196655567,0.4322095808314556,0.013191062478397365,,NYQ,USD,490.78,15537723392.0,126110338.0,48.0,72.9,60.1,65,25,59.8,56.8,594,2026-09-04
PLUS,ePlus inc.,Technology,Software - Application,United States,2370836480.0,4,"2023,2024,2025,2026",0.09962872314839137,-0.02336953923667391,0.10441987132601922,0.049392406060936235,2.0,4.0,0.05710304905330754,-291076000.0,201053000.0,0.0,True,-0.01061754333308318,0.24837186546427897,0.008030136310156921,,NMS,USD,90.87,2370836480.0,22277598.0,53.1,7.3,50.1,100,80,77.3,56.8,595,2026-09-04
MTN,"Vail Resorts, Inc.",Consumer Cyclical,Resorts & Casinos,United States,4848297984.0,4,"2022,2023,2024,2025",0.1098777653500345,0.005287320141306048,0.11754053791160705,0.13887815489059718,4.0,4.0,0.054800372689764565,2753984000.0,870462000.0,3.1638187537192892,False,-0.0856047386142994,0.4355769824636925,0.017560551259414563,,NYQ,USD,136.06,4848297984.0,98812759.0,68.2,68.8,49.2,10,100,47.3,56.8,596,2026-09-04
CAMT,Camtek Ltd.,Technology,Semiconductor Equipment & Materials,Israel,6482209280.0,4,"2022,2023,2024,2025",0.11596380534385506,-0.09357182659877122,0.046020075894852026,0.22409059229869205,4.0,4.0,0.15625672712217686,341985000.0,65770000.0,5.199711114489889,False,0.036098612867776714,0.48999537168172075,0.013773372690196701,,NGM,USD,138.9,6482209280.0,67984744.0,60.9,85.7,78.5,10,25,57.3,56.7,597,2026-09-04
HII,"Huntington Ingalls Industries, Inc.",Industrials,Aerospace & Defense,United States,11456099328.0,4,"2022,2023,2024,2025",0.09691294907197344,-0.014970410857728336,0.08839289849478965,0.04254917744087093,4.0,4.0,0.05353361774943943,1926000000.0,1211000000.0,1.5904211395540875,False,-0.01995012468827928,0.13281353101757176,0.007205598919763194,,NYQ,USD,290.73,11456099328.0,141764309.0,51.7,33.3,48.4,65,80,80.5,56.7,598,2026-09-04
RTX,RTX Corporation,Industrials,Aerospace & Defense,United States,272422354944.0,4,"2022,2023,2024,2025",0.06413551653248709,0.02113903103126371,0.08293199298102745,0.06664653032047466,4.0,4.0,0.09723101071987417,30469000000.0,14946000000.0,2.0386056469958516,False,-0.08715256746752809,0.19270436580436584,0.011070840760183161,,NYQ,USD,202.13,272422354944.0,1000951803.0,45.5,44.4,63.7,45,100,67.0,56.6,599,2026-09-04
SNN,Smith & Nephew plc,Healthcare,Medical Devices,United Kingdom,12007011328.0,4,"2022,2023,2024,2025",0.06104490576588052,0.05251575682824736,0.09150165928571428,0.07405908764391145,4.0,4.0,0.05731105333140407,2554000000.0,1532000000.0,1.6671018276762402,False,-0.02140691928251126,0.6923483785380641,0.00916952133692687,,NYQ,USD,28.69,12007011328.0,46223033.0,43.4,47.8,50.3,65,80,72.9,56.6,600,2026-09-04
MMSI,"Merit Medical Systems, Inc.",Healthcare,Medical Instruments & Supplies,United States,5288551936.0,4,"2022,2023,2024,2025",0.061444858860096874,0.004249887799897406,0.06402996625604257,0.1046494349040559,4.0,4.0,0.0961450806275892,287634000.0,332047000.0,0.8662448388330568,False,0.04836052782160882,0.4691593004829693,0.013204044186471243,,NMS,USD,88.57,5288551936.0,79174229.0,43.6,59.9,63.3,85,25,59.6,56.6,601,2026-09-04
POWI,"Power Integrations, Inc.",Technology,Semiconductors,United States,2823836416.0,4,"2022,2023,2024,2025",0.07252085036644279,-0.2104357113334605,0.011968967592833417,0.18009756385509093,4.0,4.0,-0.12015095571680057,-249510000.0,38220000.0,0.0,True,-0.03506878415651604,0.5399561683681225,0.0173984164991577,,NMS,USD,50.54,2823836416.0,43592468.0,39.7,78.6,4.9,100,80,47.7,56.5,602,2026-09-04
FSV,FirstService Corporation,Real Estate,Real Estate Services,Canada,6240846848.0,4,"2022,2023,2024,2025",0.09519272929875938,-0.001038342955263033,0.0990749993390749,0.03546552231520232,4.0,4.0,0.1364199911127757,928251000.0,525423000.0,1.7666737086119184,False,0.0283223131208703,0.3250703176863146,0.008039749763849139,,NMS,USD,142.91,6240846848.0,30497423.0,50.3,30.2,74.2,65,55,77.1,56.5,603,2026-09-04
DEO,Diageo plc,Consumer Defensive,Beverages - Wineries & Distilleries,United Kingdom,50409082880.0,4,"2023,2024,2025,2026",0.12677078966353705,-0.08742129641566082,0.08336100302637267,0.1328152485586918,4.0,4.0,-0.015013877293924671,19991000000.0,6118000000.0,3.2675711016672113,False,-0.01761338617349184,0.5986237998493846,0.003017598692448198,,NYQ,USD,90.68,50409082880.0,106121716.0,64.8,68.1,20.0,10,80,94.8,56.5,604,2026-09-04
BTI,British American Tobacco p.l.c.,Consumer Defensive,Tobacco,United Kingdom,120539947008.0,4,"2022,2023,2024,2025",0.024853793993819272,0.04421409607163948,0.11256275273745862,0.32771591666339606,4.0,4.0,-0.025282780251305703,31049000000.0,14056000000.0,2.2089499146272056,False,-0.02999558888398768,0.8321789804291504,0.0030207642429807588,,NYQ,USD,55.97,120539947008.0,244599702.0,25.1,92.8,17.1,45,80,94.8,56.4,605,2026-09-04
MKC,"McCormick & Company, Incorporated",Consumer Defensive,Packaged Foods,United States,14136215552.0,4,"2022,2023,2024,2025",0.0854220175409173,0.011979563163651008,0.08957660693736644,0.10297732301555952,4.0,4.0,0.02507523864563521,3900400000.0,1340500000.0,2.909660574412533,False,-0.002960769800148033,0.3745251835607907,0.0100737628336258,,NYQ,USD,52.58,14136215552.0,195961454.0,56.3,59.1,35.0,45,80,69.9,56.4,606,2026-09-04
DRS,"Leonardo DRS, Inc.",Industrials,Aerospace & Defense,United States,9880324096.0,4,"2022,2023,2024,2025",0.1038005838502806,-0.07846065653721607,0.09249888332791681,0.03979160103983852,3.0,4.0,0.10646961476749217,-177000000.0,437000000.0,0.0,True,0.24911566333384472,0.22715263713638592,0.00884677518699639,,NMS,USD,37.02,9880324096.0,36206893.0,55.3,32.1,66.8,100,0,74.2,56.4,607,2026-09-04
PLD,"Prologis, Inc.",Real Estate,REIT - Industrial,United States,134488850432.0,4,"2022,2023,2024,2025",0.050851264205898715,0.0010750271291030261,0.05086900957557447,0.6322866441999703,4.0,4.0,0.13741104437395912,33891426000.0,7367603000.0,4.600061376814142,False,0.17893367241328328,0.7479407134222723,0.001479843359952189,,NYQ,USD,138.35,134488850432.0,591553748.0,36.1,99.1,74.6,10,0,98.8,56.4,608,2026-09-04
CBT,Cabot Corporation,Basic Materials,Specialty Chemicals,United States,4191921664.0,4,"2022,2023,2024,2025",0.15694334041237476,0.039298497363672885,0.15546641791044777,0.07045670517603758,3.0,4.0,-0.04929255627614526,872000000.0,795000000.0,1.0968553459119497,False,-0.047451669595782064,0.22794262376869906,0.019595054670389415,,NYQ,USD,81.19,4191921664.0,41581540.0,84.1,46.1,12.4,65,80,43.1,56.3,609,2026-09-04
MSGE,Madison Square Garden Entertainment Corp.,Communication Services,Entertainment,United States,3680347136.0,4,"2022,2023,2024,2025",0.10600372715543452,0.2556956480411351,0.1564861958975952,0.11319291758792713,4.0,4.0,0.12992618910360254,556232000.0,173835000.0,3.1997698967411625,False,-0.054706906331292715,0.4032841853638502,0.0258469722756133,,NYQ,USD,77.8,3680347136.0,34547090.0,65.9,62.6,72.8,10,100,32.8,56.3,610,2026-09-04
TXT,Textron Inc.,Industrials,Aerospace & Defense,United States,13650601984.0,4,"2022,2023,2024,2025",0.0879284127422338,-0.00199152639725636,0.08725908278737345,0.06536890606614772,4.0,4.0,0.04768129392975795,1853000000.0,1664000000.0,1.1135817307692308,False,-0.16148539584040789,0.19508119924922007,0.01273058769350315,,NYQ,USD,79.37,13650601984.0,127216855.0,47.2,43.5,45.6,65,100,61.4,56.3,611,2026-09-04
TILE,"Interface, Inc.",Consumer Cyclical,"Furnishings, Fixtures & Appliances",United States,2103358720.0,4,"2022,2023,2024,2025",0.1092782716052092,0.09692418775988755,0.16129421966231805,0.07144187467422142,4.0,4.0,0.022337719359089903,110256000.0,196970000.0,0.5597603695994314,False,0.005045442962711366,0.3603637771719744,0.018903347033053533,,NMS,USD,36.39,2103358720.0,18720945.0,67.8,46.5,34.2,85,55,44.8,56.3,612,2026-09-04
TSLA,"Tesla, Inc.",Consumer Cyclical,Auto Manufacturers,United States,1486471430144.0,4,"2022,2023,2024,2025",0.13263725166977566,-0.2283370610879491,0.04540569276774837,0.05999464856774031,4.0,4.0,0.051943257367141005,-29340000000.0,11764000000.0,0.0,True,0.014748201438848918,0.19934117096231818,0.03273169480669094,,NMS,USD,376.365,1486471430144.0,15601628838.0,66.8,40.7,47.6,100,55,25.2,56.3,613,2026-09-04
MGA,Magna International Inc.,Consumer Cyclical,Auto Parts,Canada,17947906048.0,4,"2022,2023,2024,2025",0.06925853720896341,0.011363315907004103,0.06210549258936356,0.028341439259924286,4.0,4.0,0.035461250740074446,3100000000.0,3508000000.0,0.8836944127708096,False,-0.02987637362637363,0.13300186418973764,0.007102671411421648,,NYQ,USD,67.09,17947906048.0,83458216.0,47.7,27.2,39.5,85,80,81.0,56.2,614,2026-09-04
VLO,Valero Energy Corporation,Energy,Oil & Gas Refining & Marketing,United States,106731831296.0,4,"2022,2023,2024,2025",0.19495367775401365,-0.2724254608156587,0.07745361635220126,0.05117150297224185,4.0,4.0,-0.11397235202184985,5931000000.0,6719000000.0,0.8827206429528204,False,-0.21969696969696972,0.06610337665964978,0.026104339520044678,,NYQ,USD,370.69,106731831296.0,1052267694.0,81.6,37.0,5.2,85,100,32.3,56.2,615,2026-09-04
HUBG,"Hub Group, Inc.",Industrials,Integrated Freight & Logistics,United States,2234549504.0,4,"2021,2022,2023,2024",0.11166427881834293,-0.04914946736003893,0.06044062431423321,0.0441463740217713,4.0,4.0,-0.023051477949090904,166114000.0,339572000.0,0.48918638757023547,False,-0.09854832998937801,0.12113222305245198,0.012839116773658371,,NMS,USD,36.54,2234549504.0,35310466.0,59.2,34.1,17.7,85,100,61.1,56.2,616,2026-09-04
BWA,BorgWarner Inc.,Consumer Cyclical,Auto Parts,United States,13386989568.0,4,"2022,2023,2024,2025",0.05991115763039749,-0.025052747501077305,0.04268493737287228,0.05502300064436448,4.0,4.0,0.04251460482923086,1586000000.0,1342000000.0,1.1818181818181819,False,-0.08614864864864868,0.18578442242913976,0.0028691338593623797,,NYQ,USD,65.73,13386989568.0,162117458.0,32.3,38.3,43.1,65,100,95.3,56.2,617,2026-09-04
JLL,Jones Lang LaSalle Incorporated,Real Estate,Real Estate Services,United States,16668591104.0,4,"2022,2023,2024,2025",0.08770991661486213,0.009084275051863572,0.10345675762145151,0.020378531617598998,3.0,4.0,0.07773998320238018,1049900000.0,1426100000.0,0.7362036322838511,False,-0.02085486714902418,,,,NYQ,USD,362.3,16668591104.0,131461280.0,57.1,24.3,57.9,85,80,50.0,56.1,618,2026-09-04
RRC,Range Resources Corporation,Energy,Oil & Gas E&P,United States,9901000704.0,4,"2022,2023,2024,2025",0.160307768046442,-0.1458383355961601,0.1342828172480952,0.17962604711534153,4.0,4.0,-0.17547815424721158,1198130000.0,1307049000.0,0.9166680055606179,False,-0.026747409478892314,0.38151884130504093,0.1362332403606657,,NYQ,USD,42.37,9901000704.0,125247796.0,75.1,78.5,2.5,85,80,3.4,56.1,619,2026-09-04
BDC,Belden Inc.,Technology,Communication Equipment,United States,4647178752.0,4,"2022,2023,2024,2025",0.11286035300969258,-0.022894761470762748,0.10931641236191664,0.07988053556144017,4.0,4.0,0.0137134570003965,895779000.0,442654000.0,2.0236550443461483,False,-0.09715517434941734,0.37155179442055386,0.011748716742995076,,NYQ,USD,118.92,4647178752.0,62264371.0,59.6,50.7,30.3,45,100,64.6,56.0,620,2026-09-04
GEHC,GE HealthCare Technologies Inc.,Healthcare,Medical Devices,United States,31491565568.0,4,"2022,2023,2024,2025",0.12446380461809434,0.00797138880204186,0.12248053341183397,0.08443247512357326,4.0,4.0,0.039896976391051275,5511000000.0,3786000000.0,1.4556259904912836,False,0.10675365389523384,0.40338472534284675,0.009310104343768754,,NMS,USD,69.72,31491565568.0,312701939.0,74.3,52.6,41.7,65,0,72.7,56.0,621,2026-09-04
WEX,WEX Inc.,Technology,Software - Infrastructure,United States,6645914112.0,4,"2022,2023,2024,2025",0.06981753714009122,0.03324761491250365,0.07852205882352942,0.18834943190014555,4.0,4.0,0.04218423658747672,3952500000.0,991900000.0,3.9847766911987095,False,-0.1972989893569448,0.6034224472780204,0.011263183956866395,,NYQ,USD,195.0,6645914112.0,133908840.0,48.3,80.0,43.0,10,100,66.3,56.0,622,2026-09-04
APA,APA Corporation,Energy,Oil & Gas E&P,United States,15478530048.0,4,"2022,2023,2024,2025",0.33860333511174895,-0.5570460966021501,0.1756861893066314,0.14882482846329473,4.0,4.0,-0.06959142043384259,3977000000.0,5373000000.0,0.7401823934487252,False,0.0780780780780781,0.4806949264706237,0.061468281962228075,,NMS,USD,44.18,15478530048.0,244356046.0,91.8,72.0,9.6,85,25,13.0,56.0,623,2026-09-04
FMS,Fresenius Medical Care AG,Healthcare,Medical Care Facilities,Germany,11958968320.0,4,"2022,2023,2024,2025",0.05497056245335807,0.02105248519308571,0.07249951762642709,0.08788553871838309,4.0,4.0,0.003929699941064069,5722378000.0,3397056000.0,1.6845109412385313,False,-0.007010673582624638,0.2519156203435677,0.003714255883222655,,NYQ,USD,22.47,11958968320.0,15007960.0,38.6,53.5,26.4,65,80,92.4,55.9,624,2026-09-04
CACI,CACI International Inc,Technology,Information Technology Services,United States,13922710528.0,4,"2023,2024,2025,2026",0.08954137311206319,-0.017053703849714733,0.07475051435220455,0.060582444264200966,4.0,4.0,0.12596211289473191,4709753000.0,1165714000.0,4.040230279468206,False,-0.05283389569897068,0.08854958644028596,0.004651090003231049,,NYQ,USD,630.0,13922710528.0,180300330.0,48.1,41.3,71.7,10,100,89.3,55.9,625,2026-09-04
CASY,"Casey's General Stores, Inc.",Consumer Cyclical,Specialty Retail,United States,28065265664.0,4,"2023,2024,2025,2026",0.11343132066047519,0.011280621037815936,0.12339151064658743,0.03239530313860553,4.0,4.0,0.05174690514849711,1908603000.0,1483615000.0,1.286454369900547,False,-0.00634445455913224,0.22756249162691822,0.01569698365340865,,NMS,USD,758.42,28065265664.0,344974921.0,69.8,29.1,47.4,65,80,51.6,55.9,626,2026-09-04
OXY,Occidental Petroleum Corporation,Energy,Oil & Gas E&P,United States,60588023808.0,4,"2022,2023,2024,2025",0.14277421528392914,-0.3044237768081769,0.05631959140485104,0.261706923806398,4.0,4.0,-0.16155184276526158,19429000000.0,11664000000.0,1.6657235939643347,False,-0.001896207584830334,0.3929257672026163,0.052126749004057116,,NYQ,USD,60.61,60588023808.0,534535894.0,70.2,89.6,2.9,65,80,15.1,55.9,627,2026-09-04
SCI,Service Corporation International,Consumer Cyclical,Personal Services,United States,11282216960.0,4,"2022,2023,2024,2025",0.11160212063221894,-0.007047432580411378,0.10772011110103571,0.12494707781489388,4.0,4.0,0.01601453905080641,4922405000.0,1325441000.0,3.7137865812208917,False,-0.10892331903254215,0.2681039797385609,0.00774466539362555,,NYQ,USD,82.78,11282216960.0,104902127.0,59.1,65.8,31.4,10,100,78.3,55.9,628,2026-09-04
BIIB,Biogen Inc.,Healthcare,Drug Manufacturers - General,United States,33172250624.0,4,"2022,2023,2024,2025",0.09158157693969379,-0.09899158809508946,0.061730891311788,0.17422632287120995,4.0,4.0,-0.00935320400320594,3278300000.0,2603900000.0,1.2589961212028111,False,0.007534246575342518,0.7591551506664771,0.01198633133913984,,NMS,USD,224.51,33172250624.0,254929982.0,48.9,77.6,21.6,65,55,63.8,55.8,629,2026-09-04
MAT,"Mattel, Inc.",Consumer Cyclical,Leisure,United States,4085510144.0,4,"2022,2023,2024,2025",0.11149101125399458,-0.004276162839925338,0.1019616852983193,0.0914041609947686,4.0,4.0,-0.005368791615146473,1088748000.0,796401000.0,1.36708517442846,False,-0.10511679644048944,0.4817268340400172,0.018795771994303313,,NMS,USD,14.3,4085510144.0,61711364.0,59.0,55.2,23.2,65,100,45.0,55.8,630,2026-09-04
IOSP,Innospec Inc.,Basic Materials,Specialty Chemicals,United States,2293643264.0,4,"2022,2023,2024,2025",0.11777220380601006,-0.03052758073735709,0.09947756579443481,0.047090621671108585,4.0,4.0,-0.03257151155392046,-239800000.0,199900000.0,0.0,True,0.0004403170282603064,0.2933047322865779,0.00998347330120513,,NMS,USD,93.12,2293643264.0,16562975.0,61.6,35.2,15.3,100,55,70.1,55.8,631,2026-09-04
LHX,"L3Harris Technologies, Inc.",Industrials,Aerospace & Defense,United States,48814305280.0,4,"2022,2023,2024,2025",0.060235600522673294,0.017800260063502528,0.06836408985073657,0.10501334750096239,4.0,4.0,0.08619178709998354,10047000000.0,3753000000.0,2.677058353317346,False,-0.02635658914728678,0.26709208671287943,0.012706835890969978,,NYQ,USD,262.14,48814305280.0,402051982.0,42.8,60.1,60.7,45,80,61.5,55.8,632,2026-09-04
ADC,Agree Realty Corporation,Real Estate,REIT - Retail,United States,9071389696.0,4,"2022,2023,2024,2025",0.03496800885956164,0.0023701071773850474,0.0360431808481422,0.7432066713338487,4.0,4.0,0.18675622677651815,3278433000.0,617058000.0,5.313006232801454,False,0.40468019293423185,0.8775614889454483,0.0011036114795773615,,NYQ,USD,72.73,9071389696.0,95021600.0,28.0,99.7,82.9,10,0,99.5,55.8,633,2026-09-04
SAIC,Science Applications International Corporation,Technology,Information Technology Services,United States,5300050944.0,4,"2023,2024,2025,2026",0.12181726029785121,0.021681919224204316,0.11948206671682969,0.06401823038831046,4.0,4.0,-0.019502124893656103,2305000000.0,664000000.0,3.4713855421686746,False,-0.16666666666666663,0.11793762871066912,0.001879062569287612,,NMS,USD,126.5,5300050944.0,65354580.0,73.0,42.8,18.7,10,100,98.0,55.8,634,2026-09-04
SON,Sonoco Products Company,Consumer Cyclical,Packaging & Containers,United States,5209723392.0,4,"2022,2023,2024,2025",0.07225999979933025,0.011579338783882911,0.09557283731651421,0.06383452835690827,4.0,4.0,0.08667421143204423,3948527000.0,1517942000.0,2.6012370696640583,False,0.00849775148887888,0.21356390222190863,0.004841916877659082,,NYQ,USD,52.69,5209723392.0,59691816.0,49.6,42.7,60.9,45,55,88.9,55.7,635,2026-09-04
FORM,"FormFactor, Inc.",Technology,Semiconductor Equipment & Materials,United States,7558961664.0,4,"2022,2023,2024,2025",0.0697500421043587,-0.007974377311614697,0.054255306597582494,0.05510674791335646,4.0,4.0,0.016249290345112577,-242814000.0,107501000.0,0.0,True,0.0014322067492742452,0.3956047209332807,0.00487587684049854,,NMS,USD,96.76,7558961664.0,149988837.0,38.1,38.4,31.5,100,55,88.7,55.7,636,2026-09-04
SPXC,"SPX Technologies, Inc.",Industrials,Building Products & Equipment,United States,9712650240.0,4,"2022,2023,2024,2025",0.08427456458213765,0.08333970768987381,0.10340637435654047,0.058233872325982,3.0,4.0,0.15741461938211798,137600000.0,484800000.0,0.2838283828382838,False,0.049544579303779646,0.38787450560882986,0.0186486528305985,,NYQ,USD,193.92,9712650240.0,129317103.0,55.6,39.7,78.7,85,25,45.3,55.7,637,2026-09-04
ENS,EnerSys,Industrials,Electrical Equipment & Parts,United States,6491379712.0,4,"2023,2024,2025,2026",0.1142272356045787,0.02714790319093234,0.11154665960248379,0.07953309375750227,4.0,4.0,0.0038319638146686597,670308000.0,511465000.0,1.3105647502761675,False,-0.07700931273215139,0.2738732661896941,0.029069236281009644,,NYQ,USD,179.99,6491379712.0,99533570.0,70.4,50.6,26.3,65,100,28.8,55.7,638,2026-09-04
INGR,Ingredion Incorporated,Consumer Defensive,Packaged Foods,United States,6412345344.0,4,"2022,2023,2024,2025",0.1184160727649532,0.02327803132791398,0.12472519582245431,0.0741950617705253,3.0,4.0,-0.03147799214677938,760000000.0,1233000000.0,0.616382806163828,False,-0.0268656716417911,0.22415695755348494,0.025161564236483552,,NYQ,USD,101.68,6412345344.0,82612458.0,71.8,48.0,15.5,85,80,33.9,55.7,639,2026-09-04
BRX,Brixmor Property Group Inc.,Real Estate,REIT - Retail,United States,8982153216.0,4,"2022,2023,2024,2025",0.053608518494691476,0.002092897447915562,0.05675136194470571,0.47484443188668607,4.0,4.0,0.04036152943186466,5160331000.0,1025874000.0,5.030180119585836,False,0.020295484221619864,0.7479954810354984,0.0045328654597436195,,NYQ,USD,29.27,8982153216.0,67891794.0,37.5,97.2,41.9,10,55,89.8,55.6,640,2026-09-04
OSIS,"OSI Systems, Inc.",Technology,Electronic Components,United States,3293929472.0,4,"2023,2024,2025,2026",0.1032113671628718,-0.003397868884442448,0.09583383512630791,0.03162137530908811,3.0,4.0,0.11789378896786773,641217000.0,261620000.0,2.450947939759957,False,0.005235602094240788,0.3390772770423812,0.004994808253430153,,NMS,USD,206.62,3293929472.0,51278125.0,55.0,28.7,70.4,45,55,88.2,55.5,641,2026-09-04
LEVI,Levi Strauss & Co.,Consumer Cyclical,Apparel Manufacturing,United States,7966406656.0,4,"2022,2023,2024,2025",0.13678600789540635,-0.04104912260491453,0.16294508409186811,0.043706931459970254,3.0,4.0,0.006090637402478061,281300000.0,888900000.0,0.31645854426819664,False,-0.010141327021033542,0.593531708573761,0.018663643356667047,,NYQ,USD,20.7,7966406656.0,53105063.0,68.4,33.7,27.6,85,80,45.2,55.5,642,2026-09-04
KMB,Kimberly-Clark Corporation,Consumer Defensive,Household & Personal Products,United States,35901906944.0,4,"2022,2023,2024,2025",0.212614443655358,-0.041866828280879814,0.18849731487889274,0.12578513015736725,4.0,4.0,-0.06583329792377168,6480000000.0,3113000000.0,2.081593318342435,False,-0.015075376884422065,0.35205943734774636,0.025786716820090625,,NMS,USD,107.95,35901906944.0,427307121.0,83.9,66.3,10.3,45,80,32.8,55.5,643,2026-09-04
BUD,Anheuser-Busch InBev SA/NV,Consumer Defensive,Beverages - Brewers,Belgium,157963321344.0,4,"2022,2023,2024,2025",0.06942059987242523,-0.00239051381149423,0.07109359980242785,0.16565839837864987,4.0,4.0,0.008771575260351216,59098000000.0,20844000000.0,2.835252350796392,False,-0.01560975609756099,0.5488193161266918,0.007812954016010695,,NYQ,USD,80.22,157963321344.0,167963433.0,37.8,76.2,29.0,45,80,78.0,55.5,644,2026-09-04
LEN,Lennar Corporation,Consumer Cyclical,Residential Construction,United States,20343592960.0,4,"2022,2023,2024,2025",0.12329405690198927,-0.09908778882628382,0.07376404522215162,0.07686944007974315,4.0,4.0,0.005081632765289168,2118690000.0,2884717000.0,0.7344533276574444,False,-0.1106809649994479,0.1604184707414311,0.0413000985865158,,NYQ,USD,84.45,20343592960.0,220697745.0,64.0,48.9,27.0,85,100,19.7,55.5,645,2026-09-04
WH,"Wyndham Hotels & Resorts, Inc.",Consumer Cyclical,Lodging,United States,5268247040.0,4,"2022,2023,2024,2025",0.12176051851133707,-0.03828872488821021,0.09938573315719947,0.21969516478564607,4.0,4.0,-0.015595768630060514,2496000000.0,472000000.0,5.288135593220339,False,-0.14977973568281944,0.5687325405479795,0.014660444419808627,,NYQ,USD,70.99,5268247040.0,96077511.0,62.9,85.2,19.9,10,100,54.7,55.5,646,2026-09-04
LKQ,LKQ Corporation,Consumer Cyclical,Auto Parts,United States,6388302336.0,4,"2022,2023,2024,2025",0.10135390843606462,-0.07223115057343693,0.0747921568627451,0.06905194793869524,4.0,4.0,0.02184739022420734,3344000000.0,1442000000.0,2.319001386962552,False,-0.07266187050359707,0.3967103859259447,0.009374401875680474,,NMS,USD,25.25,6388302336.0,79172638.0,54.3,45.5,34.0,45,100,72.3,55.4,647,2026-09-04
AEIS,"Advanced Energy Industries, Inc.",Industrials,Electrical Equipment & Parts,United States,10985835520.0,4,"2022,2023,2024,2025",0.07852767659435805,-0.060890126689694735,0.08358081484743304,0.0692049286843288,4.0,4.0,-0.008493128433232022,-112200000.0,244300000.0,0.0,True,0.02330266960048788,0.36438843835740403,0.007867812237143999,,NMS,USD,274.3,10985835520.0,215371034.0,42.9,45.6,22.1,100,55,77.9,55.4,648,2026-09-04
URI,"United Rentals, Inc.",Industrials,Rental & Leasing Services,United States,61860941824.0,4,"2022,2023,2024,2025",0.13784124446642088,-0.001748237612311715,0.1305486916411605,0.04412080005573815,4.0,4.0,0.11409895911958845,13770000000.0,7162000000.0,1.922647305222005,False,,0.40428809536672033,0.016914600081361583,,NYQ,USD,993.87,61860941824.0,479362385.0,68.7,34.0,69.4,65,40,48.8,55.4,649,2026-09-04
E,Eni S.p.A.,Energy,Oil & Gas Integrated,Italy,79424806912.0,4,"2022,2023,2024,2025",0.1759152045020021,-0.10545504922243648,0.14070748768865232,0.058922259392159185,4.0,4.0,-0.14732038224157962,19298000000.0,21297000000.0,0.9061370146029957,False,-0.11515759312320917,0.12801734123011677,0.02868190776104957,,NYQ,USD,55.13,79424806912.0,23034196.0,78.7,40.1,3.5,85,100,29.1,55.3,650,2026-09-04
AVY,Avery Dennison Corporation,Consumer Cyclical,Packaging & Containers,United States,13113622528.0,4,"2022,2023,2024,2025",0.13660803837525454,-0.02794775350551304,0.13199950317991632,0.073673459333298,4.0,4.0,-0.006824275768766208,3530100000.0,1388700000.0,2.54201771440916,False,-0.04744525547445255,0.27870837229675044,0.009849406300357338,,NYQ,USD,173.03,13113622528.0,153657042.0,68.4,47.4,22.9,45,80,70.6,55.3,651,2026-09-04
FER,Ferrovial N.V.,Industrials,Engineering & Construction,Netherlands,41872793600.0,4,"2022,2023,2024,2025",0.09700670005372508,0.03333660412162713,0.06849929599020509,0.13890462641002793,4.0,4.0,0.084331731956794,6185000000.0,1998000000.0,3.0955955955955954,False,-0.006580720603419299,0.8699697354337608,0.016615985694844692,,NMS,USD,58.1,41872793600.0,90018978.0,61.9,68.9,60.2,10,80,49.7,55.2,652,2026-09-04
NNN,"NNN REIT, Inc.",Real Estate,REIT - Retail,United States,8595412992.0,4,"2022,2023,2024,2025",0.05059247724610786,0.0033940924406484704,0.05082481373918784,0.7347574603696656,4.0,4.0,0.0621043824050751,4815378000.0,862171000.0,5.585177418400758,False,0.0616644340027559,0.9635497404615662,0.002578221704873774,,NYQ,USD,45.18,8595412992.0,69745947.0,36.0,99.7,51.8,10,25,96.5,55.2,653,2026-09-04
EFX,Equifax Inc.,Industrials,Consulting Services,United States,22215219200.0,4,"2022,2023,2024,2025",0.08050272074730787,-0.001273303878395332,0.08471605345652533,0.11340795823934549,4.0,4.0,0.05848490317101085,4912500000.0,1834100000.0,2.678425385747778,False,0.006488240064882467,0.563144636118436,0.007539044691605856,,NYQ,USD,189.09,22215219200.0,301883320.0,43.9,62.7,50.6,45,55,79.2,55.2,654,2026-09-04
CAKE,The Cheesecake Factory Incorporated,Consumer Cyclical,Restaurants,United States,5333344768.0,4,"2022,2023,2024,2025",0.12149472830998012,0.10609673841897632,0.14806875286567944,0.026154688036082993,4.0,4.0,0.043366999222330005,414345000.0,282374000.0,1.467362434218448,False,-0.036954020708533375,0.4130659090544085,0.016969634617576897,,NMS,USD,107.18,5333344768.0,179668192.0,72.8,26.4,43.7,65,80,48.5,55.1,655,2026-09-04
UNH,UnitedHealth Group Incorporated,Healthcare,Healthcare Plans,United States,359881670656.0,4,"2022,2023,2024,2025",0.13405432660007652,-0.07002490796761228,0.09441694734462229,0.057237321475863454,4.0,4.0,0.11352161443193465,54024000000.0,23060000000.0,2.34275802254987,False,-0.04105263157894734,0.22474301552957954,0.024478430969883287,,NYQ,USD,400.94,359881670656.0,2178497466.0,67.6,39.4,69.2,45,80,34.7,55.1,656,2026-09-04
PRVA,"Privia Health Group, Inc.",Healthcare,Health Information Services,United States,2640265984.0,4,"2022,2023,2024,2025",0.012393164695670148,0.056304045527794035,0.03143863340102032,0.05585774140230156,4.0,4.0,0.16095543859799877,-470154000.0,44142000.0,0.0,True,0.16436628825662702,0.09931935467927015,0.0016162007828884417,,NMS,USD,20.67,2640265984.0,24840793.0,22.4,38.7,79.4,100,0,98.5,55.0,657,2026-09-04
CDW,CDW Corporation,Technology,Information Technology Services,United States,19242682368.0,4,"2022,2023,2024,2025",0.15970473823464904,-0.021387624839976055,0.15013795315630352,0.05555985809670821,4.0,4.0,-0.01894867945091694,5011100000.0,1950400000.0,2.5692678424938475,False,-0.03576642335766422,0.21287285915904786,0.008994278530556237,,NMS,USD,153.92,19242682368.0,297690207.0,74.8,38.5,18.7,45,80,73.5,55.0,658,2026-09-04
WDC,Western Digital Corporation,Technology,Computer Hardware,United States,159204065280.0,4,"2023,2024,2025,2026",0.2610726491506391,0.9883654446267355,0.9647539330375151,0.021500387477066847,2.0,4.0,0.2735046294980865,-527000000.0,10445000000.0,0.0,True,0.2044025157232705,0.3448434318321766,0.10198057834973827,,NMS,USD,441.57,159204065280.0,3748530121.0,98.0,5.0,90.8,100,0,6.1,55.0,659,2026-09-04
PAYO,Payoneer Global Inc.,Technology,Software - Infrastructure,United States,2432948992.0,4,"2022,2023,2024,2025",-0.03292442013633741,0.09549277609522581,0.11202610206593444,0.15537436195119064,4.0,4.0,0.12787292674660855,-343204000.0,190292000.0,0.0,True,0.0824214539189636,0.797617573623778,0.007613897706852425,,NGM,USD,7.18,2432948992.0,49190029.0,0.0,73.5,72.2,100,25,79.0,54.9,660,2026-09-04
M,"Macy's, Inc.",Consumer Cyclical,Department Stores,United States,5910462464.0,4,"2023,2024,2025,2026",0.09727955346111822,-0.0815680505432221,0.09810066703236424,0.018340672522757274,4.0,4.0,-0.0385050091641731,1186000000.0,1840000000.0,0.6445652173913043,False,-0.016364283173248007,0.40176574657374203,0.002814409394073901,,NYQ,USD,22.47,5910462464.0,123503074.0,51.9,23.8,14.2,85,80,95.4,54.9,661,2026-09-04
PATK,"Patrick Industries, Inc.",Consumer Cyclical,Recreational Vehicles,United States,2620529152.0,4,"2022,2023,2024,2025",0.10501975675548024,-0.08927534561877017,0.07760557547441384,0.07229961196101248,4.0,4.0,-0.06810875929793525,1262639000.0,421781000.0,2.99358909007281,False,-0.05637966027815233,0.22467320899015558,0.004968093163423858,,NMS,USD,81.59,2620529152.0,50135015.0,55.7,46.8,9.9,45,100,88.3,54.8,662,2026-09-04
CHDN,Churchill Downs Incorporated,Consumer Cyclical,Gambling,United States,6292537344.0,4,"2022,2023,2024,2025",0.10480447360263999,-0.007932788694882606,0.09788309255851073,0.05096034083457328,3.0,4.0,0.17366178782844144,4929600000.0,1069600000.0,4.608825729244577,False,-0.06753246753246755,0.32881380872117716,0.01161366013486703,,NMS,USD,90.28,6292537344.0,92120809.0,55.5,36.9,81.1,10,100,64.9,54.7,663,2026-09-04
WM,"Waste Management, Inc.",Industrials,Waste Management,United States,88624857088.0,4,"2022,2023,2024,2025",0.10874164472625214,-0.011573964511630008,0.10430610693984253,0.09945661128898356,4.0,4.0,0.08563152473174229,22706000000.0,7201000000.0,3.153173170393001,False,-0.02602409638554215,0.3891300549209926,0.010795099270824664,,NYQ,USD,221.72,88624857088.0,467408597.0,57.4,58.0,60.5,10,80,67.6,54.7,664,2026-09-04
KLIC,"Kulicke and Soffa Industries, Inc.",Technology,Semiconductor Equipment & Materials,Singapore,4124580864.0,4,"2022,2023,2024,2025",0.09573372841588346,-0.34327483034209055,0.01981993716303648,0.1465889969597991,4.0,4.0,-0.24229908214137663,-472158000.0,38584000.0,0.0,True,-0.13057762086888303,0.4465427987188385,0.046826738696178836,,NMS,USD,78.82,4124580864.0,83147533.0,50.7,71.5,1.4,100,100,16.8,54.7,665,2026-09-04
LBRT,Liberty Energy Inc.,Energy,Oil & Gas Equipment & Services,United States,3325841152.0,4,"2022,2023,2024,2025",0.18025444172613028,-0.11790760707026543,0.0767607108333018,0.037148972828227156,4.0,4.0,-0.011631853921616364,219053000.0,735829000.0,0.2976955243677539,False,-0.14454672588711848,0.14863650704290554,0.04379686596558894,,NYQ,USD,20.38,3325841152.0,89147663.0,79.6,30.9,20.8,85,100,18.2,54.7,666,2026-09-04
GIL,Gildan Activewear Inc.,Consumer Cyclical,Apparel Manufacturing,Canada,9941098496.0,4,"2022,2023,2024,2025",0.13733486723378785,-0.10811909801096584,0.05908353469653821,0.1003727643607717,4.0,4.0,0.037534220876368485,4029222000.0,736599000.0,5.470034577836787,False,-0.1704907549910043,0.30017178271650735,0.014504142214185054,,NYQ,USD,53.68,9941098496.0,88019150.0,68.5,58.3,40.7,10,100,55.0,54.6,667,2026-09-04
CLBT,Cellebrite DI Ltd.,Technology,Software - Infrastructure,Israel,3001012224.0,4,"2022,2023,2024,2025",-0.226689133494744,-1.0977083583327283,0.16269819416168715,0.2430131511324662,4.0,4.0,0.2067951707875495,-414380000.0,103068000.0,0.0,True,0.2789732095466526,0.8336815226318701,0.012550270636609035,,NMS,USD,11.94,3001012224.0,32777867.0,0.0,87.7,85.4,100,0,61.9,54.6,668,2026-09-04
CIEN,Ciena Corporation,Technology,Communication Equipment,United States,45046779904.0,4,"2022,2023,2024,2025",0.051918763345129196,-0.006278241802340191,0.0458989564744795,0.044148513070147326,3.0,4.0,0.09500526254009078,443786000.0,388389000.0,1.1426327728128243,False,-0.04563284776566601,0.42662765772169514,0.003652103399475876,,NYQ,USD,317.46,45046779904.0,849576293.0,26.8,34.1,62.8,65,80,92.7,54.6,669,2026-09-04
CPB,The Campbell's Company,Consumer Defensive,Packaged Foods,United States,6597813248.0,4,"2022,2023,2024,2025",0.09538277901870931,-0.030647166108283524,0.0807294060248854,0.08259157987234066,4.0,4.0,0.061920271398032245,6655000000.0,1575000000.0,4.2253968253968255,False,-0.0066225165562914245,0.3077731642583856,0.002726162794481113,,NMS,USD,22.125,6597813248.0,175821999.0,50.6,51.5,51.6,10,80,95.9,54.6,670,2026-09-04
TKR,The Timken Company,Industrials,Tools & Accessories,United States,8391154176.0,4,"2022,2023,2024,2025",0.09643355716266548,-0.03326283844667076,0.07863684251752634,0.07347332145571596,4.0,4.0,0.006268947980836215,1557600000.0,756400000.0,2.059227921734532,False,-0.055058148974247656,0.307949005033904,0.008290528520363615,,NYQ,USD,121.09,8391154176.0,117747311.0,51.3,47.3,27.9,45,100,76.3,54.6,671,2026-09-04
MTDR,Matador Resources Company,Energy,Oil & Gas E&P,United States,7390601728.0,4,"2022,2023,2024,2025",0.18095621921172864,-0.1989442712054244,0.11422746621696571,0.1348370507807235,4.0,4.0,0.04581571895402292,3386788000.0,2437322000.0,1.389552960175143,False,0.037084516069956885,0.549799702547947,0.06269866126287552,,NYQ,USD,59.72,7390601728.0,115914131.0,79.8,68.5,45.0,65,25,12.2,54.5,672,2026-09-04
ADI,"Analog Devices, Inc.",Technology,Semiconductors,United States,172747587584.0,4,"2022,2023,2024,2025",0.06416310323278651,-0.008302964173034381,0.059728981338849345,0.3306872397761859,4.0,4.0,-0.028383891841526898,6092299000.0,5028673000.0,1.2115122617835759,False,-0.05059272370015555,0.6131541899831534,0.026040225594558417,,NMS,USD,356.5,172747587584.0,1571282662.0,35.5,92.9,16.3,65,100,32.4,54.5,673,2026-09-04
AR,Antero Resources Corporation,Energy,Oil & Gas E&P,United States,12202253312.0,4,"2022,2023,2024,2025",0.10067770787293322,-0.1821789390461397,0.08251158596294945,0.24267185630512572,4.0,4.0,-0.15467112468170596,1397976000.0,1727683000.0,0.8091623289689138,False,-0.051217563778958364,0.24924035310364104,0.1825702775464748,,NYQ,USD,39.69,12202253312.0,176721352.0,53.9,87.6,3.2,85,100,1.8,54.5,674,2026-09-04
VMRK,"AvalonBay Communities, Inc.",Real Estate,REIT - Residential,United States,50264690688.0,4,"2022,2023,2024,2025",0.060483249587432196,-0.020081318515555342,0.049597655517994076,0.4798899492172114,4.0,4.0,0.054467774166829575,9141318000.0,2228021000.0,4.102886821982378,False,0.02037001770179292,0.6378904238598697,0.006478176955853759,,NYQ,USD,64.96,50264690688.0,248370403.0,33.1,97.3,49.0,10,55,82.9,54.5,675,2026-09-04
MUR,Murphy Oil Corporation,Energy,Oil & Gas E&P,United States,5349806080.0,4,"2022,2023,2024,2025",0.10711524413438836,-0.15229190559015074,0.03242537480049081,0.19647388571575902,4.0,4.0,-0.13940239705005508,1007884000.0,1256691000.0,0.8020141785052969,False,-0.08540833783140178,0.4034192293961001,0.10951382218394534,,NYQ,USD,37.32,5349806080.0,66672217.0,56.3,81.4,4.1,85,100,5.3,54.5,676,2026-09-04
SKT,Tanger Inc.,Real Estate,REIT - Retail,United States,4440981504.0,4,"2022,2023,2024,2025",0.06004354761922568,0.008939200221781275,0.063576145398089,0.49530710772340836,4.0,4.0,0.09527695986265972,1578688000.0,336337000.0,4.69376845247475,False,0.08605967662539293,0.6890433765675346,0.009347931474147192,,NYQ,USD,37.15,4440981504.0,38184850.0,42.4,97.4,62.9,10,25,72.6,54.4,677,2026-09-04
IMAX,IMAX Corporation,Communication Services,Entertainment,Canada,2847402240.0,4,"2022,2023,2024,2025",0.054748804230643724,0.0882431159189952,0.08240191434902076,0.0773985052864774,3.0,4.0,0.10893928755319715,127443000.0,133101000.0,0.9574909279419388,False,-0.019938596181670598,0.5579462415612162,0.030623661431992834,,NYQ,USD,51.92,2847402240.0,65425275.0,38.3,49.1,67.7,85,80,27.1,54.4,678,2026-09-04
ZBH,"Zimmer Biomet Holdings, Inc.",Healthcare,Medical Devices,United States,18867773440.0,4,"2022,2023,2024,2025",0.048925145225199834,0.02404121374204285,0.04716865774999011,0.15891082157914646,4.0,4.0,0.058543208193682306,6927200000.0,2217400000.0,3.124019121493641,False,-0.05515929624346172,0.7097188934842427,0.008011769349780228,,NYQ,USD,98.92,18867773440.0,218960508.0,34.9,74.7,50.7,10,100,77.4,54.4,679,2026-09-04
DY,"Dycom Industries, Inc.",Industrials,Engineering & Construction,United States,8914371584.0,4,"2023,2024,2025,2026",0.11017338452207652,-0.03189577745204358,0.07100935567683642,0.023402784318088045,3.0,4.0,0.1334641342773848,2105332000.0,703953000.0,2.9907280741754065,False,-0.019110571597952597,0.19222623452899296,0.013292011668483459,,NYQ,USD,295.56,8914371584.0,177086547.0,58.4,25.7,73.3,45,80,59.4,54.4,680,2026-09-04
O,Realty Income Corporation,Real Estate,REIT - Retail,United States,58419503104.0,4,"2022,2023,2024,2025",0.02867487764370044,0.004123478670473923,0.030692662154235478,0.7162133006984231,4.0,4.0,0.1980234435312218,28359895000.0,4785826000.0,5.9258098810947155,False,0.4806429932151679,0.9270932849402734,0.003696287752421373,,NYQ,USD,61.74,58419503104.0,350300165.0,25.9,99.6,84.3,10,0,92.5,54.4,681,2026-09-04
PEN,"Penumbra, Inc.",Healthcare,Medical Devices,United States,12649520128.0,4,"2022,2023,2024,2025",0.04930484820811752,0.12076490915672147,0.1252263941726096,0.059255861153997634,3.0,4.0,0.18332477413706738,-325117000.0,223907000.0,0.0,True,0.03831612567601694,0.6450246335978537,0.01613397291750017,,NYQ,USD,321.14,12649520128.0,113896476.0,35.2,40.3,82.4,100,25,50.6,54.3,682,2026-09-04
VMC,Vulcan Materials Company,Basic Materials,Building Materials,United States,33720274944.0,4,"2022,2023,2024,2025",0.08523601120090515,0.03220903415077614,0.09849128060401019,0.10255172415920635,4.0,4.0,0.027743692765690886,4178800000.0,2357500000.0,1.7725556733828207,False,-0.006736526946107824,0.2516853719764515,0.024050265510401642,,NYQ,USD,260.23,33720274944.0,285264907.0,56.1,59.0,36.1,65,80,35.1,54.3,683,2026-09-04
RHP,"Ryman Hospitality Properties, Inc.",Real Estate,REIT - Hotel & Motel,United States,8433329152.0,4,"2022,2023,2024,2025",0.10113087356676231,0.01726028341940962,0.10187791012698909,0.12687879213423506,4.0,4.0,0.12582650552425978,3504896000.0,774004000.0,4.528266003793262,False,0.19105404770933787,0.32373730255620126,0.006076847414768945,,NYQ,USD,122.25,8433329152.0,89169150.0,64.1,66.6,71.6,10,0,84.5,54.3,684,2026-09-04
FLS,Flowserve Corporation,Industrials,Specialty Industrial Machinery,United States,9811835904.0,4,"2022,2023,2024,2025",0.08609903408430924,0.06628503349080545,0.11270997004838743,0.04878750379115583,3.0,4.0,0.09367971639286443,814895000.0,698592000.0,1.1664820095277357,False,-0.0025587328180329827,0.3049084185512306,0.02205230817990419,,NYQ,USD,77.19,9811835904.0,141953105.0,56.5,36.0,62.5,65,80,38.3,54.2,685,2026-09-04
ZIM,ZIM Integrated Shipping Services Ltd.,Industrials,Marine Shipping,Israel,3325137664.0,4,"2022,2023,2024,2025",0.1799823949252206,-0.589642526988258,0.2021994084988047,0.33887565548485354,4.0,4.0,-0.18086377095318473,3939800000.0,2419700000.0,1.6282183741786171,False,0.0005891906297492699,0.15141123048393065,0.3530838844740904,,NYQ,USD,27.59,3325137664.0,39039629.0,79.6,93.1,2.3,65,55,0.7,54.2,686,2026-09-04
CWEN,"Clearway Energy, Inc.",Utilities,Utilities - Renewable,United States,7761634816.0,4,"2022,2023,2024,2025",0.051361018836938645,-0.12250730370613928,0.015905033238366572,0.3673387420996688,4.0,4.0,0.06290656419025664,8375000000.0,1081000000.0,7.74745605920444,False,0.017094017094017033,0.6345421984226182,0.0038608488815084782,,NYQ,USD,31.47,7761634816.0,42102517.0,26.6,94.7,52.2,10,55,92.0,54.2,687,2026-09-04
DTM,"DT Midstream, Inc.",Energy,Oil & Gas Midstream,United States,13117126656.0,4,"2022,2023,2024,2025",0.0666530632744361,0.00510481582828623,0.07147406947890819,0.306159381704953,4.0,4.0,0.1055059909129179,3270000000.0,1034000000.0,3.16247582205029,False,0.05452674897119336,0.7993025421824543,0.010768427198167705,,NYQ,USD,128.58,13117126656.0,109734672.0,46.5,92.0,66.6,10,25,67.8,54.2,688,2026-09-04
LVS,Las Vegas Sands Corp.,Consumer Cyclical,Resorts & Casinos,United States,28829177856.0,4,"2022,2023,2024,2025",0.09397199484067817,0.17082259236643316,0.14357298261770463,0.021802318204401025,3.0,4.0,0.4685532350721122,11943000000.0,4499000000.0,2.6545899088686373,False,-0.09293193717277481,0.4715464845564368,0.04064457299285121,,NYQ,USD,44.51,28829177856.0,215885963.0,59.5,25.0,96.7,45,100,20.2,54.2,689,2026-09-04
AMD,"Advanced Micro Devices, Inc.",Technology,Semiconductors,United States,744669773824.0,4,"2022,2023,2024,2025",0.02625997616614331,0.03338935136826003,0.05095196387852796,0.1172795104425981,4.0,4.0,0.13643599335368428,-6705000000.0,7275000000.0,0.0,True,0.0413749204328453,0.4747820760799575,0.020011156182554526,,NMS,USD,456.16,744669773824.0,12229524156.0,25.5,64.2,74.2,100,25,42.1,54.2,690,2026-09-04
AC.TO,Air Canada,Industrials,Airlines,Canada,8049226752.0,4,"2022,2023,2024,2025",0.0743045881549238,0.13692348450932443,0.0973605032064985,0.06646109249839816,4.0,4.0,0.10556207156074282,6309000000.0,3407000000.0,1.8517757557968888,False,-0.1061452513966481,0.23297390211141947,0.040763109723472114,,TOR,CAD,28.73,5836833403.0,55350729.0,50.4,44.3,66.6,65,100,20.1,54.2,691,2026-09-04
RUM,RUM Group Inc.,Communication Services,Internet Content & Information,United States,4482124288.0,4,"2022,2023,2024,2025",0.27230558433508995,-0.22429259113689715,-0.32394350737094985,-1.042047949959711,0.0,4.0,0.36706906948281226,-236004881.0,-98135900.0,0.0,True,0.05071687862717833,-0.358325430361994,0.297574392706997,,NGM,USD,9.04,4482124288.0,33273853.0,88.9,0.0,95.3,100,25,0.9,54.2,692,2026-09-04
RBA,"RB Global, Inc.",Industrials,Specialty Business Services,United States,15421603840.0,4,"2022,2023,2024,2025",0.09594739991863584,-0.12021475875191981,0.07215128871426973,0.14088189740684295,4.0,4.0,0.38343886250488524,1940000000.0,1370900000.0,1.4151287475381136,False,0.6704499065008342,0.4917466641355914,0.0355574025619274,,NYQ,USD,83.27,15421603840.0,127329489.0,50.7,69.8,95.5,65,0,23.2,54.2,693,2026-09-04
KEX,Kirby Corporation,Industrials,Marine Shipping,United States,7564656128.0,4,"2022,2023,2024,2025",0.06703257843927532,0.05296879008988829,0.09078930218268647,0.0839395884965977,4.0,4.0,0.06502189259126423,840506000.0,781865000.0,1.0750014388673237,False,-0.07101062507251898,0.23232489476053297,0.029015729103343824,,NYQ,USD,143.27,7564656128.0,80455131.0,46.7,52.3,52.8,65,100,28.9,54.1,694,2026-09-04
CSW,"CSW Industrials, Inc.",Industrials,Specialty Industrial Machinery,United States,4978801152.0,4,"2023,2024,2025,2026",0.11906315715947083,-0.06925516288711901,0.06776748997318856,0.15591908289228032,4.0,4.0,0.12618858578838665,835495000.0,234879000.0,3.557129415571422,False,0.07500321626141782,0.4322870114488244,0.012958682020268961,,NYQ,USD,305.57,4978801152.0,45973006.0,62.0,73.8,71.8,10,25,60.7,54.1,695,2026-09-04
MGRC,McGrath RentCorp,Industrials,Rental & Leasing Services,United States,2684380416.0,4,"2022,2023,2024,2025",0.1085123993367518,0.009562555192850736,0.10210240492434988,-0.0004515218583619786,2.0,4.0,0.14099549997844352,514629000.0,350772000.0,1.4671324963223975,False,0.004649455524287305,0.47239454813655346,0.009650352031210023,,NMS,USD,109.9,2684380416.0,19680342.0,67.1,0.0,75.3,65,55,71.0,54.0,696,2026-09-04
BMY,Bristol-Myers Squibb Company,Healthcare,Drug Manufacturers - General,United States,139088429056.0,4,"2022,2023,2024,2025",0.0733362936745436,0.02886937674344671,0.13346770583794665,0.2737789876538731,4.0,4.0,0.01449177656319045,34902000000.0,15230000000.0,2.291661195009849,False,-0.04986020503261879,0.7411119516723605,0.030947462931408078,,NYQ,USD,68.09,139088429056.0,786705868.0,50.1,90.6,30.7,45,80,26.7,54.0,697,2026-09-04
SE,Sea Limited,Consumer Cyclical,Internet Retail,Singapore,69272002560.0,4,"2022,2023,2024,2025",0.020640191167554778,0.24680777773911755,0.11515852095082371,0.08703142122085128,3.0,4.0,0.2259378555374607,-7196334000.0,2686640000.0,0.0,True,0.14353042439543828,0.43449976083384045,0.012775817011306659,,NYQ,USD,113.1,69272002560.0,495451289.0,24.1,53.4,87.2,100,0,61.2,54.0,698,2026-09-04
SOUN,"SoundHound AI, Inc.",Technology,Software - Application,United States,2993300224.0,4,"2022,2023,2024,2025",12.611327198710386,-52.87791613649204,-0.014655811085285023,-1.615819798101075,0.0,4.0,0.7572705647837659,-244277000.0,28432000.0,0.0,True,1.6027354519782406,0.5893419488889349,0.13696387588794132,,NGM,USD,6.74,2993300224.0,203404155.0,94.9,0.0,98.1,100,0,3.3,53.9,699,2026-09-04
UL,Unilever PLC,Consumer Defensive,Household & Personal Products,United Kingdom,138325721088.0,4,"2022,2023,2024,2025",0.16467387370511113,-0.025883687312796305,0.16737946503672163,0.13296509762409503,4.0,4.0,-0.05620149429302945,22330000000.0,11144000000.0,2.0037688442211055,False,-0.03519317882482775,0.4435083066325979,0.027321470223210506,,NYQ,USD,64.24,138325721088.0,272796188.0,76.7,68.1,11.5,45,80,30.6,53.9,700,2026-09-04
CBRE,"CBRE Group, Inc.",Real Estate,Real Estate Services,United States,43071430656.0,4,"2022,2023,2024,2025",0.08431467797000153,-0.05068611330386508,0.06287657920310981,0.029618953606637098,4.0,4.0,0.09567521092915365,5722000000.0,2023000000.0,2.828472565496787,False,-0.08222427049524217,0.19779378767710143,0.009908763529884058,,NYQ,USD,148.74,43071430656.0,261783590.0,45.7,27.9,63.1,45,100,70.5,53.8,701,2026-09-04
NWSA,News Corporation,Communication Services,Entertainment,United States,16610620416.0,4,"2023,2024,2025,2026",0.05682160922203393,0.04041896405548332,0.07721940085592012,0.06912444666140902,4.0,4.0,0.0405993172034298,820000000.0,1627000000.0,0.5039950829748002,False,-0.03524533517622663,,,,NMS,USD,30.945,16610620416.0,147784408.0,40.3,45.6,42.0,85,80,50.0,53.7,702,2026-09-04
MRVL,"Marvell Technology, Inc.",Technology,Semiconductors,United States,187676491776.0,4,"2023,2024,2025,2026",0.024742422790006536,0.1415329265528879,0.15156819851962297,0.19426474700733465,4.0,4.0,0.11449587642355707,1831800000.0,4539800000.0,0.4034979514516058,False,0.021494009866102948,0.461086219607157,0.04639834515744467,,NMS,USD,208.83,187676491776.0,7575851417.0,25.0,81.1,69.5,85,55,17.1,53.7,703,2026-09-04
BILL,"BILL Holdings, Inc.",Technology,Software - Application,United States,4337177088.0,4,"2023,2024,2025,2026",-0.005880586896245016,0.029660070987719823,0.001040187451378634,0.19351810647778078,4.0,4.0,0.16023434863065256,805070000.0,125856000.0,6.396755021612001,False,-0.0571638861629048,0.8145305745558559,0.003387824936945172,,NYQ,USD,50.86,4337177088.0,126686665.0,0.0,81.0,79.3,10,100,93.7,53.7,704,2026-09-04
EHC,Encompass Health Corporation,Healthcare,Medical Care Facilities,United States,12093918208.0,4,"2022,2023,2024,2025",0.14596773538990135,0.054691605443012214,0.17423566646378577,0.056199279409059506,4.0,4.0,0.10924794339461918,2418600000.0,1404100000.0,1.7225268855494622,False,0.017928286852589626,0.547224914775214,0.23670839087487738,,NYQ,USD,122.59,12093918208.0,123443717.0,81.2,38.9,67.9,65,55,1.3,53.7,705,2026-09-04
AMZN,"Amazon.com, Inc.",Consumer Cyclical,Internet Retail,United States,2792576516096.0,4,"2022,2023,2024,2025",0.11575467797905148,0.1811500882601385,0.167924935464315,0.021363314994289978,3.0,4.0,0.11731283601806397,29958000000.0,165341000000.0,0.18118917872759932,False,0.06261654725684562,0.4748187178818158,0.024244453616722676,,NMS,USD,258.9,2792576516096.0,12573731445.0,70.7,24.9,70.1,85,25,35.0,53.7,706,2026-09-04
QRVO,"Qorvo, Inc.",Technology,Semiconductors,United States,8855687168.0,4,"2023,2024,2025,2026",0.03845636262736473,0.05511512161824901,0.08198042506998637,0.17350787854328273,4.0,4.0,0.010088027015206169,330139000.0,733796000.0,0.449905695860975,False,-0.09194420446713714,0.40751087730259383,0.034570812155927465,,NMS,USD,100.38,8855687168.0,120334741.0,29.8,77.4,29.3,85,100,23.9,53.7,707,2026-09-04
KRG,Kite Realty Group Trust,Real Estate,REIT - Retail,United States,5353577472.0,4,"2022,2023,2024,2025",0.031425923045085874,0.06105404203221761,0.07179808045499268,0.31026470476439577,4.0,4.0,0.017308500862047715,2988717000.0,818727000.0,3.6504439208673953,False,-0.002944090494752749,0.7396851016021937,0.0028751021690144618,,NYQ,USD,26.09,5353577472.0,67027297.0,26.6,92.2,31.8,10,80,95.2,53.7,708,2026-09-04
NEM,Newmont Corporation,Basic Materials,Gold,United States,137433079808.0,4,"2022,2023,2024,2025",0.05884480673512992,0.17251924849506192,0.17809758350007696,0.14502143865115852,4.0,4.0,0.23911830284606483,-2652000000.0,14092000000.0,0.0,True,0.3937106918238993,0.36066447497430076,0.11035691147035322,,NYQ,USD,130.43,137433079808.0,1086947796.0,41.7,71.1,88.2,100,0,5.2,53.7,709,2026-09-04
KIM,Kimco Realty Corporation,Real Estate,REIT - Retail,United States,16045282304.0,4,"2022,2023,2024,2025",0.03407553954176028,0.03140489630641691,0.04425114549112007,0.5290792168490344,4.0,4.0,0.07396715816335053,7974255000.0,1450921000.0,5.495995302294198,False,0.09293559361536152,0.6895052554572478,0.0022640053660746887,,NYQ,USD,23.92,16045282304.0,117976526.0,27.8,97.8,56.3,10,25,97.4,53.6,710,2026-09-04
STAG,"STAG Industrial, Inc.",Real Estate,REIT - Industrial,United States,7419649536.0,4,"2022,2023,2024,2025",0.03953468954980436,0.012505096495113895,0.047449508117650016,0.500137775752129,4.0,4.0,0.08739158469011632,3239405000.0,713227000.0,4.541899002701805,False,0.04601542416452453,0.8016248813641298,0.004694977539410444,,NYQ,USD,37.7,7419649536.0,61070155.0,30.4,97.5,61.1,10,25,89.1,53.6,711,2026-09-04
SPOT,Spotify Technology S.A.,Communication Services,Internet Content & Information,Sweden,115149766656.0,4,"2022,2023,2024,2025",0.05548071281673968,0.3028141629395266,0.22916440380096045,0.09137781813001755,4.0,4.0,0.13587173864705626,-7511000000.0,2357000000.0,0.0,True,0.07486894752734807,0.28178758706378565,0.029640406708165083,,NYQ,USD,560.11,115149766656.0,1015446944.0,39.0,55.2,74.0,100,25,28.1,53.6,712,2026-09-04
STZ,"Constellation Brands, Inc.",Consumer Defensive,Beverages - Brewers,United States,22049132544.0,4,"2023,2024,2025,2026",0.06283530649351085,0.07799660396770791,0.10851818730463408,0.1799845054731725,4.0,4.0,-0.011183285451378588,10466100000.0,3158100000.0,3.3140495867768593,False,-0.08816212482406527,0.5110810735292042,0.007216791463360454,,NYQ,USD,129.09,22049132544.0,275493164.0,44.7,78.6,21.0,10,100,80.4,53.6,713,2026-09-04
TSEM,Tower Semiconductor Ltd.,Technology,Semiconductors,Israel,23302520832.0,4,"2022,2023,2024,2025",0.11715933953614835,-0.053458424803992766,0.07210572858457448,0.05949927606846666,3.0,4.0,-0.022666349128557584,-990392000.0,547153000.0,0.0,True,0.02566950177871674,0.24878448399821376,0.01786291881875611,,NMS,USD,206.16,23302520832.0,379625498.0,61.0,40.5,17.8,100,55,46.7,53.5,714,2026-09-04
JOE,The St. Joe Company,Real Estate,Real Estate - Diversified,United States,3761394944.0,4,"2022,2023,2024,2025",0.08003326527607131,0.03336961962879366,0.10375108698092451,-0.1148612008065802,2.0,4.0,0.2670411663225263,440366000.0,233066000.0,1.8894476242781015,False,-0.013214532344573926,0.41533405791302547,0.013561558689190081,,NYQ,USD,66.07,3761394944.0,16314004.0,53.8,0.0,90.2,65,80,58.3,53.5,715,2026-09-04
TGT,Target Corporation,Consumer Defensive,Discount Stores,United States,74509205504.0,4,"2023,2024,2025,2026",0.13442339777261153,0.008456750606804037,0.12417952288403176,0.022684575006960205,3.0,4.0,-0.013437328806924498,10968000000.0,8346000000.0,1.3141624730409778,False,-0.019582526361093144,0.2706522109435399,0.014584135301052495,,NYQ,USD,164.01,74509205504.0,732753053.0,77.8,25.4,20.4,65,80,54.7,53.5,716,2026-09-04
PAY,"Paymentus Holdings, Inc.",Technology,Software - Infrastructure,United States,4630800896.0,4,"2022,2023,2024,2025",0.05323770732719142,0.11173673375370742,0.10581738756470951,0.04218030734540086,3.0,4.0,0.34025054878099326,-314054000.0,116598000.0,0.0,True,0.05744700526342306,0.2796956832735838,0.0213234814764321,,NYQ,USD,36.77,4630800896.0,46697165.0,37.3,33.1,94.6,100,25,39.4,53.5,717,2026-09-04
PAG,"Penske Automotive Group, Inc.",Consumer Cyclical,Auto & Truck Dealerships,United States,14420879360.0,4,"2022,2023,2024,2025",0.12398148401099338,-0.07280035372396779,0.09577048265128318,0.02851691870889692,4.0,4.0,0.04573685936566663,6195100000.0,1698200000.0,3.6480391002237664,False,-0.11021505376344087,0.1670493602930172,0.004135182633090161,,NYQ,USD,219.62,14420879360.0,84201210.0,64.2,27.3,44.9,10,100,91.1,53.4,718,2026-09-04
REG,Regency Centers Corporation,Real Estate,REIT - Retail,United States,14193906688.0,4,"2022,2023,2024,2025",0.0459794512484499,0.0006954617451727999,0.05169789472919243,0.5390498608810397,4.0,4.0,0.08270360067960159,4634644000.0,1152451000.0,4.021554061734512,False,0.064678789924967,0.7066838260565733,0.006378084220992168,,NMS,USD,75.92,14193906688.0,106193631.0,33.4,98.1,59.6,10,25,83.2,53.4,719,2026-09-04
EMR,Emerson Electric Co.,Industrials,Specialty Industrial Machinery,United States,83787145216.0,4,"2022,2023,2024,2025",0.08100938745917102,-0.023408117732744205,0.07587050122761842,0.13066341452461938,4.0,4.0,0.09282630664203761,11572000000.0,4839000000.0,2.391403182475718,False,-0.04963944323327185,0.4957201003643865,0.02628532953665547,,NYQ,USD,150.21,83787145216.0,408776387.0,44.1,67.5,62.2,45,80,32.0,53.4,720,2026-09-04
CNK,"Cinemark Holdings, Inc.",Communication Services,Entertainment,United States,4055756032.0,4,"2022,2023,2024,2025",0.08513506352027037,0.15432382113636983,0.12798947299193267,0.06667084760737482,4.0,4.0,0.0826461673464236,1531300000.0,519400000.0,2.9482094724682324,False,0.11916666666666664,0.6437684659529478,0.00156347779750654,,NYQ,USD,34.99,4055756032.0,88391038.0,56.1,44.4,59.4,45,0,98.7,53.4,721,2026-09-04
DAVE,Dave Inc.,Technology,Software - Application,United States,4985617408.0,4,"2022,2023,2024,2025",0.011909327693050684,0.7448448812634334,0.3233494729114599,0.17061151067608105,3.0,4.0,0.3934154756423254,-46107000.0,182201000.0,0.0,True,0.22730937602738743,0.8215977097798153,0.038941151578411624,,NGM,USD,390.86,4985617408.0,198819538.0,22.3,76.8,95.8,100,0,20.8,53.4,722,2026-09-04
ALRM,"Alarm.com Holdings, Inc.",Technology,Software - Application,United States,2784888576.0,4,"2022,2023,2024,2025",0.06976337066257124,0.023544932944047206,0.07745597552554292,0.12787298879073336,4.0,4.0,0.06269927724366964,28924000.0,230100000.0,0.12570186875271622,False,0.07265351709909629,0.6347677944159429,0.02631113409194107,,NMS,USD,56.73,2784888576.0,26979937.0,48.3,67.1,52.0,85,25,32.0,53.3,723,2026-09-04
STLD,"Steel Dynamics, Inc.",Basic Materials,Steel,United States,35263012864.0,4,"2022,2023,2024,2025",0.19750245366616698,-0.25846945750045924,0.09436236140532467,0.07121505867969806,3.0,4.0,-0.06533213396467008,3441285000.0,2114404000.0,1.6275437428230366,False,-0.19617380377203153,0.195368192294891,0.054866040476138196,,NMS,USD,246.03,35263012864.0,306943092.0,82.0,46.4,10.4,65,100,14.5,53.3,724,2026-09-04
WOR,"Worthington Enterprises, Inc.",Industrials,Metal Fabrication,United States,2997744128.0,4,"2023,2024,2025,2026",0.0767033396241581,0.061165333278851985,0.11992009073203815,0.20172048332430692,4.0,4.0,-0.008820159586974907,278171000.0,264868000.0,1.050225017744688,False,0.006682055643299822,0.25182382762790223,0.023382898273017295,,NYQ,USD,61.27,2997744128.0,16270248.0,51.9,81.8,21.9,65,55,36.1,53.3,725,2026-09-04
TFII,TFI International Inc.,Industrials,Trucking,Canada,10916056064.0,4,"2022,2023,2024,2025",0.13564145159916133,-0.15117290254518317,0.08021301562466161,0.08081636733608497,4.0,4.0,-0.03640405590798268,2376045000.0,1161718000.0,2.0452855167949537,False,-0.07358410076867972,0.15702916724666346,0.01774271981689937,,NYQ,USD,132.81,10916056064.0,46703035.0,68.1,51.1,14.6,45,100,47.1,53.3,726,2026-09-04
UE,Urban Edge Properties,Real Estate,REIT - Retail,United States,2913459712.0,4,"2022,2023,2024,2025",0.06518641588588756,0.020976685601068745,0.05833069448410872,0.36831604265480977,4.0,4.0,0.05849527740851501,1557893000.0,312591000.0,4.983806315600897,False,0.03507892140743185,0.6706057914335389,0.008454761910166636,,NYQ,USD,21.16,2913459712.0,19418828.0,45.7,94.9,50.6,10,25,75.4,53.3,727,2026-09-04
HBM,Hudbay Minerals Inc.,Basic Materials,Copper,Canada,12298369024.0,4,"2022,2023,2024,2025",0.0811613206050479,0.0952025869308454,0.14617888480045288,0.12569289695404334,4.0,4.0,0.14798421785170168,439700000.0,1442800000.0,0.3047546437482673,False,0.5126707929303642,0.2579610273009517,0.054133763409011174,,NYQ,USD,27.69,12298369024.0,140127820.0,54.1,66.2,76.9,85,0,14.7,53.3,728,2026-09-04
ELF,"e.l.f. Beauty, Inc.",Consumer Defensive,Household & Personal Products,United States,6338049024.0,4,"2023,2024,2025,2026",0.10954628096454817,-0.10934679075233705,0.026847977387432116,0.10950124873700613,4.0,4.0,0.413998713481184,549663000.0,160601000.0,3.422537842230123,False,0.0725347383442354,0.7002962920686767,0.015075330269468034,,NYQ,USD,107.41,6338049024.0,305554920.0,58.0,61.3,96.1,10,25,53.4,53.2,729,2026-09-04
PPC,Pilgrim's Pride Corporation,Consumer Defensive,Packaged Foods,United States,7264691200.0,4,"2022,2023,2024,2025",0.13935342563211267,0.034035995756348025,0.17681183014035692,0.034644394338663766,4.0,4.0,0.01926530490160583,2453802000.0,2119683000.0,1.1576268715652294,False,-0.008090884131883525,0.10624515463515019,0.02617987975296547,,NMS,USD,30.51,7264691200.0,49144227.0,79.1,30.0,32.7,65,80,32.1,53.2,730,2026-09-04
CUBE,,Real Estate,REIT - Industrial,United States,8997689344.0,4,"2022,2023,2024,2025",0.06117621247161537,0.005135055890436918,0.05747580161069418,0.5753401520145719,4.0,4.0,0.036145812427817336,3396980000.0,708539000.0,4.794344418585286,False,0.014516493197745728,0.7044959640329699,0.011772258042290288,,NYQ,USD,39.75,8997689344.0,83399396.0,43.5,98.4,39.9,10,55,64.5,53.2,731,2026-09-04
PPG,"PPG Industries, Inc.",Basic Materials,Specialty Chemicals,United States,24619724800.0,4,"2022,2023,2024,2025",0.10769261715141451,0.029612206626327547,0.11633714696045643,0.0661492589122828,4.0,4.0,0.005541161450504539,5145000000.0,2814000000.0,1.828358208955224,False,-0.04298356510745893,0.3986366076164858,0.02208681862903899,,NYQ,USD,110.75,24619724800.0,198749624.0,66.9,44.0,27.3,65,80,38.1,53.1,732,2026-09-04
FWONK,Formula One Group,Communication Services,Entertainment,United States,24303681536.0,4,"2022,2023,2024,2025",0.03432490796253345,0.029808251778135987,0.061866687407637865,0.29876210825481864,4.0,4.0,0.20321717357215352,4045000000.0,1375000000.0,2.941818181818182,False,0.05737704918032782,0.33720066596108056,0.021848902669266826,,NMS,USD,96.94,24303681536.0,195027867.0,27.9,91.7,84.9,45,25,38.7,53.1,733,2026-09-04
DORM,"Dorman Products, Inc.",Consumer Cyclical,Auto Parts,United States,3847740672.0,4,"2022,2023,2024,2025",0.10288431833579297,0.042305856511795886,0.11751707365930303,0.054620010288139176,4.0,4.0,0.07107398848747049,390477000.0,359752000.0,1.085406057506282,False,-0.024950068160923156,0.37587256152616466,0.03768556532637325,,NMS,USD,129.66,3847740672.0,37482372.0,64.9,38.2,55.3,65,80,21.4,53.1,734,2026-09-04
QSR,Restaurant Brands International Inc.,Consumer Cyclical,Restaurants,United States,36767989760.0,4,"2022,2023,2024,2025",0.09356098164435406,0.0032246733532019373,0.09278421425200568,0.17337081155676898,4.0,4.0,0.13192119047142237,12155000000.0,2507000000.0,4.848424411647387,False,0.00439560439560438,0.3741540975441766,0.026160468097924366,,NYQ,USD,80.26,36767989760.0,230339940.0,59.4,77.2,73.1,10,55,32.2,53.1,735,2026-09-04
LUNR,"Intuitive Machines, Inc.",Industrials,Aerospace & Defense,United States,2358648832.0,4,"2022,2023,2024,2025",0.21041808749838897,0.03786754993394803,0.18582731412747927,-0.4235714873427897,0.0,4.0,0.3407274767016706,-210447000.0,-95110000.0,0.0,True,5.711682424137112,-0.036110834003224894,0.16196150723024771,,NGM,USD,14.7,2358648832.0,158104939.0,93.7,0.0,94.6,100,0,2.3,53.0,736,2026-09-04
MOD,Modine Manufacturing Company,Consumer Cyclical,Auto Parts,United States,9912424448.0,4,"2023,2024,2025,2026",0.1317286289195402,-0.03358751973349615,0.08840084621044886,0.040150877703315026,4.0,4.0,0.11450511371588634,362800000.0,297800000.0,1.2182672934855607,False,0.018939393939394034,0.21669315344830337,0.029421823613819915,,NYQ,USD,186.63,9912424448.0,288349509.0,66.2,32.2,69.6,65,55,28.6,53.0,737,2026-09-04
SCR.TO,Strathcona Resources Ltd.,Energy,Oil & Gas E&P,Canada,9207846912.0,4,"2022,2023,2024,2025",0.0898822401614742,-0.03980486516813368,0.07293254426840634,0.11669947920194952,4.0,4.0,-0.01700681350221145,2095000000.0,1282000000.0,1.6341653666146645,False,-0.9021311625354431,0.2547653023337908,0.02304601955970456,,TOR,CAD,42.98,6676997689.0,12439497.0,48.3,63.8,19.6,65,100,36.6,53.0,738,2026-09-04
CR,Crane Company,Industrials,Specialty Industrial Machinery,United States,11729425408.0,4,"2022,2023,2024,2025",0.11381849846871939,0.030550139813273286,0.1059983797089708,0.0046202621442740024,3.0,4.0,0.09065051589312212,641700000.0,494300000.0,1.2981994740036416,False,0.02447552447552437,0.40117154832899676,0.018155128238062396,,NYQ,USD,202.93,11729425408.0,94954397.0,70.1,19.6,61.9,65,55,46.2,52.9,739,2026-09-04
NUE,Nucor Corporation,Basic Materials,Steel,United States,59548061696.0,4,"2022,2023,2024,2025",0.17213369955131902,-0.25462288711624453,0.078163847620418,0.08930940077977247,3.0,4.0,-0.0783985002595462,4603000000.0,4218000000.0,1.0912754860123282,False,-0.12264036234307074,0.19478206438469986,0.07364362765863469,,NYQ,USD,262.47,59548061696.0,411548498.0,78.0,54.3,8.6,65,100,9.8,52.9,740,2026-09-04
BP,BP p.l.c.,Energy,Oil & Gas Integrated,United Kingdom,112236134400.0,4,"2022,2023,2024,2025",0.10936223424897389,-0.04058241026169135,0.08697865057202053,0.0817560541030443,4.0,4.0,-0.07777687020784252,21402000000.0,30696000000.0,0.6972243940578577,False,-0.16194156110490365,0.19848550151230124,0.030636030761479013,,NYQ,USD,43.58,112236134400.0,398586036.0,57.9,51.2,8.8,85,100,27.1,52.9,741,2026-09-04
CARR,Carrier Global Corporation,Industrials,Building Products & Equipment,United States,48701124608.0,4,"2022,2023,2024,2025",0.08297656725055581,-0.019980597929103783,0.07625169122752272,0.07409318078933824,4.0,4.0,0.07948894772684056,10278000000.0,3530000000.0,2.911614730878187,False,0.0013934045517882687,0.26138467510142177,0.008867883653803343,,NYQ,USD,59.08,48701124608.0,361448959.0,45.0,47.9,58.2,45,55,74.1,52.9,742,2026-09-04
CENTA,Central Garden & Pet Company,Consumer Defensive,Packaged Foods,United States,2257089280.0,4,"2022,2023,2024,2025",0.0683958149134383,-0.003594887570629618,0.07476904515398539,0.06430656989023814,3.0,4.0,-0.021372972141038726,309215000.0,359341000.0,0.8605057591535616,False,-0.06197519522278361,0.2992196457902544,0.012011798366654431,,NMS,USD,36.06,2257089280.0,12502002.0,37.1,43.0,17.9,85,100,63.6,52.8,743,2026-09-04
LUN.TO,Lundin Mining Corporation,Basic Materials,Copper,Canada,30597064704.0,4,"2022,2023,2024,2025",0.0962212933914887,0.05736957204982518,0.15078825708410507,0.11393402231771453,4.0,4.0,0.10048218870464676,145300000.0,1835300000.0,0.079169618046096,False,0.12459824251669493,0.2752722651737002,0.04665616535846722,,TOR,CAD,35.94,22187220560.0,64679855.0,61.1,62.9,64.7,85,0,16.8,52.8,744,2026-09-04
KRYS,"Krystal Biotech, Inc.",Healthcare,Biotechnology,United States,10995079168.0,3,"2023,2024,2025",0.03358923897285418,0.2102056695503814,0.10448280527403325,-0.3628658264066604,2.0,3.0,1.7704330556012997,-818452000.0,167846000.0,0.0,True,0.07923753243009513,0.936895929672383,0.004270023432524256,,NMS,USD,371.47,10995079168.0,153284495.0,27.4,0.0,99.3,100,25,90.6,52.8,745,2026-09-04
ITRI,"Itron, Inc.",Technology,Scientific & Technical Instruments,United States,4183824384.0,4,"2022,2023,2024,2025",0.06535004648859594,0.1123816534958467,0.10898770322197238,0.0736629334448149,4.0,4.0,0.09650593650990102,227930000.0,414235000.0,0.5502432194285852,False,0.02709474291035674,0.33499835476955175,0.030928154799639382,,NMS,USD,95.55,4183824384.0,73913467.0,45.9,47.4,63.5,85,55,26.8,52.7,746,2026-09-04
UGP,Ultrapar Participações S.A.,Energy,Oil & Gas Refining & Marketing,Brazil,7629839360.0,4,"2022,2023,2024,2025",0.12703519584349798,0.004313939831798272,0.12539847779891308,0.01617312345817656,4.0,4.0,-0.002944740710881466,16918136000.0,7805568000.0,2.167444572899756,False,-0.0032456775875313593,0.06586368978899462,0.009000301663558185,,NYQ,USD,7.16,7629839360.0,25552350.0,74.9,23.2,24.1,45,80,73.4,52.7,747,2026-09-04
FLYW,Flywire Corporation,Technology,Software - Infrastructure,United States,2275185664.0,4,"2022,2023,2024,2025",-0.010525108536262828,0.07809141347160099,0.018832765984451088,0.12539511060295838,3.0,4.0,0.2912633417793986,-353649000.0,51024000.0,0.0,True,0.18355369114191644,0.6287628999189785,0.009484734166967613,,NMS,USD,18.7,2275185664.0,39883080.0,0.0,65.9,92.1,100,0,71.7,52.7,748,2026-09-04
ARCB,ArcBest Corporation,Industrials,Trucking,United States,3069734912.0,4,"2022,2023,2024,2025",0.1197822705977404,-0.16684134002924317,0.0454333184511216,0.029294988744280506,4.0,4.0,-0.0726869195362515,121826000.0,265793000.0,0.45834916645660345,False,-0.10082143125442766,0.08797724050534333,0.01641259228838972,,NMS,USD,137.34,3069734912.0,54806900.0,62.0,27.6,9.4,85,100,50.1,52.7,749,2026-09-04
UBER,"Uber Technologies, Inc.",Technology,Software - Application,United States,155152859136.0,4,"2022,2023,2024,2025",-0.036161734764645015,0.6547344111105773,0.13123901815664768,0.1117215220196986,4.0,4.0,0.17730580736694201,3416000000.0,6987000000.0,0.48890797194790325,False,0.07329938104072653,0.39311253381641403,0.005860176792680594,,NYQ,USD,75.96,155152859136.0,1468248918.0,0.0,62.2,81.8,85,25,85.2,52.7,750,2026-09-04
CMPR,Cimpress plc,Industrials,Specialty Business Services,Ireland,2152493824.0,4,"2023,2024,2025,2026",0.14114339794258374,0.08262514438484926,0.14690419733165413,0.03799397710503624,4.0,4.0,0.06658260441365949,1363130000.0,410481000.0,3.320811438288252,False,0.028637908403122525,0.4726325437657895,0.008445798519232618,,NMS,USD,88.4,2152493824.0,18683870.0,79.9,31.4,53.5,10,55,75.5,52.6,751,2026-09-04
ZBRA,Zebra Technologies Corporation,Technology,Communication Equipment,United States,16913560576.0,4,"2022,2023,2024,2025",0.10851358473847172,-0.08543360166606594,0.08204663382594417,0.09928001001386427,3.0,4.0,-0.02271104500520582,2377000000.0,853000000.0,2.786635404454865,False,-0.025615486924413178,0.47050384034637804,0.012499869878765682,,NMS,USD,357.5,16913560576.0,283260835.0,57.2,57.8,17.7,45,80,62.1,52.6,752,2026-09-04
VIST,"Vista Energy, S.A.B. de C.V.",Energy,Oil & Gas E&P,Mexico,8253165056.0,4,"2022,2023,2024,2025",0.19030662650881616,-0.05079731698554535,0.1568598247233205,-0.03711936389991803,2.0,4.0,0.2771660987361133,2821075000.0,1973231000.0,1.4296729577023672,False,0.09589910463336104,0.5019278707225174,0.02001534748429691,,NYQ,USD,74.61,8253165056.0,70757736.0,81.2,0.0,91.3,65,25,42.1,52.6,753,2026-09-04
PECO,"Phillips Edison & Company, Inc.",Real Estate,REIT - Retail,United States,5541875712.0,4,"2022,2023,2024,2025",0.030094807344714834,0.01549003297546565,0.03952459949410233,0.32470116883831446,4.0,4.0,0.08088882775344719,2371304000.0,499590000.0,4.746500130106687,False,0.06573213025197178,0.7132217192406329,0.0018787427132205417,,NMS,USD,39.18,5541875712.0,38728529.0,26.3,92.7,58.9,10,25,98.0,52.6,754,2026-09-04
HUBS,"HubSpot, Inc.",Technology,Software - Application,United States,13059773440.0,4,"2022,2023,2024,2025",-0.020797755687017527,0.07418454542126866,0.022467695006010903,0.1458199095428151,4.0,4.0,0.2184570470312226,-1441489000.0,206634000.0,0.0,True,0.10670966399667114,0.8385205731649712,0.010517418536311678,,NYQ,USD,255.12,13059773440.0,449130341.0,0.0,71.3,86.1,100,0,68.7,52.5,755,2026-09-04
EGP,"EastGroup Properties, Inc.",Real Estate,REIT - Industrial,United States,10672390144.0,4,"2022,2023,2024,2025",0.04501665019284342,-0.0023345452873238387,0.04421399456150473,0.6399292664898037,4.0,4.0,0.13988783121450687,1626268000.0,503478000.0,3.230067649430561,False,0.23651432852594123,0.7291175171056127,0.0030888235130848265,,NYQ,USD,198.47,10672390144.0,84986045.0,22.6,99.3,75.1,10,0,94.6,52.5,756,2026-09-04
ACI,"Albertsons Companies, Inc.",Consumer Defensive,Grocery Stores,United States,6110250496.0,4,"2023,2024,2025,2026",0.13370060350292673,-0.12770180245569393,0.059260127870085534,0.008151168932126487,4.0,4.0,0.023167314193306865,8335100000.0,3397700000.0,2.4531594902434,False,0.024719101123595433,0.2767614629237548,0.0030970977769808348,,NYQ,USD,12.59,6110250496.0,107488888.0,67.4,20.3,34.5,45,55,94.6,52.5,757,2026-09-04
KMT,Kennametal Inc.,Industrials,Tools & Accessories,United States,2243126016.0,4,"2022,2023,2024,2025",0.07585822620238526,-0.028155039974467992,0.06238182877160762,0.06605384441639388,4.0,4.0,-0.007612586570863056,457225000.0,293430000.0,1.5582080905156255,False,-0.04309476425640646,0.31087025472261487,0.006892347105615216,,NYQ,USD,29.43,2243126016.0,37699300.0,41.2,43.9,22.5,65,80,81.7,52.5,758,2026-09-04
ZWS,Zurn Elkay Water Solutions Corporation,Industrials,Pollution & Treatment Controls,United States,7898447872.0,4,"2022,2023,2024,2025",0.07266657669829116,0.06787296672872725,0.10288017502524402,0.14546291688316723,4.0,4.0,0.09780867334158505,175900000.0,373600000.0,0.47082441113490364,False,0.11324323797265934,0.42222804045793394,0.035927401266593675,,NYQ,USD,47.62,7898447872.0,45603293.0,49.7,71.3,63.9,85,0,22.9,52.5,759,2026-09-04
NMM,Navios Maritime Partners L.P.,Industrials,Marine Shipping,Greece,2596304640.0,4,"2022,2023,2024,2025",0.21350920031516246,0.06465019149259477,0.22575303751263845,-0.10812234052800986,1.0,4.0,0.03551615448653722,999966000.0,753520000.0,1.3270596666312773,False,-0.03395904430635355,0.39748631526079004,0.02442198528940318,,NYQ,USD,91.34,2596304640.0,11206322.0,94.2,0.0,39.6,65,80,34.9,52.5,760,2026-09-04
HLN,Haleon plc,Healthcare,Drug Manufacturers - Specialty & Generic,United Kingdom,43360575488.0,4,"2022,2023,2024,2025",0.062381401294559755,0.02914754117482466,0.07842465955137483,0.1734404856260967,4.0,4.0,0.005252646289397811,7191000000.0,2859000000.0,2.515215110178384,False,-0.02263129399025443,0.6130210048760323,0.017134687985951618,,NYQ,USD,9.86,43360575488.0,96296043.0,44.1,77.3,27.2,45,80,48.0,52.5,761,2026-09-04
LH,Labcorp Holdings Inc.,Healthcare,Diagnostics & Research,United States,26884651008.0,4,"2022,2023,2024,2025",0.06295080819477629,-0.00011359588298651135,0.0743397374071597,0.09280830990419921,4.0,4.0,0.05552020379451106,5052400000.0,2012700000.0,2.5102598499527997,False,-0.08515283842794763,0.2888779009939433,0.014313707319590092,,NYQ,USD,331.5,26884651008.0,224486828.0,34.9,55.7,49.5,45,100,55.8,52.4,762,2026-09-04
MIDD,The Middleby Corporation,Industrials,Specialty Industrial Machinery,United States,5082992128.0,4,"2022,2023,2024,2025",0.08767123147139474,-0.002798650427372526,0.08869872632738299,0.15529002695891614,4.0,4.0,-0.07409400541787015,1950763000.0,681408000.0,2.8628413520240446,False,-0.050375816696088926,0.38580164995051613,0.015826840242777442,,NMS,USD,112.4,5082992128.0,79299661.0,46.9,73.5,9.3,45,100,51.4,52.3,763,2026-09-04
NSC,Norfolk Southern Corporation,Industrials,Railroads,United States,73633357824.0,4,"2022,2023,2024,2025",0.10680467431407868,-0.029733952329546093,0.10707507507507508,0.1408606302592399,4.0,4.0,-0.015000939727698559,15557000000.0,5850000000.0,2.6593162393162393,False,-0.043718166383701185,0.3785276229495831,0.019281611385041027,,NYQ,USD,327.83,73633357824.0,379218336.0,56.2,69.7,20.1,45,80,43.8,52.3,764,2026-09-04
ACMR,"ACM Research, Inc.",Technology,Semiconductor Equipment & Materials,United States,4835047424.0,4,"2022,2023,2024,2025",0.09531754395374112,0.00426510126522299,0.07316561478553038,-0.15967564726109645,1.0,4.0,0.3234389215789564,-861580000.0,158475000.0,0.0,True,0.030151034626839213,0.4779957364998525,0.022405324120354706,,NGM,USD,69.42,4835047424.0,90964983.0,60.5,0.0,93.8,100,25,37.4,52.3,765,2026-09-04
PSX,Phillips 66,Energy,Oil & Gas Refining & Marketing,United States,102102114304.0,4,"2022,2023,2024,2025",0.1467800097694871,-0.14334516569822425,0.11135791644983507,0.030618895199575853,4.0,4.0,-0.0799841840778086,18600000000.0,9757000000.0,1.9063236650609818,False,-0.13863986101817272,0.10002779925855644,0.015627100428360033,,NYQ,USD,254.66,102102114304.0,699794475.0,71.5,28.3,8.5,65,100,51.8,52.3,766,2026-09-04
OPLN,"OPENLANE, Inc.",Consumer Cyclical,Auto & Truck Dealerships,United States,4260238336.0,4,"2022,2023,2024,2025",0.04037040233235131,0.08044347610476267,0.10946042188819456,0.019939784310713818,3.0,4.0,0.0815206471443668,394100000.0,302000000.0,1.3049668874172184,False,-0.018497763910204967,0.4037630167178257,0.005376062702325708,,NYQ,USD,34.9,4260238336.0,41983758.0,30.7,24.1,59.3,65,80,86.9,52.2,767,2026-09-04
CTVA,"Corteva, Inc.",Basic Materials,Agricultural Inputs,United States,59126915072.0,4,"2022,2023,2024,2025",0.044525113267525625,0.0016214017635799577,0.049857370154168544,0.08419396867662021,4.0,4.0,-0.0010322883978914899,-1950000000.0,3071000000.0,0.0,True,-0.05948930296756383,0.4338926356328441,0.02565718273499861,,NYQ,USD,88.62,59126915072.0,402397632.0,32.3,52.4,24.8,100,100,33.0,52.2,768,2026-09-04
BOX,"Box, Inc.",Technology,Software - Infrastructure,United States,4933739520.0,4,"2023,2024,2025,2026",-0.1084077554126669,0.6306080680470304,0.43270877132858376,0.27873432426322575,4.0,4.0,0.05913289717432102,75881000.0,142335000.0,0.5331155372887906,False,-0.006904495578992198,0.7692316404557146,0.022284856304576536,,NYQ,USD,35.96,4933739520.0,99056603.0,0.0,90.8,51.0,85,80,37.7,52.2,769,2026-09-04
BVN,Compañía de Minas Buenaventura S.A.A.,Basic Materials,Other Precious Metals & Mining,Peru,8831123456.0,4,"2022,2023,2024,2025",0.10740281578688221,0.18262186869963254,0.21877404919210292,0.010208038538322,2.0,4.0,0.2804694392407232,-520910000.0,1028111000.0,0.0,True,0.0,0.23702830491003424,0.15332996240142327,,NYQ,USD,34.77,8831123456.0,40227256.0,66.6,4.2,91.8,100,55,2.6,52.1,770,2026-09-04
OTTR,Otter Tail Corporation,Industrials,Conglomerates,United States,3748052480.0,4,"2022,2023,2024,2025",0.13069766908756464,-0.046012593553280204,0.1066574073543282,0.09554979125746599,4.0,4.0,-0.036997763771811076,717566000.0,487610000.0,1.4715982034822912,False,0.004435858911068236,0.41996031887632157,0.018283506864589877,,NMS,USD,89.27,3748052480.0,22139049.0,65.9,56.5,14.6,65,55,46.0,52.1,771,2026-09-04
CSGP,"CoStar Group, Inc.",Real Estate,Real Estate Services,United States,12836660224.0,4,"2022,2023,2024,2025",0.015790947936396644,-0.04968271457079301,-0.006098423930524285,0.06019748036169055,3.0,4.0,0.14160530575519847,-449000000.0,191000000.0,0.0,True,0.05769424163800552,0.7987703186892261,0.007789288187784275,,NMS,USD,31.68,12836660224.0,232715166.0,13.3,40.9,75.5,100,25,78.2,52.1,772,2026-09-04
OC,Owens Corning,Industrials,Building Products & Equipment,United States,10648648704.0,4,"2022,2023,2024,2025",0.11220886034250094,-0.14316956227580838,0.03151246537396122,0.1246796276111869,4.0,4.0,0.011545323759780013,4827000000.0,1054000000.0,4.579696394686907,False,-0.1402251791197543,0.2869662095375436,0.014827162327633252,,NYQ,USD,134.71,10648648704.0,143256811.0,59.3,65.7,29.8,10,100,54.1,52.1,773,2026-09-04
GRND,Grindr Inc.,Technology,Software - Application,United States,2722030848.0,4,"2022,2023,2024,2025",-0.0400895295189946,0.17752277269530947,0.24582783466744942,0.2290242709513985,4.0,4.0,0.31147894718402624,308814000.0,145116000.0,2.128049284710163,False,0.22625289136799775,0.7418219473607761,0.003431110017695268,,NYQ,USD,15.66,2722030848.0,26262948.0,0.0,86.4,93.4,45,0,93.4,52.1,774,2026-09-04
RBLX,Roblox Corporation,Communication Services,Electronic Gaming & Multimedia,United States,29653743616.0,4,"2022,2023,2024,2025",-0.6294550389261698,-0.035020990030486754,-0.5791388964559198,0.11818562985614658,3.0,4.0,0.3001871686405706,-1252438000.0,-802175000.0,0.0,True,0.15792390006699586,0.7700745855543092,0.010447225851534937,,NYQ,USD,41.51,29653743616.0,500053204.0,0.0,64.4,92.7,100,0,69.0,52.1,775,2026-09-04
NTST,NETSTREIT Corp.,Real Estate,REIT - Retail,United States,2082433536.0,4,"2022,2023,2024,2025",0.012719246658992985,0.010456761074191162,0.021115848967299622,0.5974324097666008,4.0,4.0,0.25161945249329976,1086678000.0,140580000.0,7.7299615877080665,False,0.669674912796131,0.8896754077464281,0.0077415860234261785,,NYQ,USD,20.43,2082433536.0,42106189.0,22.5,98.6,89.2,10,0,78.4,52.0,776,2026-09-04
AMH,American Homes 4 Rent,Real Estate,REIT - Residential,United States,13409529856.0,4,"2022,2023,2024,2025",0.03952458293775977,0.0135827882347253,0.045499901849977466,0.3819979083502651,4.0,4.0,0.07471899153900519,4987219000.0,1202931000.0,4.145889498233897,False,0.06037812853311353,0.5600563075123073,0.005950981196382108,,NYQ,USD,32.71,13409529856.0,71577265.0,30.3,95.2,56.7,10,25,84.9,51.9,777,2026-09-04
MPC,Marathon Petroleum Corporation,Energy,Oil & Gas Refining & Marketing,United States,108878569472.0,4,"2022,2023,2024,2025",0.20594708978967238,-0.16987905304142706,0.14070185295875673,0.0602618025727652,4.0,4.0,-0.09232974945771899,29204000000.0,11678000000.0,2.5007706799109437,False,-0.40697674418604646,0.0951664582929945,0.024873361514155288,,NYQ,USD,387.71,108878569472.0,921606056.0,83.2,41.1,7.2,45,100,34.1,51.9,778,2026-09-04
VICR,Vicor Corporation,Technology,Electronic Components,United States,8242039296.0,4,"2022,2023,2024,2025",0.06622545004151181,0.026485951773332836,0.0908488286953821,0.08446078627544366,3.0,4.0,0.042919672301821254,-395629000.0,102614000.0,0.0,True,0.01238472847151062,0.5109696817631738,0.04274869631506074,,NMS,USD,178.76,8242039296.0,156023337.0,46.1,52.6,43.5,100,55,18.8,51.9,779,2026-09-04
THO,"THOR Industries, Inc.",Consumer Cyclical,Recreational Vehicles,United States,3944907520.0,4,"2022,2023,2024,2025",0.10788377504676092,-0.16827296784432197,0.057268085803698264,0.05082247062506359,4.0,4.0,-0.16258564873912162,336383000.0,615839000.0,0.5462190605012024,False,-0.0337242770824272,0.15001771607893205,0.012816428805500041,,NYQ,USD,75.78,3944907520.0,51909603.0,56.9,36.8,2.8,85,80,61.1,51.9,780,2026-09-04
MMYT,MakeMyTrip Limited,Consumer Cyclical,Travel Services,India,5373571584.0,4,"2023,2024,2025,2026",0.05598660354868522,0.08080402661451759,0.08458698632788213,0.12710369581325826,4.0,4.0,0.2074576266157071,969809000.0,198069000.0,4.896318959554499,False,0.0001590881318156434,0.7207448259219791,0.013363624048482146,,NMS,USD,57.13,5373571584.0,50932880.0,39.4,66.7,85.5,10,55,59.0,51.9,781,2026-09-04
LFUS,"Littelfuse, Inc.",Technology,Electronic Components,United States,10521177088.0,4,"2022,2023,2024,2025",0.06442958921986114,-0.11385639544275439,0.00927595061853815,0.14229078026900954,4.0,4.0,-0.01721431237859039,239236000.0,172574000.0,1.3862806680032913,False,-0.006763787721123848,0.3801840378766349,0.01452447546927306,,NMS,USD,414.24,10521177088.0,135066266.0,35.6,70.4,19.5,65,80,55.0,51.9,782,2026-09-04
INVH,Invitation Homes Inc.,Real Estate,REIT - Residential,United States,16900495360.0,4,"2022,2023,2024,2025",0.03599186766639267,0.011471740874023233,0.041605254941443265,0.3527371037294285,4.0,4.0,0.06837165898740327,8250049000.0,1690169000.0,4.881197679048663,False,0.003379754712093952,0.5956662742974416,0.009421324686283546,,NYQ,USD,28.45,16900495360.0,133774005.0,28.8,93.9,54.4,10,55,71.9,51.9,783,2026-09-04
CRC,California Resources Corporation,Energy,Oil & Gas E&P,United States,4744758784.0,4,"2022,2023,2024,2025",0.15750699528468295,-0.13999623514800574,0.08869268993342748,0.2264765667772521,4.0,4.0,0.017019362632609614,1151000000.0,1119000000.0,1.028596961572833,False,0.12628865979381443,0.5153716069024038,0.06838096252731406,,NYQ,USD,53.42,4744758784.0,43315554.0,74.4,86.0,31.6,65,0,10.5,51.9,784,2026-09-04
KR,The Kroger Co.,Consumer Defensive,Grocery Stores,United States,35845992448.0,4,"2023,2024,2025,2026",0.10927573554061082,-0.05290526301694756,0.07195060086230622,0.016071467344873927,4.0,4.0,-0.0013868956327633963,12541000000.0,5759000000.0,2.177635006077444,False,-0.09903713892709765,0.2241905780356045,0.006822820583555637,,NYQ,USD,58.51,35845992448.0,444662250.0,57.7,23.2,24.7,45,100,82.2,51.8,785,2026-09-04
IBM,International Business Machines Corporation,Technology,Information Technology Services,United States,221128376320.0,4,"2022,2023,2024,2025",0.0783994542144365,0.07745508082599235,0.10316235038548366,0.17319301523081426,4.0,4.0,0.03718179905928398,47673000000.0,17284000000.0,2.758215690812312,False,0.03989915597939264,0.560720308580283,0.015399848747453029,,NYQ,USD,234.71,221128376320.0,2141851738.0,52.9,77.1,40.5,45,25,52.3,51.8,786,2026-09-04
VECO,Veeco Instruments Inc.,Technology,Semiconductor Equipment & Materials,United States,2596974592.0,4,"2022,2023,2024,2025",0.03589352534863536,-0.018712409235169293,0.03920193285218953,0.08109714425327458,4.0,4.0,0.009280555409528324,62543000.0,68543000.0,0.9124637089126534,False,-0.0764095294709406,0.41458848888281274,0.011600849517889008,,NMS,USD,42.55,2596974592.0,51678379.0,18.7,51.2,29.1,85,100,65.0,51.8,787,2026-09-04
TWLO,Twilio Inc.,Technology,Software - Infrastructure,United States,36931768320.0,4,"2022,2023,2024,2025",-0.02269455031881756,0.08262659914945958,0.01208956534574685,0.08353271218821107,3.0,4.0,0.09815283296664501,309952000.0,370125000.0,0.8374251941911517,False,-0.12680792365486793,0.4915562242723765,0.013176514506418895,,NYQ,USD,240.48,36931768320.0,522077030.0,0.0,52.1,64.0,85,100,59.9,51.8,788,2026-09-04
EXTR,"Extreme Networks, Inc.",Technology,Communication Equipment,United States,2856440320.0,4,"2023,2024,2025,2026",0.08142166642058052,-0.06149949609201916,0.21162051710375607,0.09967189659300027,4.0,4.0,-0.007384430264511632,-17192000.0,84453000.0,0.0,True,0.009884099394683155,0.5941230847932928,0.024683235619447783,,NMS,USD,21.89,2856440320.0,41891528.0,44.5,58.1,22.5,100,55,34.4,51.8,789,2026-09-04
TRMD,TORM plc,Energy,Oil & Gas Midstream,United Kingdom,3499682816.0,4,"2022,2023,2024,2025",0.1803854389063897,-0.08866391541852733,0.11000480394297657,0.18884827998348494,4.0,4.0,-0.024594188073149836,845000000.0,578800000.0,1.4599170697995854,False,0.2089371980676329,0.5844282305939237,0.03631705825249709,,NMS,USD,34.18,3499682816.0,24222409.0,79.7,80.1,17.3,65,0,22.4,51.7,790,2026-09-04
GPI,"Group 1 Automotive, Inc.",Consumer Cyclical,Auto & Truck Dealerships,United States,3389846016.0,4,"2022,2023,2024,2025",0.10515125891738764,-0.09382611883761777,0.06286349962519186,0.01568084612979184,4.0,4.0,0.11639309323072422,5582800000.0,855400000.0,6.526537292494739,False,-0.19891622641509432,0.1687026925222099,0.008715762593066148,,NYQ,USD,284.33,3389846016.0,58248128.0,55.7,23.0,69.8,10,100,74.6,51.7,791,2026-09-04
PAGS,PagSeguro Digital Ltd.,Technology,Software - Infrastructure,Brazil,2745434368.0,4,"2022,2023,2024,2025",0.12005945256913353,-0.07640930872882037,0.0997983181786957,0.04304907150437818,3.0,4.0,0.0999953555795412,41251032000.0,8743414000.0,4.717954794317185,False,-0.09517433510568707,0.5051175165276642,0.014445468773711355,,NYQ,USD,9.96,2745434368.0,29565921.0,62.2,33.5,64.6,10,100,55.2,51.7,792,2026-09-04
BELFB,Bel Fuse Inc.,Technology,Electronic Components,United States,3463879680.0,4,"2022,2023,2024,2025",0.14102157990388775,-0.01838780916981736,0.13746868845433402,0.10302814441427002,4.0,4.0,0.010697810301854904,139700000.0,136393000.0,1.0242461123371434,False,0.008215681582515844,0.3469061912617374,0.043271067963439075,,NMS,USD,239.89,3463879680.0,64038636.0,69.8,59.2,29.4,65,55,18.5,51.7,793,2026-09-04
Z,"Zillow Group, Inc.",Communication Services,Internet Content & Information,United States,7947081216.0,4,"2022,2023,2024,2025",-0.006087201295873459,0.013775051567514279,0.007382431402439024,0.6200040868122223,4.0,4.0,0.09674056316958812,-838000000.0,315000000.0,0.0,True,0.04936344528272274,0.7754521634769983,0.02611242996076591,,NMS,USD,35.34,7947081216.0,141410713.0,0.0,98.8,63.5,100,25,32.2,51.6,794,2026-09-04
FIS,"Fidelity National Information Services, Inc.",Technology,Information Technology Services,United States,21804046336.0,4,"2022,2023,2024,2025",0.03323746130515408,0.028577986373424732,0.04501037767317742,0.1802393489903538,4.0,4.0,0.031797154725512033,12483000000.0,3450000000.0,3.6182608695652174,False,-0.1307947019867549,0.36805679884412607,0.0073489405748617944,,NYQ,USD,42.28,21804046336.0,256778955.0,27.2,78.7,37.7,10,100,79.6,51.6,795,2026-09-04
FRSH,Freshworks Inc.,Technology,Software - Application,United States,3485901312.0,4,"2022,2023,2024,2025",-0.09494143655865898,0.1856931106469854,0.010411949837795961,0.14170231988489485,3.0,4.0,0.18981161340830055,-738868000.0,39467000.0,0.0,True,0.03226429879087944,0.8316693014942971,0.01615123071942195,,NMS,USD,13.36,3485901312.0,205596773.0,0.0,70.2,83.3,100,25,50.5,51.6,796,2026-09-04
DDOG,"Datadog, Inc.",Technology,Software - Application,United States,77114949632.0,4,"2022,2023,2024,2025",0.020059073055447615,0.032751963171552885,0.024836717088082143,0.2618644014832198,4.0,4.0,0.2694953937625746,582144000.0,193836000.0,3.0032811242493653,False,0.15237627215370475,0.8019767789368315,0.006154465202350299,,NMS,USD,214.76,77114949632.0,1018053243.0,24.0,89.6,90.4,10,0,84.2,51.6,797,2026-09-04
KVUE,Kenvue Inc.,Consumer Defensive,Household & Personal Products,United States,36398657536.0,4,"2022,2023,2024,2025",0.09249180383395422,-0.010148241003601871,0.09324539945708916,0.1297029284177012,4.0,4.0,0.0038646439492577844,7329000000.0,2986000000.0,2.454454119223041,False,0.018543117428873712,0.568706513307492,0.011969484206296113,,NYQ,USD,18.95,36398657536.0,385270479.0,48.9,67.4,26.4,45,55,64.0,51.5,798,2026-09-04
BLDR,"Builders FirstSource, Inc.",Industrials,Building Products & Equipment,United States,6905540608.0,4,"2022,2023,2024,2025",0.202392180022889,-0.28936798588207785,0.07594536497537191,0.09940565418780535,4.0,4.0,-0.12565732756059322,4259614000.0,1377708000.0,3.0918119078934,False,-0.3161284797621742,0.3311250282595879,0.01779274468759886,,NYQ,USD,64.18,6905540608.0,144159961.0,82.6,58.0,4.6,10,100,47.0,51.5,799,2026-09-04
CPT,Camden Property Trust,Real Estate,REIT - Residential,United States,12221360128.0,4,"2022,2023,2024,2025",0.06317162310973393,-0.024997991518800236,0.06434999537110599,0.23722475421970302,4.0,4.0,0.03414829875709913,3875587000.0,1148181000.0,3.3754146776509977,False,0.00042440122522791057,0.6187471011253907,0.006361189803906726,,NYQ,USD,105.6,12221360128.0,108639379.0,35.0,87.0,38.9,10,55,83.2,51.5,800,2026-09-04
FRT,Federal Realty Investment Trust,Real Estate,REIT - Retail,United States,10241932288.0,4,"2022,2023,2024,2025",0.05343171294550266,0.0006576581206263615,0.059728142734899826,0.2101825767620339,4.0,4.0,0.05982700870532742,4835685000.0,975104000.0,4.959147947295878,False,0.0732473791424455,0.6734644903244298,0.0040662166424623785,,NYQ,USD,117.16,10241932288.0,102637432.0,37.4,83.9,51.0,10,25,91.3,51.5,801,2026-09-04
TNL,Travel + Leisure Co.,Consumer Cyclical,Travel Services,United States,4069130496.0,4,"2022,2023,2024,2025",0.10898852380058258,-0.0214230448110575,0.08437877799521634,0.10303070160146727,4.0,4.0,0.040743374002797594,5327000000.0,693000000.0,7.686868686868687,False,-0.20546318289786225,0.9270077794658558,0.01667144509660549,,NYQ,USD,66.4,4069130496.0,49860690.0,57.5,59.3,42.1,10,100,49.5,51.5,802,2026-09-04
FCPT,"Four Corners Property Trust, Inc.",Real Estate,REIT - Retail,United States,2734032128.0,4,"2022,2023,2024,2025",0.059475909962682476,-0.005025759937567979,0.057971723557840006,0.6215807825168626,4.0,4.0,0.09636017998840729,1192027000.0,225088000.0,5.295826521182827,False,0.2584318603778293,0.8453174268516733,0.006148083368674396,,NYQ,USD,24.91,2734032128.0,20487977.0,32.0,98.9,63.4,10,0,84.3,51.4,803,2026-09-04
IVT,InvenTrust Properties Corp.,Real Estate,REIT - Retail,United States,2538198016.0,4,"2022,2023,2024,2025",0.0252922882881993,0.017723775360785284,0.044189307954087695,0.3731526599440824,4.0,4.0,0.08118952519201961,774281000.0,274437000.0,2.8213433319851187,False,0.1601238694436442,0.7043428654862472,0.010084566314797384,,NYQ,USD,32.55,2538198016.0,32193773.0,25.2,95.0,59.1,45,0,69.9,51.4,804,2026-09-04
MTZ,"MasTec, Inc.",Industrials,Engineering & Construction,United States,18653233152.0,4,"2022,2023,2024,2025",0.05272186692439952,0.08035246071793134,0.100856258291604,0.03733799192732049,4.0,4.0,0.13506233603777118,1934653000.0,1115465000.0,1.7343914869583537,False,0.03293299205880418,0.12368673743980574,0.006156668565290183,,NYQ,USD,232.28,18653233152.0,323636421.0,37.0,31.1,73.8,65,25,84.1,51.4,805,2026-09-04
AXON,"Axon Enterprise, Inc.",Industrials,Aerospace & Defense,United States,43717918720.0,4,"2022,2023,2024,2025",0.05652469952609777,,0.05652469952609777,0.10488926183989598,4.0,4.0,0.32787263939187605,609575000.0,196373000.0,3.1041691067509283,False,0.13560537127416117,0.6119215102902051,0.0002740508013314158,,NMS,USD,538.15,43717918720.0,527200800.0,35.0,60.0,94.0,10,0,100.0,51.4,806,2026-09-04
CAE.TO,CAE Inc.,Industrials,Aerospace & Defense,Canada,10859189248.0,4,"2023,2024,2025,2026",0.039779882346199204,0.012828350567821473,0.060832705598703844,0.050073487514705,3.0,4.0,0.0700611603145096,1919600000.0,1046800000.0,1.8337791364157432,False,0.012620009884427574,0.27472666239590415,0.005441421283276783,,TOR,CAD,33.74,7874455582.0,22089395.0,30.4,36.5,54.9,65,55,86.5,51.4,807,2026-09-04
TRMB,Trimble Inc.,Technology,Scientific & Technical Instruments,United States,14014107648.0,4,"2022,2023,2024,2025",0.1095177889048377,-0.023572388316753637,0.06722471053068452,0.11913619680265075,4.0,4.0,-0.008135718177214146,1138800000.0,783700000.0,1.4531070562715325,False,-0.03477218225419665,0.6320455037822719,0.04366602129145338,,NMS,USD,60.1,14014107648.0,200408438.0,58.0,64.7,22.3,65,80,18.3,51.3,808,2026-09-04
HOG,"Harley-Davidson, Inc.",Consumer Cyclical,Recreational Vehicles,United States,2879686144.0,4,"2022,2023,2024,2025",0.06290461101476591,-0.020033050903763318,0.05782081297578379,0.10569652987995065,4.0,4.0,-0.08056665484914971,-38048000.0,664546000.0,0.0,True,-0.18810721053089696,0.34838385706496167,0.029462429672754836,,NYQ,USD,27.67,2879686144.0,69795057.0,34.9,60.2,8.4,100,100,28.5,51.3,809,2026-09-04
ESAB,ESAB Corporation,Industrials,Metal Fabrication,United States,4641556480.0,4,"2022,2023,2024,2025",0.10645432470372808,-0.005754279401259346,0.095619786815141,0.08867214552028108,4.0,4.0,0.03103954899833794,1049089000.0,496275000.0,2.1139267543196816,False,0.010393999489709538,0.3637092397001377,0.013662353947091288,,NYQ,USD,74.7,4641556480.0,56932829.0,56.1,54.0,37.3,45,55,57.6,51.3,810,2026-09-04
SMCI,"Super Micro Computer, Inc.",Technology,Computer Hardware,United States,24879278080.0,4,"2023,2024,2025,2026",0.16709117280271185,-0.16246560144499475,0.12589674902291256,-0.048722808477220166,2.0,4.0,0.7634291720222148,1198813000.0,3074105000.0,0.38997139004685916,False,0.2459317491513311,0.13411092492577642,0.028945226962876183,,NMS,USD,37.87,24879278080.0,2154144971.0,77.4,0.0,98.1,85,0,29.0,51.2,811,2026-09-04
ABBV,AbbVie Inc.,Healthcare,Drug Manufacturers - General,United States,459821580288.0,4,"2022,2023,2024,2025",0.10854346781068384,-0.07664488035593767,0.09481060551801451,0.35792148262404844,4.0,4.0,0.017525049181538188,62267000000.0,17629000000.0,3.5320778263089228,False,-0.0028121484814398467,0.6816206646870047,0.03319035416000022,,NYQ,USD,260.21,459821580288.0,1682752309.0,57.3,94.4,31.9,10,80,24.8,51.2,812,2026-09-04
CNX,CNX Resources Corporation,Energy,Oil & Gas E&P,United States,5587831296.0,4,"2022,2023,2024,2025",0.09621615224074208,0.12460272341671931,0.1136541753010154,0.17521976449012,4.0,4.0,-0.18274218566482447,2420580000.0,1547647000.0,1.56403882797563,False,-0.15384685566466905,0.45601561715840666,0.16234885229707613,,NYQ,USD,37.77,5587831296.0,65051498.0,60.9,77.8,2.1,65,100,2.2,51.2,813,2026-09-04
GATX,GATX Corporation,Industrials,Rental & Leasing Services,United States,6259939328.0,4,"2022,2023,2024,2025",0.0373421526803064,0.0020839658069416386,0.03395909554840229,0.3850177571810981,4.0,4.0,0.10987369152401993,11790900000.0,1122900000.0,10.50040074806305,False,0.0,0.47056722900789016,0.016689538038921772,,NYQ,USD,177.31,6259939328.0,40943893.0,29.4,95.3,68.3,10,55,49.3,51.1,814,2026-09-04
SGI,Somnigroup International Inc.,Consumer Cyclical,"Furnishings, Fixtures & Appliances",United States,14624608256.0,4,"2022,2023,2024,2025",0.13641681390895882,-0.11673316355380968,0.07696843604449748,0.07324120678652546,4.0,4.0,0.1495885797348362,4550800000.0,998400000.0,4.558092948717949,False,0.1602884082085414,0.4141911883718496,0.008173828144079768,,NYQ,USD,69.52,14624608256.0,210501694.0,68.2,47.2,77.1,10,0,76.9,51.1,815,2026-09-04
ETSY,"Etsy, Inc.",Consumer Cyclical,Internet Retail,United States,7528856576.0,4,"2022,2023,2024,2025",0.035479120412324205,0.3884457703725553,0.09302903972787628,0.2420141202485999,4.0,4.0,0.03963658980651208,1586402000.0,367019000.0,4.322397478059719,False,-0.021017943513601423,0.7122257037923279,0.00942145872764202,,NYQ,USD,82.03,7528856576.0,239280033.0,28.4,87.6,41.7,10,80,71.8,51.1,816,2026-09-04
FSLR,"First Solar, Inc.",Technology,Solar,United States,22291384320.0,4,"2022,2023,2024,2025",0.10756427996216886,0.15383685629518706,0.15656925930335727,-0.02342970202550941,1.0,4.0,0.258374947984624,-2200028000.0,2154260000.0,0.0,True,0.009253784572645918,0.31663427070517347,0.1683875963652347,,NMS,USD,207.42,22291384320.0,450060538.0,66.8,0.0,89.6,100,55,2.2,51.0,817,2026-09-04
CPNG,"Coupang, Inc.",Consumer Cyclical,Internet Retail,United States,27879405568.0,4,"2022,2023,2024,2025",0.0625780125722332,0.10664174441653979,0.0865944471192425,0.026954796810474677,3.0,4.0,0.18826344475939671,-1683000000.0,1200000000.0,0.0,True,0.051230931917637834,0.2670269804408734,0.027170420659102707,,NYQ,USD,15.51,27879405568.0,326378279.0,44.3,26.7,83.1,100,25,30.9,51.0,818,2026-09-04
APTV,Aptiv PLC,Consumer Cyclical,Auto Parts,Switzerland,9661178880.0,4,"2022,2023,2024,2025",0.08317175689464039,-0.009277830281576395,0.06034132951426185,0.057566675621193594,4.0,4.0,0.052626267311163044,5700000000.0,2271000000.0,2.509907529722589,False,-0.1859650416697397,0.17538183746205194,0.016112371924977862,,NYQ,USD,46.53,9661178880.0,176786082.0,45.2,39.5,48.2,45,100,50.7,50.8,819,2026-09-04
GLBE,Global-E Online Ltd.,Consumer Cyclical,Internet Retail,Israel,6431471616.0,4,"2022,2023,2024,2025",-0.07893790974605455,0.27243500952583444,0.07453746392132812,0.22460633813912118,4.0,4.0,0.32993144153421206,-599334000.0,158649000.0,0.0,True,0.11602608853699126,0.42521763685767483,0.028166759498327296,,NMS,USD,38.29,6431471616.0,58927238.0,0.0,85.8,94.2,100,0,29.6,50.7,820,2026-09-04
LCII,LCI Industries,Consumer Cyclical,Recreational Vehicles,United States,2456434688.0,4,"2022,2023,2024,2025",0.09486640541346703,-0.07321805124869996,0.09306318079217074,0.09216689633344888,4.0,4.0,-0.07493959730200406,722570000.0,412010000.0,1.7537681124244557,False,-0.02582895665125029,0.23064225160437973,0.01514893384136861,,NYQ,USD,101.04,2456434688.0,44768803.0,50.1,55.4,9.2,65,80,53.3,50.7,821,2026-09-04
TMUS,"T-Mobile US, Inc.",Communication Services,Telecom Services,United States,201683714048.0,4,"2022,2023,2024,2025",0.07768615615361732,0.05772584727956192,0.09555864865793724,0.0973537800088374,3.0,4.0,0.03534093085617829,80684000000.0,31563000000.0,2.5562842568830595,False,-0.09901451187360633,0.6063230691729038,0.036134792199320975,,NMS,USD,188.02,201683714048.0,972376641.0,52.5,57.0,39.4,45,100,22.6,50.6,822,2026-09-04
CX,"CEMEX, S.A.B. de C.V.",Basic Materials,Building Materials,Mexico,15684892672.0,4,"2022,2023,2024,2025",0.06175481391053402,0.0044524985473814935,0.04729630020027406,0.04924079688311227,4.0,4.0,0.031330553133585015,3822000000.0,2573000000.0,1.485425573260785,False,-0.008406017150202727,0.327087997986417,0.013165171313199475,,NYQ,USD,10.87,15684892672.0,63877762.0,43.9,36.1,37.5,65,80,60.0,50.6,823,2026-09-04
HMC,"Honda Motor Co., Ltd.",Consumer Cyclical,Auto Manufacturers,Japan,42875088896.0,4,"2023,2024,2025,2026",0.041114909787209206,-0.06848582626062509,-0.0167197315670638,0.020150198069006874,3.0,4.0,0.08834835709975697,-448345000000.0,983525000000.0,0.0,True,-0.2145139183714383,0.1983431625443618,0.02051026529838047,,NYQ,USD,33.04,42875088896.0,46393413.0,21.0,24.2,61.3,100,100,41.1,50.5,824,2026-09-04
CLX,The Clorox Company,Consumer Defensive,Household & Personal Products,United States,11402585088.0,4,"2023,2024,2025,2026",0.16527912297846958,0.05493110443131376,0.13570376114773167,0.09033716977550786,4.0,4.0,-0.031139607337307473,4925000000.0,1168000000.0,4.216609589041096,False,-0.016500108712282913,0.4246930311079819,0.020963691210221153,,NYQ,USD,94.29,11402585088.0,250687597.0,86.8,54.7,15.6,10,80,40.2,50.5,825,2026-09-04
SAIA,"Saia, Inc.",Industrials,Trucking,United States,9200312320.0,4,"2022,2023,2024,2025",0.16396995096142272,-0.1299713333867636,0.09760201612800239,-0.012277694477562679,3.0,4.0,0.050230710323726724,143280000.0,602406000.0,0.23784623659126902,False,0.004198845317537669,0.19501476598481945,0.02073942963383374,,NMS,USD,345.81,9200312320.0,156842126.0,76.6,0.0,46.7,85,55,40.6,50.5,826,2026-09-04
AAON,"AAON, Inc.",Industrials,Building Products & Equipment,United States,6429734912.0,4,"2022,2023,2024,2025",0.16638052526171954,-0.06810583780152486,0.09413579533224685,-0.06616704596714436,1.0,4.0,0.17506887321797948,405842000.0,225835000.0,1.797073084331481,False,0.024153248072280142,0.3017503821060053,0.034570512156372385,,NMS,USD,77.98,6429734912.0,85027832.0,77.2,0.0,81.4,65,55,24.0,50.4,827,2026-09-04
CECO,CECO Environmental Corp.,Industrials,Pollution & Treatment Controls,United States,4354667008.0,4,"2022,2023,2024,2025",0.07783556355787793,0.05634577368616808,0.12551607801255174,0.03375351272256376,3.0,4.0,0.2236742369663567,179294000.0,128640000.0,1.3937655472636816,False,0.045673182058678874,0.3291265560030001,0.020864402580582055,,NMS,USD,74.35,4354667008.0,65197366.0,52.7,29.5,86.8,65,25,40.4,50.4,828,2026-09-04
BULL,Webull Corporation,Technology,Software - Application,United States,5396204032.0,4,"2022,2023,2024,2025",-0.00159707106825451,0.07429195275813581,0.03701284972036985,0.6216215815627884,3.0,4.0,0.1371292306857479,-747975843.0,53894895.0,0.0,True,1.8596328214082227,0.8117275813114773,0.027867462043839955,,NCM,USD,10.0,5396204032.0,127217870.0,0.0,98.9,74.4,100,0,29.9,50.4,829,2026-09-04
H,Hyatt Hotels Corporation,Consumer Cyclical,Lodging,United States,15585813504.0,4,"2022,2023,2024,2025",0.08670548156821829,-0.018187707914906433,0.041305832895428274,0.06565591863769664,4.0,4.0,0.06424960249632505,3491000000.0,757000000.0,4.611624834874505,False,-0.14195867026055708,0.20173030794292318,0.00979373974676567,,NYQ,USD,165.39,15585813504.0,137975119.0,46.6,43.7,52.6,10,100,70.8,50.4,830,2026-09-04
FTV,Fortive Corporation,Technology,Scientific & Technical Instruments,United States,17387122688.0,4,"2022,2023,2024,2025",0.05349734792300305,0.0012256865968864328,0.06621420585129512,0.29691812002538354,4.0,4.0,-0.10624788606146962,2830500000.0,1160300000.0,2.439455313281048,False,-0.07261640798226165,0.6217620928181337,0.025857705630229752,,NYQ,USD,57.57,17387122688.0,153943447.0,37.4,91.6,6.1,45,100,32.7,50.3,831,2026-09-04
UAL,"United Airlines Holdings, Inc.",Industrials,Airlines,United States,35267747840.0,4,"2022,2023,2024,2025",0.08925730276100918,0.05378210053635076,0.10582868420660542,0.033326273096393175,3.0,4.0,0.09529134601036815,19046000000.0,8412000000.0,2.26414645744175,False,-0.004847016055740672,0.2741087434057917,0.021727712999585792,,NMS,USD,108.66,35267747840.0,480206136.0,57.9,29.3,62.9,45,80,38.7,50.3,832,2026-09-04
AGCO,AGCO Corporation,Industrials,Farm & Heavy Construction Machinery,United States,8811392000.0,4,"2022,2023,2024,2025",0.10029507903091119,-0.07270667042263422,0.08530300999359576,0.04375063757012416,4.0,4.0,-0.07287981749893102,1579700000.0,1052600000.0,1.500760022800684,False,-0.005340453938584733,0.2506281531220266,0.009093923380406441,,NYQ,USD,125.82,8811392000.0,112635448.0,53.6,33.9,9.4,65,80,73.1,50.3,833,2026-09-04
GIS,"General Mills, Inc.",Consumer Defensive,Packaged Foods,United States,20989552640.0,4,"2023,2024,2025,2026",0.09889366981355283,-0.10052447821640738,0.027984731948111585,0.109308205307717,4.0,4.0,-0.028500795823470426,13084200000.0,1530300000.0,8.550088217996471,False,-0.10562208915502325,0.3391614939541087,0.009044431226153978,,NYQ,USD,39.26,20989552640.0,381955907.0,52.6,61.2,16.3,10,100,73.3,50.3,834,2026-09-04
VZ,Verizon Communications Inc.,Communication Services,Telecom Services,United States,210190090240.0,4,"2022,2023,2024,2025",0.08734697834048563,-0.014556793936910853,0.08688695023037965,0.11378855615388103,4.0,4.0,0.003292396665705022,139102000000.0,47715000000.0,2.9152677355129413,False,0.0064224548049476304,0.586511747907853,0.011373334512088643,,NYQ,USD,50.59,210190090240.0,1351483975.0,46.8,62.8,25.9,45,55,66.1,50.3,835,2026-09-04
DINO,HF Sinclair Corporation,Energy,Oil & Gas Refining & Marketing,United States,18871756800.0,4,"2022,2023,2024,2025",0.12233860083636794,-0.19074180056515322,0.06355878474023258,0.04922682080271139,4.0,4.0,-0.110709267543047,1791000000.0,1858000000.0,0.9639397201291712,False,-0.07948520482213206,0.06973316166141721,0.034526582905488774,,NYQ,USD,106.15,18871756800.0,280925232.0,63.4,36.1,5.8,85,100,24.2,50.3,836,2026-09-04
CNC,Centene Corporation,Healthcare,Healthcare Plans,United States,33601538048.0,4,"2022,2023,2024,2025",0.009290119001816616,-0.19900775238652088,-0.16073622637468543,0.025663128386315938,3.0,4.0,0.10452664402969458,-2158000000.0,-4775000000.0,0.0,True,-0.1527798776716377,0.10051485891327856,0.017503746817158543,,NYQ,USD,68.02,33601538048.0,333872633.0,12.0,26.3,65.9,100,100,47.4,50.3,837,2026-09-04
WMG,Warner Music Group Corp.,Communication Services,Entertainment,United States,15457893376.0,4,"2022,2023,2024,2025",0.13139295315276486,-0.06880186103629356,0.0982295498802873,0.06640830561082867,4.0,4.0,0.0425414288476198,3833000000.0,1028000000.0,3.7285992217898833,False,0.01764906924757037,0.4724413899967507,0.008342565732551203,,NMS,USD,29.55,15457893376.0,60314150.0,66.1,44.2,43.2,10,55,76.1,50.3,838,2026-09-04
GVA,Granite Construction Incorporated,Industrials,Engineering & Construction,United States,5308125184.0,4,"2022,2023,2024,2025",0.07599734801180548,0.02955289062080732,0.10182213164523383,0.036732515400138124,3.0,4.0,0.10253158431780451,809909000.0,498483000.0,1.6247474838660496,False,0.015403432328096933,0.13213505250151214,0.02068081184049931,,NYQ,USD,119.48,5308125184.0,102067224.0,51.5,30.6,65.4,65,55,40.8,50.2,839,2026-09-04
ELV,"Elevance Health, Inc.",Healthcare,Healthcare Plans,United States,89953042432.0,4,"2022,2023,2024,2025",0.09968545213623782,-0.018341776874336704,0.0901713201980824,0.03186160070496363,4.0,4.0,0.08338453671992796,22555000000.0,,,False,-0.0749588138385503,,,,NYQ,USD,414.78,89953042432.0,574455783.0,53.2,28.9,60.0,30,100,50.0,50.1,840,2026-09-04
KSS,Kohl's Corporation,Consumer Cyclical,Department Stores,United States,2193155840.0,4,"2023,2024,2025,2026",0.07708215959458031,0.058426718636032104,0.09216630196936544,0.019974608437657797,3.0,4.0,-0.04979132787839691,762000000.0,1324000000.0,0.5755287009063444,False,-0.050000000000000044,0.39408288456361323,0.01584874625845215,,NYQ,USD,19.34,2193155840.0,84969246.0,52.0,24.2,12.2,85,100,51.3,50.1,841,2026-09-04
WYNN,"Wynn Resorts, Limited",Consumer Cyclical,Resorts & Casinos,United States,9428288512.0,4,"2022,2023,2024,2025",0.07114019990403994,0.09173967144223479,0.08832341081769432,0.06430549019102683,3.0,4.0,0.23855981362120016,9083370000.0,1760329000.0,5.160041105952353,False,-0.08255370831609798,0.41134823978031815,0.028610515549615242,,NMS,USD,91.56,9428288512.0,140954056.0,49.3,42.9,88.1,10,100,29.3,50.0,842,2026-09-04
HIW,"Highwoods Properties, Inc.",Real Estate,REIT - Office,United States,3483150336.0,4,"2022,2023,2024,2025",0.038912773107209274,0.004450242507525383,0.0421428867713982,0.47677384515669674,4.0,4.0,-0.009260790763430893,3526820000.0,610037000.0,5.781321460829425,False,0.027917483986724445,0.677623292667815,0.00581521049367213,,NYQ,USD,31.01,3483150336.0,51727781.0,29.9,97.3,21.7,10,55,85.3,50.0,843,2026-09-04
ELS,"Equity LifeStyle Properties, Inc.",Real Estate,REIT - Residential,United States,12553988096.0,4,"2022,2023,2024,2025",0.07645836833164879,0.014529829217819035,0.08242333623742784,0.20188341106912064,4.0,4.0,0.017929595870421977,3295481000.0,743536000.0,4.43217409782445,False,0.024885406263603915,0.4863569494875144,0.01346080741386136,,NYQ,USD,62.61,12553988096.0,94899793.0,51.7,81.8,32.0,10,55,58.9,49.9,844,2026-09-04
CCK,"Crown Holdings, Inc.",Consumer Cyclical,Packaging & Containers,United States,12571627520.0,4,"2022,2023,2024,2025",0.10975565700052783,0.014855301773266869,0.13175990181858752,0.052341786026921334,3.0,4.0,-0.015113034430802474,5200000000.0,2014000000.0,2.5819265143992056,False,-0.0464389661124478,0.20457877190839854,0.016443838188262682,,NYQ,USD,115.59,12571627520.0,119717025.0,68.2,37.5,19.9,45,80,49.9,49.8,845,2026-09-04
DOCN,"DigitalOcean Holdings, Inc.",Technology,Software - Infrastructure,United States,12863203328.0,4,"2022,2023,2024,2025",0.05656197301914474,0.1480975748633595,0.1400359095615719,0.11444665266276728,4.0,4.0,0.1607939109135823,1041287000.0,362051000.0,2.876078232072277,False,0.04500724163244252,0.6003628179148311,0.020888863149041797,,NYQ,USD,109.4,12863203328.0,353495687.0,40.1,63.1,79.3,45,25,40.3,49.8,846,2026-09-04
RCI,Rogers Communications Inc.,Communication Services,Telecom Services,Canada,20528560128.0,4,"2022,2023,2024,2025",0.07755073801802934,0.08881310327490079,0.14932182900576443,0.07894378233991582,4.0,4.0,0.12140884173136346,39714000000.0,14585000000.0,2.722934521768941,False,0.06937654210047728,0.44467584596659243,0.01878830661656877,,NYQ,USD,38.0,20528560128.0,46511088.0,52.4,50.1,70.9,45,25,45.0,49.8,847,2026-09-04
WELL,Welltower Inc.,Real Estate,REIT - Healthcare Facilities,United States,173744324608.0,4,"2022,2023,2024,2025",0.017018515733427178,-0.01653599177836564,0.002783880619892119,0.2527717303055981,4.0,4.0,0.22688873316084646,14163624000.0,2310458000.0,6.1302235314383555,False,0.46083911273158806,0.3878061973711396,0.003429491449946561,,NYQ,USD,241.12,173744324608.0,768184449.0,13.6,88.6,87.3,10,0,93.5,49.7,848,2026-09-04
HXL,Hexcel Corporation,Industrials,Aerospace & Defense,United States,6989876224.0,4,"2022,2023,2024,2025",0.06278866348605279,-0.0020753482881938623,0.06240497858672377,0.08355261086521204,4.0,4.0,0.06278203885576183,919900000.0,295000000.0,3.1183050847457627,False,-0.05882352941176472,0.23623528181517084,0.008518927680483466,,NYQ,USD,92.43,6989876224.0,89256786.0,34.5,52.2,52.1,10,100,75.2,49.7,849,2026-09-04
BNL,"Broadstone Net Lease, Inc.",Real Estate,REIT - Diversified,United States,4443152384.0,4,"2022,2023,2024,2025",0.043623050545117927,-0.004891342160755853,0.03563964177990664,0.5633934918893232,4.0,4.0,0.03676929138951257,2477142000.0,359123000.0,6.897753694416676,False,0.09640346058013005,0.9469294039274458,0.002673149991389675,,NYQ,USD,20.87,4443152384.0,43482603.0,21.9,98.3,40.3,10,25,95.9,49.6,850,2026-09-04
WPP,WPP plc,Communication Services,Advertising Agencies,United Kingdom,5586757120.0,4,"2022,2023,2024,2025",0.08835600438074445,-0.0664199880414404,0.05103932584269663,0.05526168162774339,4.0,4.0,-0.02073322324110405,2242000000.0,930000000.0,2.410752688172043,False,-0.017377284127552795,0.16757479057790048,0.006347596479238417,,NYQ,USD,25.9,5586757120.0,13124566.0,47.7,38.5,18.1,45,80,83.3,49.6,851,2026-09-04
NE,Noble Corporation plc,Energy,Oil & Gas Drilling,United States,7437731328.0,4,"2022,2023,2024,2025",0.07588071661728543,0.0047286152787107336,0.0529977005631421,0.07420658802900348,4.0,4.0,0.3245530238917691,1504392000.0,1012609000.0,1.485659321613772,False,0.6412962185089184,0.24354024516994421,0.03778714436286311,,NYQ,USD,46.59,7437731328.0,69875868.0,51.3,48.1,93.9,65,0,21.4,49.5,852,2026-09-04
ROG,Rogers Corporation,Technology,Electronic Components,United States,2256592128.0,4,"2022,2023,2024,2025",0.033124075701028356,-0.11878271302798993,-0.02900476708204399,0.06705047120337776,4.0,4.0,-0.05839586844447531,-175200000.0,10400000.0,0.0,True,-0.03972985806996254,0.32978132561973944,0.00799930361529519,,NYQ,USD,126.29,2256592128.0,33844078.0,17.0,44.6,11.0,100,80,77.5,49.5,853,2026-09-04
REXR,"Rexford Industrial Realty, Inc.",Real Estate,REIT - Industrial,United States,8461761024.0,4,"2022,2023,2024,2025",0.023732857632566294,0.0008126864899458269,0.022193533571069353,0.20690254219455514,4.0,4.0,0.16697868875334865,3086131000.0,640585000.0,4.817676030503368,False,0.3601223549228556,0.7696955097781921,0.005269561553204227,,NYQ,USD,37.01,8461761024.0,99205564.0,24.9,83.2,80.1,10,0,87.2,49.5,854,2026-09-04
WCC,"WESCO International, Inc.",Industrials,Industrial Distribution,United States,16489736192.0,4,"2022,2023,2024,2025",0.09958655449812731,-0.023669613852580415,0.08630283917506705,0.015245993915043334,3.0,4.0,0.031531718862108926,5176600000.0,1470400000.0,3.520538628944505,False,-0.055253363870598315,0.21536434035336713,0.0023234700572642734,,NYQ,USD,338.37,16489736192.0,214359764.0,53.1,22.8,37.6,10,100,97.1,49.5,855,2026-09-04
PENG,"Penguin Solutions, Inc.",Technology,Information Technology Services,United States,2491932672.0,4,"2022,2023,2024,2025",0.025647717013416768,-0.00336880338151771,0.05186727003424898,0.057026904383572045,4.0,4.0,-0.006509426291418818,8084000.0,112422000.0,0.07190763373716888,False,-0.0013775875686498074,0.28682863460342184,0.00405073909943107,,NMS,USD,48.63,2491932672.0,155411414.0,15.3,39.1,22.9,85,80,91.4,49.5,856,2026-09-04
TXG.TO,Torex Gold Resources Inc.,Basic Materials,Gold,Canada,6545511936.0,4,"2022,2023,2024,2025",0.15645059357945637,0.02030447811803726,0.16670085111237878,-0.012405662543832758,2.0,4.0,0.14554839068192793,13700000.0,683900000.0,0.020032168445679194,False,0.035483229737409694,0.3943836195496757,0.06494566463339091,,TOR,CAD,70.69,4746426443.0,29995014.0,83.9,0.0,76.3,85,25,11.6,49.4,857,2026-09-04
JCI,Johnson Controls International plc,Industrials,Building Products & Equipment,Ireland,86154600448.0,4,"2022,2023,2024,2025",0.05958104301177122,0.04298976862386977,0.08473188056298504,0.06577450229878762,4.0,4.0,0.04567632285300438,9501000000.0,3061000000.0,3.103887618425351,False,-0.06503716409376792,0.3522662197744382,0.007492109988491914,,NYQ,USD,142.23,86154600448.0,559327724.0,42.1,43.8,44.9,10,100,79.4,49.4,858,2026-09-04
COO,"The Cooper Companies, Inc.",Healthcare,Medical Instruments & Supplies,United States,13776963584.0,4,"2022,2023,2024,2025",0.04129930264515211,-0.0025158232226693694,0.04107571427241498,0.09397738009814215,4.0,4.0,0.07346203139761864,2392200000.0,1043900000.0,2.2915988121467574,False,0.006036217303822866,0.6561662066224244,0.006957033204463293,,NMS,USD,70.64,13776963584.0,175584903.0,21.2,56.0,56.1,45,55,81.5,49.4,859,2026-09-04
AVPT,"AvePoint, Inc.",Technology,Software - Infrastructure,United States,2870942720.0,4,"2022,2023,2024,2025",-0.023148200110102865,0.17570441777221832,0.05983163741724967,0.13363013365415397,3.0,4.0,0.21768675225901646,-471111000.0,39240000.0,0.0,True,0.26014937595146104,0.7301767456625172,0.015662122440792143,,NMS,USD,13.57,2870942720.0,30503908.0,0.0,68.3,86.0,100,0,51.7,49.3,860,2026-09-04
ESTC,Elastic N.V.,Technology,Software - Application,Netherlands,10092811264.0,4,"2023,2024,2025,2026",-0.05275380630958073,0.16413496781974454,0.007418337713374779,0.12675990536853088,4.0,4.0,0.17616883323201216,-778699000.0,34675000.0,0.0,True,0.12003491826436075,0.7416584288716042,0.01357713917153951,,NYQ,USD,96.13,10092811264.0,215717546.0,0.0,66.5,81.7,100,0,58.3,49.3,861,2026-09-04
DIS,The Walt Disney Company,Communication Services,Entertainment,United States,185031770112.0,4,"2022,2023,2024,2025",0.04674456349358027,0.03982070211266335,0.07185127884393824,0.0670967867731788,4.0,4.0,0.045093923223104904,36331000000.0,19141000000.0,1.8980722010344286,False,-0.008757525998905336,0.3528950024747729,0.016580313816893538,,NYQ,USD,107.16,185031770112.0,1123283054.0,33.8,44.8,44.7,65,80,49.9,49.3,862,2026-09-04
TKO,"TKO Group Holdings, Inc.",Communication Services,Entertainment,United States,35851468800.0,4,"2022,2023,2024,2025",0.07540245042353581,-0.06273419990310013,0.09475392629246863,0.20575488965376687,4.0,4.0,0.6074013472470561,2931024000.0,1320595000.0,2.2194722833268337,False,1.3329168552834534,0.5715894090718321,0.09566672994364118,,NYQ,USD,189.42,35851468800.0,243497516.0,41.1,82.9,97.7,45,0,6.9,49.3,863,2026-09-04
LXP,LXP Industrial Trust,Real Estate,REIT - Industrial,United States,3579885056.0,4,"2022,2023,2024,2025",0.03620505181966475,0.017680643629320703,0.05779038859343446,0.5182663151784063,4.0,4.0,0.02921197131408193,1080893000.0,390210000.0,2.770028958765793,False,0.03665608154224609,0.27613276322495095,0.015874071601540567,,NYQ,USD,60.72,3579885056.0,42670251.0,28.8,97.7,36.8,45,25,51.2,49.2,864,2026-09-04
GLW,Corning Incorporated,Technology,Electronic Components,United States,125762699264.0,4,"2022,2023,2024,2025",0.06985970022264935,0.014991310960787624,0.100155133837261,0.07119160266558158,4.0,4.0,0.03274507876886834,6908000000.0,3735000000.0,1.8495314591700134,False,0.016336056009334854,0.3288669348650921,0.01843121205379588,,NYQ,USD,146.0,125762699264.0,1980050102.0,48.5,46.3,38.2,65,55,45.5,49.2,865,2026-09-04
ERIC,Telefonaktiebolaget LM Ericsson (publ),Technology,Communication Equipment,Sweden,33110239232.0,4,"2022,2023,2024,2025",0.06649155603013464,0.09388953332834564,0.2162036667697802,0.09814325234938913,4.0,4.0,-0.044772840786438506,-17229000000.0,49930000000.0,0.0,True,0.003603603603603567,0.43006528854857945,0.03301901230210933,,NMS,USD,10.13,33110239232.0,121145085.0,46.3,57.4,12.8,100,55,25.0,49.2,866,2026-09-04
RTO,Rentokil Initial plc,Industrials,Specialty Business Services,United Kingdom,12088016896.0,4,"2022,2023,2024,2025",0.04666922064152175,0.010598392682871716,0.043017047817047814,0.10105109789922793,4.0,4.0,0.1540318969585175,3248000000.0,1203000000.0,2.6999168744804654,False,0.2586891757696128,0.8267095750490187,0.009617122225588576,,NYQ,USD,24.02,12088016896.0,29319725.0,33.6,58.4,77.9,45,0,71.2,49.2,867,2026-09-04
LIVN,LivaNova PLC,Healthcare,Medical Devices,United Kingdom,4460602880.0,4,"2022,2023,2024,2025",-0.012973302827921251,-0.07378412962485588,-0.08593001971275697,0.07759648966045579,4.0,4.0,0.10750579805606297,-201780000.0,-111863000.0,0.0,True,0.019588785046728896,0.6763449641640287,0.01339129430566349,,NMS,USD,81.2,4460602880.0,56954005.0,0.0,49.2,67.1,100,55,59.0,49.2,868,2026-09-04
CXW,"CoreCivic, Inc.",Industrials,Security & Protection Services,United States,3328754688.0,4,"2022,2023,2024,2025",0.056346604122608834,-0.007122547909942864,0.06191161837434839,0.062419856228243975,4.0,4.0,0.062144393793055475,1122809000.0,348310000.0,3.223591053946197,False,-0.09513174024752724,0.2340175477757733,0.0034747464481458415,,NYQ,USD,33.66,3328754688.0,49180626.0,29.8,42.2,51.9,10,100,93.1,49.2,869,2026-09-04
GNRC,Generac Holdings Inc.,Industrials,Specialty Industrial Machinery,United States,10799344640.0,4,"2022,2023,2024,2025",0.08961056669086621,-0.06733942932553927,0.05646375148951897,0.07399303244104807,3.0,4.0,-0.026671490695003963,900738000.0,464592000.0,1.938772083892964,False,-0.08357239629341728,0.36087605144049706,0.024596853142251872,,NYQ,USD,183.02,10799344640.0,194249741.0,48.1,47.7,16.9,65,100,34.6,49.1,870,2026-09-04
SXI,Standex International Corporation,Industrials,Specialty Industrial Machinery,United States,3349456384.0,4,"2022,2023,2024,2025",0.11088615509562477,-0.03620069146102804,0.06154162097213081,0.07889911468661898,4.0,4.0,0.02423458502431375,447973000.0,128179000.0,3.4949016609585035,False,-0.00882619813577501,0.3855352902170615,0.011779291126031422,,NYQ,USD,276.37,3349456384.0,46992573.0,58.7,50.0,34.7,10,80,64.5,49.1,871,2026-09-04
SIRI,Sirius XM Holdings Inc.,Communication Services,Entertainment,United States,10034481152.0,4,"2022,2023,2024,2025",0.07903436791070698,-0.19088353402908978,0.0542775870985942,0.14158399722726175,4.0,4.0,-0.01675515684465445,9612000000.0,2104000000.0,4.568441064638783,False,-0.10526315789473684,0.48632799925275694,0.011476416603319392,,NMS,USD,29.77,10034481152.0,142162884.0,43.2,70.1,19.7,10,100,65.7,49.1,872,2026-09-04
GPC,Genuine Parts Company,Consumer Cyclical,Auto Parts,United States,18972260352.0,4,"2022,2023,2024,2025",0.11756316607614962,-0.15545180455845875,0.01848218119131656,0.03435785265604492,4.0,4.0,0.03220324726356383,4318572000.0,753697000.0,5.729851651260387,False,-0.02158485687384948,0.3600466358627532,0.006450395121583423,,NYQ,USD,137.62,18972260352.0,228084645.0,61.4,29.9,37.9,10,80,83.0,49.0,873,2026-09-04
ADM,Archer-Daniels-Midland Company,Consumer Defensive,Farm Products,United States,40667750400.0,4,"2022,2023,2024,2025",0.0966359670044709,-0.08903102972653909,0.05125662267604277,0.029888492093922248,4.0,4.0,-0.07541376844907977,7395000000.0,3048000000.0,2.4261811023622046,False,-0.1403197158081705,0.0711944756055167,0.006591008306290593,,NYQ,USD,84.38,40667750400.0,310195225.0,51.5,28.1,9.0,45,100,82.7,49.0,874,2026-09-04
LGND,Ligand Pharmaceuticals Incorporated,Healthcare,Biotechnology,United States,5776142848.0,4,"2022,2023,2024,2025",0.05369626752589307,0.04331415657243125,0.08761968328636521,0.2959087147668664,3.0,4.0,0.10958110219724282,271265000.0,197450000.0,1.3738414788554065,False,0.2031064737965378,0.8825575695327755,0.08808464892694073,,NGM,USD,289.74,5776142848.0,104255406.0,37.6,91.6,68.0,65,0,7.9,48.8,875,2026-09-04
SES.TO,SECURE Waste Infrastructure Corp.,Industrials,Waste Management,Canada,5368021504.0,4,"2022,2023,2024,2025",0.19539852796029533,-0.010524232044097803,0.10175651120533011,0.08874073429030081,4.0,4.0,-0.43127399391458965,837000000.0,412000000.0,2.0315533980582523,False,-0.27720629486301906,0.17667369206949202,0.11488161147483249,,TOR,CAD,24.62,3892578528.0,13266421.0,81.7,54.1,0.5,45,100,4.9,48.8,876,2026-09-04
ZETA,Zeta Global Holdings Corp.,Technology,Software - Infrastructure,United States,8145738752.0,4,"2022,2023,2024,2025",-0.33890800313740577,0.840940618054008,-0.03109364342818807,0.08982745375969609,4.0,4.0,0.3021081679345077,-122681000.0,39323000.0,0.0,True,0.7614869605062091,0.6169540212203468,0.013187522838505703,,NYQ,USD,32.68,8145738752.0,287460437.0,0.0,54.6,93.0,100,0,59.8,48.8,877,2026-09-04
CHEF,"The Chefs' Warehouse, Inc.",Consumer Defensive,Food Distribution,United States,4659320832.0,4,"2022,2023,2024,2025",0.06344379643001177,0.02176509698887045,0.07497499258965776,0.010246366683397706,3.0,4.0,0.16662507548558292,627548000.0,223236000.0,2.8111415721478616,False,0.18736581859510348,0.2392052838455833,0.00228529201406715,,NMS,USD,114.21,4659320832.0,73254066.0,45.1,21.0,80.1,45,0,97.3,48.8,878,2026-09-04
KDP,Keurig Dr Pepper Inc.,Consumer Defensive,Beverages - Non-Alcoholic,United States,44743958528.0,4,"2022,2023,2024,2025",0.05863133004587552,0.009615635023324652,0.06391213301485944,0.10643932924544694,4.0,4.0,0.05705594810720571,15115000000.0,4194000000.0,3.6039580352885072,False,-0.04599229961498075,0.5409974696564946,0.012607161375270438,,NMS,USD,32.88,44743958528.0,450656272.0,41.4,60.3,50.0,10,80,61.8,48.7,879,2026-09-04
SKYW,"SkyWest, Inc.",Industrials,Airlines,United States,3736837888.0,4,"2022,2023,2024,2025",0.059441255000259874,0.0684899599419262,0.09870887884578372,0.06243388272944911,3.0,4.0,0.10535048945299885,2269411000.0,1034533000.0,2.1936574280375782,False,-0.1824697891161835,0.19013015264975375,0.04089132386231807,,NMS,USD,96.24,3736837888.0,39115882.0,42.0,42.3,66.4,45,100,20.0,48.7,880,2026-09-04
STNE,StoneCo Ltd.,Technology,Software - Infrastructure,Cayman Islands,2379746816.0,4,"2022,2023,2024,2025",0.09599360549154659,0.12124500315415028,0.14101076324338954,-0.07798565645849083,2.0,4.0,0.14118205094594227,12590982000.0,5715536000.0,2.2029398467615287,False,-0.2038612949974541,0.743163470338939,0.02340609510346748,,NMS,USD,10.32,2379746816.0,49203696.0,60.8,0.0,75.3,45,100,36.0,48.7,881,2026-09-04
CHTR,"Charter Communications, Inc.",Communication Services,Telecom Services,United States,20402616320.0,4,"2022,2023,2024,2025",0.08686189142149467,-0.0028916293891976946,0.08537662911420367,0.07538040044860644,4.0,4.0,0.0046187194908937634,96644000000.0,21211000000.0,4.55631511951346,False,-0.16231427548418997,0.5543265635867534,0.007817240490652671,,NMS,USD,151.38,20402616320.0,488624515.0,46.7,48.6,26.8,10,100,78.0,48.6,882,2026-09-04
HAYW,"Hayward Holdings, Inc.",Industrials,Electrical Equipment & Parts,United States,2906038272.0,4,"2022,2023,2024,2025",0.07589259942754148,-0.014454650939378533,0.07866025156638753,0.14994811014292464,4.0,4.0,-0.05128118835456463,627160000.0,301612000.0,2.0793602376563265,False,-0.032650652397315794,0.4575388835371827,0.01706064117101703,,NYQ,USD,13.7,2906038272.0,35845639.0,41.4,72.5,12.0,45,80,48.2,48.6,883,2026-09-04
EPD,Enterprise Products Partners L.P.,Energy,Oil & Gas Midstream,United States,84586717184.0,4,"2022,2023,2024,2025",0.12019963148420339,-0.011058357769212934,0.11339979432204182,0.07771311783444104,4.0,4.0,-0.033107767485784145,33803000000.0,9630000000.0,3.510176531671859,False,-0.005002273760800313,0.12831625516868794,0.00839993793285974,,NYQ,USD,39.17,84586717184.0,115782329.0,62.3,49.3,15.1,10,80,75.7,48.6,884,2026-09-04
OKTA,"Okta, Inc.",Technology,Software - Infrastructure,United States,29792983040.0,4,"2023,2024,2025,2026",-0.020413081629336187,0.11394453552394593,0.03245870186419921,0.2062232651737212,4.0,4.0,0.16250847699726267,-2131000000.0,355000000.0,0.0,True,0.13458167481948835,0.7465419411928454,0.02574447746288195,,NMS,USD,170.42,29792983040.0,576140939.0,0.0,83.0,79.7,100,0,33.0,48.5,885,2026-09-04
KBH,KB Home,Consumer Cyclical,Residential Construction,United States,3207111936.0,4,"2022,2023,2024,2025",0.10682672942233584,-0.07351016296774515,0.072677339964443,0.06902716526865488,4.0,4.0,-0.03333029986148117,1462534000.0,562555000.0,2.5998062411675305,False,-0.22489591261136233,0.21469248922678655,0.01991256508169125,,NYQ,USD,52.31,3207111936.0,60191757.0,56.3,45.4,15.0,45,100,42.4,48.5,886,2026-09-04
VAL,Valaris Limited,Energy,Oil & Gas Drilling,United States,6231169024.0,4,"2022,2023,2024,2025",0.09748489123655514,-0.01817272191378491,0.10097894538960427,-0.061694361566040024,1.0,4.0,0.13917122809673477,486600000.0,797400000.0,0.6102332580887886,False,-0.06216931216931221,0.15285929682965033,0.075672507052878,,NYQ,USD,89.74,6231169024.0,88628750.0,52.1,0.0,74.8,85,100,9.5,48.4,887,2026-09-04
MDB,"MongoDB, Inc.",Technology,Software - Infrastructure,United States,30922055680.0,4,"2023,2024,2025,2026",-0.061308710596284274,0.12528278048180924,-0.01068224111032605,0.07899219280350701,3.0,4.0,0.2426308261987642,-2354382000.0,-15151000.0,0.0,True,0.18386378604023323,0.7316110926443917,0.010918966375085408,,NGM,USD,384.45,30922055680.0,625604336.0,0.0,50.2,88.4,100,0,67.2,48.4,888,2026-09-04
GFS,GLOBALFOUNDRIES Inc.,Technology,Semiconductors,United States,24433649664.0,4,"2022,2023,2024,2025",0.06839651421815998,-0.05175506854748205,0.07163965134949155,0.0752180323676907,3.0,4.0,-0.057372736151414694,-1396000000.0,2275000000.0,0.0,True,0.010869565217391353,0.2634561455116521,0.017039436204719743,,NMS,USD,44.53,24433649664.0,168937513.0,37.2,48.5,11.2,100,55,48.3,48.4,889,2026-09-04
MLM,"Martin Marietta Materials, Inc.",Basic Materials,Building Materials,United States,36144607232.0,4,"2022,2023,2024,2025",0.09485988920097158,-0.004346274158484778,0.0766166069684142,0.12459418840851597,4.0,4.0,-0.0005954960264881182,5256000000.0,2093000000.0,2.51122790253225,False,-0.030399999999999983,0.28132673083592286,0.029778513262883728,,NYQ,USD,508.94,36144607232.0,314009364.0,50.0,65.7,24.9,45,80,27.8,48.3,890,2026-09-04
AXTA,Axalta Coating Systems Ltd.,Basic Materials,Specialty Chemicals,United States,7698299904.0,4,"2022,2023,2024,2025",0.08349674490252165,0.032990638534243416,0.0904941388638413,0.07118597895271807,4.0,4.0,0.015655880197724903,2542000000.0,1017000000.0,2.4995083579154374,False,-0.023841655420602792,0.3218952130257409,0.022093531205659496,,NYQ,USD,35.97,7698299904.0,65346843.0,55.3,46.2,31.2,45,80,38.1,48.2,891,2026-09-04
NTCT,"NetScout Systems, Inc.",Technology,Software - Infrastructure,United States,2726524160.0,4,"2023,2024,2025,2026",-0.03612391056529383,0.026544768456419725,0.05874857693753562,0.2028551102097889,4.0,4.0,-0.020480822872767757,-628365000.0,176746000.0,0.0,True,0.004230211099854886,0.7767305119549739,0.013890259330997244,,NMS,USD,37.5,2726524160.0,23652825.0,0.0,82.1,18.3,100,55,57.1,48.2,892,2026-09-04
BHE,"Benchmark Electronics, Inc.",Technology,Electronic Components,United States,2557858304.0,4,"2022,2023,2024,2025",0.05871626080608575,-0.008957114342753585,0.04925039244371285,0.011791364746179802,3.0,4.0,-0.02696167173468922,-12799000.0,129322000.0,0.0,True,0.016294305392239306,0.09678350123688903,0.005434240238310455,,NYQ,USD,71.21,2557858304.0,32388658.0,31.6,21.4,16.8,100,55,86.6,48.2,893,2026-09-04
SHO,"Sunstone Hotel Investors, Inc.",Real Estate,REIT - Hotel & Motel,United States,2047242752.0,4,"2022,2023,2024,2025",0.04889619473226321,-0.018878863943224466,0.02788554226196191,0.20195548538406488,4.0,4.0,0.01726956520476297,808897000.0,208460000.0,3.8803463494195527,False,-0.08622967933675985,0.47505614030209675,0.012517382551781506,,NYQ,USD,11.01,2047242752.0,29655908.0,24.8,81.9,31.8,10,100,62.0,48.2,894,2026-09-04
CRDO,Credo Technology Group Holding Ltd,Technology,Semiconductors,Cayman Islands,30856067072.0,4,"2023,2024,2025,2026",0.04025234480730243,0.2635146374449255,0.2134872979998178,0.05207629920846647,3.0,4.0,0.935297967143879,-1417838000.0,480042000.0,0.0,True,0.27922797240816877,0.6308794358643819,0.03817066380653111,,NMS,USD,164.17,30856067072.0,1237187583.0,30.6,37.2,98.4,100,0,21.3,48.1,895,2026-09-04
GGB,Gerdau S.A.,Basic Materials,Steel,Brazil,9712525312.0,4,"2022,2023,2024,2025",0.1139164483282074,-0.16948333834944046,0.037803534683210585,0.0656110317210683,4.0,4.0,-0.0535973125019793,8252981000.0,7565180000.0,1.0909166734962024,False,-0.060266928878814574,0.1608310513066711,0.0424355654601871,,NYQ,USD,4.95,9712525312.0,72570727.0,60.2,43.6,11.7,65,100,18.9,48.1,896,2026-09-04
AMKR,"Amkor Technology, Inc.",Technology,Semiconductor Equipment & Materials,United States,11662359552.0,4,"2022,2023,2024,2025",0.09951184845350548,-0.09281527237261561,0.07436563916413358,0.04749927407822169,4.0,4.0,-0.018366200177342695,66899000.0,1162071000.0,0.0575687716155037,False,0.009134664202595344,0.1550533159681836,0.01896638193976063,,NMS,USD,46.94,11662359552.0,263911325.0,53.0,35.3,19.0,85,55,44.6,48.1,897,2026-09-04
SUZ,Suzano S.A.,Basic Materials,Paper & Paper Products,Brazil,11268780032.0,4,"2022,2023,2024,2025",0.11898357974325002,-0.12217518962641824,0.12613886894491555,0.0818980364782742,3.0,4.0,0.001901043550497361,79621504000.0,37855358000.0,2.1033087046753063,False,-0.06826110941589036,0.40421049209969795,0.06623751804661836,,NYQ,USD,9.15,11268780032.0,29594861.0,61.9,51.4,25.4,45,100,11.1,48.0,898,2026-09-04
AIR,AAR Corp.,Industrials,Aerospace & Defense,United States,5058926080.0,4,"2023,2024,2025,2026",0.06102441679103514,0.021187293616321615,0.09340339531123687,0.002840997379888833,2.0,4.0,0.1844982942632274,809900000.0,390100000.0,2.076134324532171,False,0.09401709401709413,0.18862130006221067,0.0018309459124190893,,NYQ,USD,125.66,5058926080.0,56650418.0,43.3,3.8,82.6,45,25,98.2,48.0,899,2026-09-04
SBS,Companhia de Saneamento Básico do Estado de São Paulo - SABESP,Utilities,Utilities - Regulated Water,Brazil,18040700928.0,4,"2022,2023,2024,2025",0.12223798099310319,0.045217046581234766,0.13267007942530912,0.01150016707066339,2.0,4.0,0.19978759875104757,35202626000.0,17367604000.0,2.0269132115172592,False,-0.02776782409005829,0.4081120499911257,0.07705026511188533,,NYQ,USD,5.13,18040700928.0,42120799.0,73.3,4.3,84.6,45,80,9.0,48.0,900,2026-09-04
NOV,NOV Inc.,Energy,Oil & Gas Equipment & Services,United States,7660714496.0,4,"2022,2023,2024,2025",0.05819827854236664,0.01566427968839991,0.045801402454295016,0.03425205288896033,2.0,4.0,0.0650839954268001,166000000.0,818000000.0,0.20293398533007334,False,-0.048223350253807085,0.20664504539335252,0.015532753362746494,,NYQ,USD,21.49,7660714496.0,80886383.0,41.1,5.9,52.8,85,80,52.0,47.9,901,2026-09-04
HSIC,"Henry Schein, Inc.",Healthcare,Medical Distribution,United States,10126032896.0,4,"2022,2023,2024,2025",0.09275467624688039,-0.043821175306912846,0.08204171914357683,0.03863042400870738,4.0,4.0,0.013957826846691779,2951000000.0,964000000.0,3.0612033195020745,False,-0.11642202458889717,0.3110008425941697,0.00508779242264,,NMS,USD,90.86,10126032896.0,115128252.0,49.3,31.6,30.4,10,100,87.9,47.9,902,2026-09-04
CCC,CCC Intelligent Solutions Holdings Inc.,Technology,Software - Application,United States,4252541440.0,4,"2022,2023,2024,2025",0.017282633334718932,-0.0005406619926752489,0.023656685482177257,0.22610698696565684,4.0,4.0,0.1054522071231363,1191979000.0,242816000.0,4.908980462572483,False,0.026046508353202436,0.7378188810719768,0.010726447511344625,,NMS,USD,7.22,4252541440.0,71512642.0,13.6,85.9,66.4,10,55,68.0,47.8,903,2026-09-04
REYN,Reynolds Consumer Products Inc.,Consumer Cyclical,Packaging & Containers,United States,4601567232.0,4,"2022,2023,2024,2025",0.10095042554511424,0.018703212811503153,0.09890998825984869,0.0880996925853625,4.0,4.0,-0.008454829976262679,1433000000.0,630000000.0,2.2746031746031745,False,0.0023820867079562547,0.2411036602197861,0.02291007363573657,,NMS,USD,21.83,4601567232.0,27330898.0,64.0,53.7,22.1,45,55,36.8,47.8,904,2026-09-04
TOU.TO,Tourmaline Oil Corp.,Energy,Oil & Gas E&P,Canada,24594601984.0,4,"2022,2023,2024,2025",0.13231307029615175,-0.2969349598368989,0.018303764094354438,0.20797202683329175,4.0,4.0,-0.10109245922707522,1852914000.0,3414576000.0,0.5426483405260273,False,0.12088104221425922,0.6151959135763263,0.1168551383455912,,TOR,CAD,63.29,17834581980.0,118960086.0,66.5,83.5,6.6,85,0,4.6,47.8,905,2026-09-04
HLIO,"Helios Technologies, Inc.",Industrials,Specialty Industrial Machinery,United States,2376066048.0,4,"2022,2023,2024,2025",0.05870792715990044,-0.039927330219512974,0.050351560372709075,0.09240706888085563,4.0,4.0,-0.01778292191446118,294100000.0,147300000.0,1.9966055668703326,False,0.021472392638036908,0.3216579945216161,0.009844144618195565,,NYQ,USD,72.11,2376066048.0,24461298.0,31.5,55.5,19.2,65,55,70.6,47.7,906,2026-09-04
SSRM,SSR Mining Inc.,Basic Materials,Gold,United States,7930033152.0,4,"2022,2023,2024,2025",0.011483389586445564,0.03891470794926717,0.09865571346312153,0.05094076060432412,3.0,4.0,0.12385988081127985,-197792000.0,573901000.0,0.0,True,-0.02451894768542029,0.3699068091077017,0.09419918967012335,,NMS,USD,38.89,7930033152.0,125084824.0,22.2,36.9,71.2,100,80,7.1,47.7,907,2026-09-04
DASH,"DoorDash, Inc.",Consumer Cyclical,Internet Retail,United States,96192143360.0,4,"2022,2023,2024,2025",-0.04090794712727606,0.20582034757896453,0.0564078643097907,0.11514996203782968,4.0,4.0,0.2772574009717286,-2216000000.0,1472000000.0,0.0,True,0.18381962936138474,0.4788553697506302,0.01994351860955901,,NMS,USD,222.0,96192143360.0,992503170.0,0.0,63.3,91.4,100,0,42.3,47.7,908,2026-09-04
TTMI,"TTM Technologies, Inc.",Technology,Electronic Components,United States,12156205056.0,4,"2022,2023,2024,2025",0.051248653200747035,0.007337418186537867,0.08053061279291697,0.025237413753809005,3.0,4.0,0.05217877423271733,414917000.0,402842000.0,1.0299745309575465,False,0.005133530575856637,0.19277714627221312,0.009406902222114762,,NMS,USD,115.39,12156205056.0,327046992.0,36.4,26.1,47.8,65,55,72.1,47.6,909,2026-09-04
MAA,"Mid-America Apartment Communities, Inc.",Real Estate,REIT - Residential,United States,15293984768.0,4,"2022,2023,2024,2025",0.06244322894914497,-0.0031370561832879534,0.0575269060550929,0.3567515570847953,4.0,4.0,0.030305400060254506,5345114000.0,1267312000.0,4.217678046132287,False,0.013548705259423865,0.32978433835865206,0.016316083919481653,,NYQ,USD,128.56,15293984768.0,129909366.0,34.2,94.3,37.3,10,55,50.3,47.6,910,2026-09-04
NOK,Nokia Oyj,Technology,Communication Equipment,Finland,54698762240.0,4,"2022,2023,2024,2025",0.061509730504977274,-0.04161641828748547,0.0324324,0.06175262469094873,4.0,4.0,-0.05756932997732567,-2350000000.0,2253000000.0,0.0,True,-0.02949531042218545,0.43148912486377633,0.02047654311771588,,NYQ,USD,9.77,54698762240.0,882267432.0,33.7,41.8,11.1,100,80,41.2,47.6,911,2026-09-04
AKR,Acadia Realty Trust,Real Estate,REIT - Retail,United States,2956741376.0,4,"2022,2023,2024,2025",0.015533637151048994,0.007371214495429907,0.010764806032843405,0.41628343133355217,4.0,4.0,0.07975958955680462,1824088000.0,213169000.0,8.557004067195512,False,0.3594560611983981,0.688780486458149,0.006967022007609723,,NYQ,USD,20.28,2956741376.0,32945590.0,23.2,96.1,58.3,10,0,81.3,47.5,912,2026-09-04
UDR,"UDR, Inc.",Real Estate,REIT - Residential,United States,13361036288.0,4,"2022,2023,2024,2025",0.048193934462060176,0.039462289918763355,0.06616875926710651,0.3562832972943709,4.0,4.0,0.041108595032072204,5820147000.0,1281204000.0,4.542716850712298,False,0.02588472265261843,0.24495595640059092,0.018929156283341294,,NYQ,USD,36.37,13361036288.0,123814900.0,34.6,94.2,42.4,10,55,44.7,47.5,913,2026-09-04
PCAR,PACCAR Inc,Industrials,Farm & Heavy Construction Machinery,United States,65537703936.0,4,"2022,2023,2024,2025",0.11383639143414914,-0.05005261239703203,0.06670132348432535,0.08315597266946476,4.0,4.0,-0.004355093626742135,9328400000.0,3789100000.0,2.4619038821883823,False,0.006592146746918992,0.19183611820226754,0.020035721733410523,,NMS,USD,124.51,65537703936.0,412701967.0,60.2,52.0,23.7,45,55,41.9,47.5,914,2026-09-04
EFX.TO,Enerflex Ltd.,Energy,Oil & Gas Equipment & Services,Canada,3719253504.0,4,"2022,2023,2024,2025",0.056451498360771096,0.1319370480099257,0.12432835820895523,0.044571394588092936,3.0,4.0,0.252048555312369,501000000.0,406000000.0,1.2339901477832513,False,0.2550943178784122,0.20293198343826255,0.01661312769668905,,TOR,CAD,30.46,2696987394.0,15736651.0,40.0,34.3,89.2,65,0,49.7,47.4,915,2026-09-04
MDLZ,"Mondelez International, Inc.",Consumer Defensive,Confectioners,United States,78429134848.0,4,"2022,2023,2024,2025",0.08152056883792885,0.0031537803551531726,0.05687531560487214,0.09398672904761361,4.0,4.0,0.06956578215167708,19080000000.0,4971000000.0,3.8382619191309595,False,-0.0628158844765343,0.35407715612663837,0.04225165118588677,,NMS,USD,61.45,78429134848.0,552469359.0,54.6,56.1,54.8,10,100,19.1,47.4,916,2026-09-04
CCI,Crown Castle Inc.,Real Estate,REIT - Specialty,United States,33762621440.0,4,"2022,2023,2024,2025",0.0812886136802552,0.009217195429782651,0.08947053123072857,0.5320251871923156,4.0,4.0,-0.15173892561897784,24238000000.0,2750000000.0,8.813818181818181,False,0.00691244239631339,0.7333056354905044,0.018805266037939094,,NYQ,USD,77.26,33762621440.0,312329731.0,54.2,97.9,3.3,10,55,44.9,47.3,917,2026-09-04
MAN,ManpowerGroup Inc.,Industrials,Staffing & Employment Services,United States,2860666624.0,4,"2022,2023,2024,2025",0.07922250877675456,-0.0781080100116526,0.039915433403805496,0.009319787469802682,3.0,4.0,-0.0324886224032086,806100000.0,274800000.0,2.933406113537118,False,-0.11742424242424243,0.17438328424163996,0.005030595536041388,,NYQ,USD,61.51,2860666624.0,77200463.0,43.3,20.8,15.4,45,100,88.1,47.3,918,2026-09-04
NXST,"Nexstar Media Group, Inc.",Communication Services,Broadcasting,United States,5473710592.0,4,"2022,2023,2024,2025",0.08756980273755507,-0.07447022432799955,0.04976896510658568,0.19147864194119693,4.0,4.0,-0.01704841596554718,6053000000.0,1314000000.0,4.606544901065449,False,-0.2358971806803195,0.5791045950450988,0.025462029267879313,,NMS,USD,177.67,5473710592.0,69014312.0,46.9,80.8,19.5,10,100,33.3,47.3,919,2026-09-04
FBIN,"Fortune Brands Innovations, Inc.",Industrials,Building Products & Equipment,United States,5035375104.0,4,"2022,2023,2024,2025",0.10562901241183992,-0.05581025387464214,0.07781647917300091,0.10642665524401893,4.0,4.0,-0.018682672069841977,2280900000.0,714600000.0,3.191855583543241,False,-0.07692307692307687,0.4291183946686705,0.017984526176113014,,NYQ,USD,42.21,5035375104.0,109103648.0,55.8,60.3,18.9,10,100,46.5,47.3,920,2026-09-04
DIOD,Diodes Incorporated,Technology,Semiconductors,United States,4142120448.0,4,"2022,2023,2024,2025",0.09998109642985681,-0.16691121198567627,0.036953280518537746,0.07415420215314851,4.0,4.0,-0.09516118100243287,-281420000.0,230482000.0,0.0,True,0.008210965331479692,0.3635083548638229,0.042357387294505576,,NMS,USD,89.945,4142120448.0,56413324.0,53.5,48.0,6.9,100,55,19.0,47.3,921,2026-09-04
RPRX,Royalty Pharma plc,Healthcare,Biotechnology,United States,36912128000.0,4,"2022,2023,2024,2025",0.07791863424764016,0.05764876543411794,0.08356115709695026,1.1243724791235434,4.0,4.0,0.02057860093632846,8332221000.0,1635708000.0,5.093953810826871,False,0.28879243421953915,,,,NMS,USD,63.88,36912128000.0,195554758.0,52.8,99.9,33.3,10,0,50.0,47.2,922,2026-09-04
HUM,Humana Inc.,Healthcare,Healthcare Plans,United States,48815042560.0,4,"2022,2023,2024,2025",0.08629686787337953,-0.05793212990217772,0.060135749017518156,0.022082697645069756,4.0,4.0,0.11767273447695548,8169000000.0,,,False,-0.049317827749539744,,,,NYQ,USD,406.52,48815042560.0,557068584.0,46.5,25.1,70.3,30,80,50.0,47.2,923,2026-09-04
PEB,Pebblebrook Hotel Trust,Real Estate,REIT - Hotel & Motel,United States,2000701312.0,4,"2022,2023,2024,2025",0.006299314305069298,0.007986705562905327,0.0078134008007069,0.18126888014800363,4.0,4.0,0.019644965537757964,1939907000.0,273080000.0,7.103804745862019,False,-0.10292023060644295,0.25443423793142733,0.01227187073954997,,NYQ,USD,17.73,2000701312.0,44461734.0,21.6,79.0,32.8,10,100,63.0,47.1,924,2026-09-04
ARE.TO,Aecon Group Inc.,Industrials,Engineering & Construction,Canada,2991313920.0,4,"2022,2023,2024,2025",0.04917154216775217,-0.008144461021997656,0.029809682465983107,-0.0067776025149577784,2.0,4.0,0.049868015074359784,-74157000.0,169650000.0,0.0,True,-0.1684856427109943,0.06159446778496384,0.013308654116804642,,TOR,CAD,43.65,2169127737.0,14505085.0,25.0,0.0,46.4,100,100,59.2,47.1,925,2026-09-04
AMCR,Amcor plc,Consumer Cyclical,Packaging & Containers,Switzerland,21217044480.0,4,"2023,2024,2025,2026",0.07890088730121875,-0.055839714279324396,0.06518572203705139,0.05426242128126598,4.0,4.0,0.1695341262686505,12897000000.0,3437000000.0,3.7524003491416935,False,0.0792682926829269,0.19315509754062357,0.006141880357284646,,NYQ,USD,45.89,21217044480.0,165044440.0,43.1,38.1,80.3,10,25,84.3,47.1,926,2026-09-04
ASX,"ASE Technology Holding Co., Ltd.",Technology,Semiconductors,Taiwan,97455194112.0,4,"2022,2023,2024,2025",0.09737528267069673,-0.06300170994214194,0.07906504683242507,0.03428463582462971,3.0,4.0,-0.012826391680181626,162345508000.0,126221333000.0,1.2861970646435812,False,-0.0053562569502552115,0.1746357202783487,0.016841945290647205,,NYQ,USD,37.43,97455194112.0,375680156.0,52.0,29.7,20.5,65,80,49.1,47.1,927,2026-09-04
BROS,Dutch Bros Inc.,Consumer Cyclical,Restaurants,United States,8110331392.0,4,"2022,2023,2024,2025",0.09036763777650253,0.15777228595759504,0.16095197016097726,-0.05309704564689549,2.0,4.0,0.30387168393764075,819618000.0,279061000.0,2.937056772533604,False,1.4245532185614311,0.2573296156834825,0.007651591338833639,,NYQ,USD,46.24,8110331392.0,171298392.0,58.3,0.0,93.1,45,0,78.9,47.1,928,2026-09-04
PAM,Pampa Energía S.A.,Industrials,Conglomerates,Argentina,4542383104.0,4,"2022,2023,2024,2025",0.12493634258883522,-0.06991181470251523,0.09124506833090379,-0.031405483860176955,1.0,4.0,0.029897315524099355,1167000000.0,1185000000.0,0.9848101265822785,False,-0.01520637219406229,0.3427887315615918,0.02692571389835881,,NYQ,USD,84.74,4542383104.0,14550112.0,64.4,0.0,37.0,85,80,31.2,47.1,929,2026-09-04
STGW,Stagwell Inc.,Communication Services,Advertising Agencies,United States,2175831552.0,4,"2022,2023,2024,2025",0.0670299066033214,0.002893640757866911,0.06262069865467668,0.05612195099522834,4.0,4.0,0.026713694500071883,1221476000.0,403968000.0,3.023694946134347,False,-0.25620035334259394,0.3631549002856525,0.009586851761135853,,NMS,USD,8.9,2175831552.0,12317751.0,46.7,38.9,35.7,10,100,71.3,47.0,930,2026-09-04
ABG,"Asbury Automotive Group, Inc.",Consumer Cyclical,Auto & Truck Dealerships,United States,3867022336.0,4,"2022,2023,2024,2025",0.10188260309718943,-0.10443372285899641,0.07172936118692413,0.025604407761986324,4.0,4.0,0.052585940926927366,5813800000.0,1023300000.0,5.681422847649761,False,-0.125,0.18231835003577107,0.01236755298421942,,NYQ,USD,215.41,3867022336.0,53234058.0,54.5,26.2,48.0,10,100,62.7,47.0,931,2026-09-04
BXP,"BXP, Inc.",Real Estate,REIT - Office,United States,12341267456.0,4,"2022,2023,2024,2025",0.038105437274123376,-0.01886082137699173,0.03764598082604511,0.38248880762360976,4.0,4.0,0.03856526122650683,15131277000.0,1949485000.0,7.761679110123956,False,0.01102866306893402,0.6204001720966811,0.011582486403296262,,NYQ,USD,68.23,12341267456.0,97133866.0,19.6,95.3,41.1,10,55,65.1,46.9,932,2026-09-04
HP,"Helmerich & Payne, Inc.",Energy,Oil & Gas Drilling,United States,4499251200.0,4,"2022,2023,2024,2025",0.05749881578864784,-0.006506428782243931,0.005558683267578293,0.05842475626145493,3.0,4.0,0.2207917391726657,1867095000.0,658780000.0,2.8341707398524547,False,-0.06834967856975271,0.20314425088047916,0.06861234395411532,,NYQ,USD,45.02,4499251200.0,57755348.0,30.6,39.8,86.4,45,100,10.4,46.9,933,2026-09-04
HRL,Hormel Foods Corporation,Consumer Defensive,Packaged Foods,United States,11931604992.0,4,"2022,2023,2024,2025",0.0758526665289839,-0.047252969474845516,0.04963118724154966,0.06545371779262135,4.0,4.0,-0.009525432287289193,2186745000.0,1005388000.0,2.1750259601268365,False,0.0016922444256013414,0.16619673774039634,0.006490158785844479,,NYQ,USD,21.68,11931604992.0,95613331.0,41.1,43.6,21.5,45,55,82.8,46.9,934,2026-09-04
MHK,"Mohawk Industries, Inc.",Consumer Cyclical,"Furnishings, Fixtures & Appliances",United States,8921113600.0,4,"2022,2023,2024,2025",0.02225225252829911,0.01969549589551183,0.03689502873949903,0.04792588315962988,4.0,4.0,-0.02779358162194867,1174400000.0,1139100000.0,1.0309893775787902,False,-0.025943617120914086,0.24509293440310934,0.0046184005534004305,,NYQ,USD,131.7,8921113600.0,113274248.0,24.6,35.6,16.4,65,80,89.6,46.9,935,2026-09-04
KT,KT Corporation,Communication Services,Telecom Services,South Korea,9444307968.0,4,"2022,2023,2024,2025",0.05134850645780974,0.013877571402503452,0.07405698863588549,0.03294355527507539,3.0,4.0,0.03289530492712078,7278601000000.0,6704761000000.0,1.0855869433675562,False,0.002211656447143273,0.6354677523128637,0.009374274234307988,,NYQ,USD,19.83,9444307968.0,32396410.0,36.6,29.3,38.3,65,55,72.4,46.9,936,2026-09-04
WSC,WillScot Holdings Corporation,Industrials,Rental & Leasing Services,United States,3525975808.0,4,"2022,2023,2024,2025",0.06654236984936644,-0.045506365337413084,0.03787715027960891,0.1576145209507998,4.0,4.0,0.02114671309801497,3573581000.0,606111000.0,5.895918404384675,False,-0.17617436149103405,0.5368582546317173,0.019689493419529854,,NCM,USD,19.46,3525975808.0,47000668.0,36.4,74.2,33.6,10,100,42.9,46.9,937,2026-09-04
TIGO,Millicom International Cellular S.A.,Communication Services,Telecom Services,Luxembourg,16085066752.0,4,"2022,2023,2024,2025",0.09453196383230547,0.11782602482914362,0.17518023752969122,0.08663956266987452,4.0,4.0,0.011426546960301431,5333000000.0,3534000000.0,1.5090548953027731,False,0.2026630395876583,0.748882808339604,0.017433859483614367,,NMS,USD,95.91,16085066752.0,138354875.0,59.8,53.2,29.7,65,0,47.6,46.9,938,2026-09-04
CSTM,Constellium SE,Basic Materials,Aluminum,France,3588774144.0,4,"2022,2023,2024,2025",0.08594976068082727,0.05380936197479615,0.11962569060773479,0.005222651748436825,3.0,4.0,-0.003253266436224478,1824000000.0,844000000.0,2.161137440758294,False,-0.03181847946195926,0.1290115694517248,0.010334390508548747,,NYQ,USD,26.48,3588774144.0,45264435.0,56.4,19.8,24.0,45,80,69.3,46.8,939,2026-09-04
VST,Vistra Corp.,Utilities,Utilities - Independent Power Producers,United States,48405307392.0,4,"2022,2023,2024,2025",0.07923350207770499,0.12658563646010582,0.07802481378641632,0.10367598850671075,3.0,4.0,0.08917866741227787,19283000000.0,5055000000.0,3.8146389713155293,False,-0.11314496981140998,0.3154537622725738,0.1178128588602923,,NYQ,USD,144.22,48405307392.0,632545603.0,53.4,59.5,61.5,10,100,4.5,46.7,940,2026-09-04
SAP.TO,Saputo Inc.,Consumer Defensive,Packaged Foods,Canada,15996743680.0,4,"2023,2024,2025,2026",0.047490020537158645,0.015458712654817727,0.08083742299258641,0.04111372487603018,4.0,4.0,-0.005485017426205441,2328000000.0,1633000000.0,1.4255970606246173,False,-0.015190610436674912,0.31350880726977737,0.010189582175713956,,TOR,CAD,40.3,11599912727.0,24896875.0,34.2,32.6,23.1,65,80,69.6,46.7,941,2026-09-04
DGII,Digi International Inc.,Technology,Communication Equipment,United States,2666994176.0,4,"2022,2023,2024,2025",0.05481131587744521,0.01683997574378203,0.057775574079919116,0.15012513046730314,4.0,4.0,0.03483085395420371,137250000.0,90481000.0,1.516893049369481,False,0.048451173774135325,0.5856377026318701,0.027707502886749946,,NMS,USD,70.28,2666994176.0,27465143.0,38.4,72.5,39.2,65,25,30.0,46.7,942,2026-09-04
WMB,"The Williams Companies, Inc.",Energy,Oil & Gas Midstream,United States,90575552512.0,4,"2022,2023,2024,2025",0.09506016506978027,0.0023312606293079546,0.09175992689815583,0.2101418009516378,4.0,4.0,0.029089364281741803,29298000000.0,7414000000.0,3.951712975451848,False,0.0019040265909417986,0.5829253128668509,0.049091968140793765,,NYQ,USD,74.05,90575552512.0,527890084.0,60.2,83.8,36.7,10,55,15.9,46.7,943,2026-09-04
VNO,Vornado Realty Trust,Real Estate,REIT - Office,United States,7236704256.0,4,"2022,2023,2024,2025",0.03759921555921075,0.11191292708303457,0.10567646040954094,0.44939849366079415,4.0,4.0,0.0019277681685623271,6344778000.0,1766781000.0,3.5911513651097673,False,0.04835875374788157,0.5073631839568252,0.007129356300231038,,NYQ,USD,36.54,7236704256.0,58204310.0,29.5,96.8,25.4,10,25,80.7,46.7,944,2026-09-04
QGEN,Qiagen N.V.,Healthcare,Diagnostics & Research,Netherlands,9056871424.0,4,"2022,2023,2024,2025",0.06679361732153997,-0.004964533965048423,0.0835500885214434,0.22077532222934412,4.0,4.0,-0.008084257153451513,815423000.0,717267000.0,1.1368472270437648,False,0.008519368617481371,0.5962587670462369,0.06259572751961244,,NYQ,USD,43.86,9056871424.0,127307159.0,36.6,85.4,22.4,65,55,12.4,46.7,945,2026-09-04
DOC,"Healthpeak Properties, Inc.",Real Estate,REIT - Healthcare Facilities,United States,14909161472.0,4,"2022,2023,2024,2025",0.03408017243523933,-0.007979221808682394,0.03286974666941203,0.4287969895889462,4.0,4.0,0.1104698360850378,9380437000.0,1648337000.0,5.690849019344952,False,0.29100968752492373,0.5924123017639281,0.00877158147238739,,NYQ,USD,21.03,14909161472.0,126628843.0,17.8,96.4,68.6,10,0,74.3,46.7,946,2026-09-04
APLE,"Apple Hospitality REIT, Inc.",Real Estate,REIT - Hotel & Motel,United States,3678168576.0,4,"2022,2023,2024,2025",0.050071160823916314,0.00961929972833342,0.054451933668417614,0.2300437479026911,4.0,4.0,0.04478958097459862,1530069000.0,450431000.0,3.3968998581358743,False,0.038624828562193736,0.3549256374045545,0.011407626324478462,,NYQ,USD,15.58,3678168576.0,44914974.0,35.5,86.5,44.5,10,25,65.9,46.7,947,2026-09-04
FSM,Fortuna Mining Corp.,Basic Materials,Gold,Canada,3746820352.0,4,"2022,2023,2024,2025",0.047085609091758816,0.22668589089729918,0.16934573743378212,0.10347613906074535,3.0,4.0,0.11593518329581642,-349449000.0,617075000.0,0.0,True,0.149735135487725,0.319636297539308,0.11223778862560767,,NYQ,USD,12.66,3746820352.0,69230729.0,34.0,59.5,69.8,100,0,5.1,46.6,948,2026-09-04
MD,"Pediatrix Medical Group, Inc.",Healthcare,Medical Care Facilities,United States,2184087808.0,4,"2022,2023,2024,2025",0.036630807251417714,0.07135009818598852,0.13212827956024323,0.086353527272337,4.0,4.0,-0.009931192643246933,218712000.0,274224000.0,0.797566952564327,False,0.013635120837840686,0.23296398653380307,0.017027093099655416,,NYQ,USD,26.88,2184087808.0,21386131.0,29.1,53.0,21.4,85,55,48.4,46.6,949,2026-09-04
VIAV,Viavi Solutions Inc.,Technology,Communication Equipment,United States,8298196992.0,4,"2022,2023,2024,2025",0.040642807395747896,-0.008621002812166885,0.0412271469740634,0.0731765819263058,4.0,4.0,-0.056842615389848694,218900000.0,128900000.0,1.6982156710628393,False,-0.06549118387909325,0.5811263093429361,0.010169590752682738,,NMS,USD,33.63,8298196992.0,207785713.0,20.9,47.1,11.4,65,100,69.7,46.6,950,2026-09-04
NTR,Nutrien Ltd.,Basic Materials,Agricultural Inputs,Canada,38525169664.0,4,"2022,2023,2024,2025",0.0952781481513219,-0.14205364529795683,0.07893179611192767,0.09031302257539373,4.0,4.0,-0.1080276247812555,10035000000.0,6147000000.0,1.6325036603221084,False,-0.09905742486250257,0.32479485932160207,0.04821885670263237,,NYQ,USD,80.73,38525169664.0,223450872.0,50.4,54.6,6.0,65,100,16.4,46.6,951,2026-09-04
PCOR,"Procore Technologies, Inc.",Technology,Software - Application,United States,9206974464.0,4,"2022,2023,2024,2025",-0.11235463742926745,0.14303506832586257,-0.058097383902866444,0.06819140045468787,3.0,4.0,0.2245632919820033,-696074000.0,17748000.0,0.0,True,0.10050368674833221,0.8067420230411038,0.012314891006518634,,NYQ,USD,60.59,9206974464.0,200376886.0,0.0,45.2,87.0,100,0,62.9,46.5,952,2026-09-04
RRR,"Red Rock Resorts, Inc.",Consumer Cyclical,Resorts & Casinos,United States,5822479360.0,4,"2022,2023,2024,2025",0.14867682750755923,-0.01926474993255675,0.14819581152239214,0.03512945677737105,2.0,4.0,0.0653025509360492,3253277000.0,801601000.0,4.058474228450314,False,-0.019758653965584738,0.6307570156168385,0.011514717864166881,,NMS,USD,57.09,5822479360.0,42856778.0,72.1,6.0,53.0,10,80,65.5,46.5,953,2026-09-04
SQM,Sociedad Química y Minera de Chile S.A.,Basic Materials,Specialty Chemicals,Chile,22788186112.0,4,"2022,2023,2024,2025",0.2214440150683077,-0.4401691400966713,0.07348914207388259,0.0712083304100837,3.0,4.0,-0.24682113970034636,2904914000.0,1146205000.0,2.534375613437387,False,-1.8905017467041318e-06,0.38400170259109623,0.09981169961715416,,NYQ,USD,79.78,22788186112.0,79979769.0,85.3,46.4,1.3,45,80,6.2,46.5,954,2026-09-04
SM,SM Energy Company,Energy,Oil & Gas E&P,United States,8943312896.0,4,"2022,2023,2024,2025",0.1656567671560659,-0.1554657629939899,0.10396544850498339,0.00067983748194924,3.0,4.0,-0.021156935889465656,2347000000.0,2210000000.0,1.0619909502262443,False,-0.07320847168047451,0.47386979698673254,0.10681117298273762,,NYQ,USD,37.6,8943312896.0,143452723.0,77.1,19.0,18.0,65,100,5.6,46.4,955,2026-09-04
BNTX,BioNTech SE,Healthcare,Biotechnology,Germany,25843904512.0,4,"2022,2023,2024,2025",0.1091731418862135,-0.507991445770382,-0.04201368794762872,0.44852716818524896,2.0,4.0,-0.4506469403258242,-14609800000.0,-653800000.0,0.0,True,-0.032276247339597885,0.81238466374798,0.025138251353776953,,NMS,USD,102.88,25843904512.0,124091181.0,57.6,19.3,0.4,100,80,33.9,46.4,956,2026-09-04
IPGP,IPG Photonics Corporation,Technology,Semiconductor Equipment & Materials,United States,3252190976.0,4,"2022,2023,2024,2025",0.036919590785935284,-0.05073575116885374,0.007476380672233368,0.09130498059025795,3.0,4.0,-0.11118181018209694,-822078000.0,89913000.0,0.0,True,-0.16249386352479134,0.3838439634066207,0.026580021812345703,,NMS,USD,76.46,3252190976.0,35573091.0,19.2,55.0,5.5,100,100,31.5,46.4,957,2026-09-04
ACA,"Arcosa, Inc.",Industrials,Engineering & Construction,United States,7144058368.0,4,"2022,2023,2024,2025",0.06730109212990988,-0.025998067490396723,0.07263973872532539,0.05587185826213112,4.0,4.0,0.08735523300396975,1308200000.0,573100000.0,2.282673180945734,False,0.010309278350515427,0.2001314137379176,0.015302222237820885,,NYQ,USD,145.48,7144058368.0,112381845.0,36.9,38.7,61.0,45,55,52.6,46.3,958,2026-09-04
ESI,Element Solutions Inc,Basic Materials,Specialty Chemicals,United States,8524307968.0,4,"2022,2023,2024,2025",0.05300842055986101,0.0010027494866629294,0.05333480606455213,0.10660567804975843,4.0,4.0,0.00023529412633060964,999400000.0,470200000.0,2.1254785197788175,False,-0.013832384052074875,0.40212876552375715,0.01976499884954893,,NYQ,USD,34.98,8524307968.0,177506430.0,37.2,60.5,25.0,45,80,42.7,46.3,959,2026-09-04
HAE,Haemonetics Corporation,Healthcare,Medical Devices,United States,4679371776.0,4,"2023,2024,2025,2026",0.07432365043776631,-0.021443608003062255,0.058942966005245186,0.11988979229930495,4.0,4.0,0.04510232361020172,979140000.0,268451000.0,3.64736953857501,False,-0.07907429015947098,0.5488400907089377,0.025776240996109943,,NYQ,USD,102.85,4679371776.0,86255050.0,40.5,65.1,44.7,10,100,32.9,46.3,960,2026-09-04
OMC,Omnicom Group Inc.,Communication Services,Advertising Agencies,United States,23245332480.0,4,"2022,2023,2024,2025",0.13519486005561318,-0.15419962482033073,0.020214485193008322,0.10344512803895486,4.0,4.0,0.06523414722082599,2235400000.0,818200000.0,2.7320948423368367,False,0.51256038647343,0.16084886836814383,0.04384023604486667,,NYQ,USD,84.73,23245332480.0,299934371.0,67.9,59.4,52.9,45,0,18.0,46.2,961,2026-09-04
GTES,Gates Industrial Corporation Ltd.,Industrials,Specialty Industrial Machinery,United States,6376878080.0,4,"2022,2023,2024,2025",0.06575653343294008,-0.00010570381516186722,0.06703271355429803,0.08771985914934945,4.0,4.0,-0.01052051192628467,1420400000.0,672200000.0,2.113061588812853,False,-0.09406342884104213,0.3823663119043724,0.019060535139835178,,NYQ,USD,25.19,6376878080.0,48590326.0,36.0,53.4,21.2,45,100,44.1,46.2,962,2026-09-04
ADMA,"ADMA Biologics, Inc.",Healthcare,Biotechnology,United States,2145773184.0,4,"2022,2023,2024,2025",0.10125126226464606,0.40261641152447125,0.2776745003758215,-0.0374069028984491,3.0,4.0,0.4904716973759833,-7745000.0,197862000.0,0.0,True,0.23767413748975086,0.4155030797618235,0.13676673814431897,,NGM,USD,9.58,2145773184.0,26960774.0,64.2,0.0,96.9,100,0,3.3,46.1,963,2026-09-04
JAZZ,Jazz Pharmaceuticals plc,Healthcare,Biotechnology,Ireland,16070577152.0,4,"2022,2023,2024,2025",0.015261375781133962,-0.027752784735979637,-0.03533367139131458,0.2712111128496847,4.0,4.0,0.05258819391218772,3966358000.0,263489000.0,15.053220438044852,False,-0.02491245462831193,0.8778037184757177,0.015025057782534735,,NMS,USD,247.565,16070577152.0,226438793.0,13.0,90.5,48.1,10,80,53.7,46.1,964,2026-09-04
HQY,"HealthEquity, Inc.",Healthcare,Health Information Services,United States,8170616832.0,4,"2023,2024,2025,2026",0.04173761717989816,0.0822052244180315,0.084716767577886,0.10156697190692165,3.0,4.0,0.15082363421815814,638452000.0,489220000.0,1.3050406769960345,False,0.0358944601027924,0.6342011470446886,0.044858112667231546,,NMS,USD,98.78,8170616832.0,87023501.0,31.4,58.5,77.4,65,25,17.6,46.1,965,2026-09-04
EXE,Expand Energy Corporation,Energy,Oil & Gas E&P,United States,22930450432.0,4,"2022,2023,2024,2025",0.12536154531136964,-0.16138555129363366,0.08504892525543731,0.10220254546760346,4.0,4.0,0.021275059999324775,4393000000.0,5497000000.0,0.799163179916318,False,0.6468097642520947,0.5349148501617611,0.16966744426262387,,NMS,USD,99.05,22930450432.0,349044177.0,64.5,58.8,33.8,85,0,2.1,46.0,966,2026-09-04
ARE,"Alexandria Real Estate Equities, Inc.",Real Estate,REIT - Office,United States,9067700224.0,4,"2022,2023,2024,2025",0.0050905586870158455,-0.04880511629026725,-0.02806259708922925,0.5123860680749395,4.0,4.0,0.04564958075072889,11851493000.0,360450000.0,32.879714246081285,False,0.05349532039663729,0.6955776729778054,0.005528929729005163,,NYQ,USD,52.69,9067700224.0,101523672.0,11.5,97.6,44.8,10,25,86.1,46.0,967,2026-09-04
ROKU,"Roku, Inc.",Communication Services,Entertainment,United States,23510718464.0,4,"2022,2023,2024,2025",-0.09559543313358697,0.17505864289911005,0.03391776880258997,0.038637311622337175,3.0,4.0,0.14856192016513292,-1793957000.0,436403000.0,0.0,True,0.0962024580875731,0.44370053445095065,0.00997591335893407,,NMS,USD,158.31,23510718464.0,691487790.0,0.0,31.7,77.0,100,25,70.3,45.9,968,2026-09-04
NVST,Envista Holdings Corporation,Healthcare,Medical Instruments & Supplies,United States,4431442944.0,4,"2022,2023,2024,2025",-0.025718431695132132,-0.011253097279405627,0.03708382733939314,0.08292120840915373,4.0,4.0,0.019145093557339843,236600000.0,364500000.0,0.6491083676268862,False,-0.04729729729729726,0.5571916220597211,0.011403887944896265,,NYQ,USD,27.59,4431442944.0,74627474.0,0.0,51.7,32.6,85,80,66.0,45.9,969,2026-09-04
ARW,"Arrow Electronics, Inc.",Technology,Electronics & Computer Distribution,United States,10734426112.0,4,"2022,2023,2024,2025",0.10895604126132236,-0.09267352222850143,0.07656690603125123,0.012933717940874645,2.0,4.0,-0.05981728799179631,2778589000.0,1070782000.0,2.5949156784480873,False,-0.20164087207614623,0.12146852266938508,0.00685742635154898,,NYQ,USD,210.87,10734426112.0,120280881.0,57.5,4.4,10.8,45,100,82.0,45.9,970,2026-09-04
LTC,"LTC Properties, Inc.",Real Estate,REIT - Healthcare Facilities,United States,2258643200.0,4,"2022,2023,2024,2025",0.0687468408077465,0.017665701123766225,0.0830053940610224,0.5624333515851796,4.0,4.0,0.14489502978577318,827794000.0,197239000.0,4.196908319348608,False,0.16205356028652007,0.8839642726373809,0.0761777537099456,,NYQ,USD,41.9,2258643200.0,23958797.0,47.4,98.3,76.2,10,0,9.4,45.8,971,2026-09-04
GAP,"The Gap, Inc.",Consumer Cyclical,Apparel Retail,United States,7840349696.0,4,"2023,2024,2025,2026",0.12272969209901359,0.17673313349631012,0.166831437747969,0.04803068544851338,3.0,4.0,-0.005365140356832887,2609000000.0,1721000000.0,1.515979081929111,False,0.04632152588555849,0.3879310717231011,0.02747427396976869,,NYQ,USD,22.32,7840349696.0,171095522.0,73.6,35.7,23.3,65,25,30.3,45.8,972,2026-09-04
PAAS,Pan American Silver Corp.,Basic Materials,Gold,Canada,21808906240.0,4,"2022,2023,2024,2025",0.028926092312946357,0.22379559780185349,0.13246919984437816,0.073013081157624,3.0,4.0,0.3428005677362935,-467000000.0,1790000000.0,0.0,True,0.8125365165470428,0.1858765591761934,0.13030616834586783,,NYQ,USD,52.6,21808906240.0,252723380.0,26.0,47.0,94.7,100,0,3.7,45.7,973,2026-09-04
NFG,National Fuel Gas Company,Energy,Oil & Gas Integrated,United States,7939116544.0,4,"2022,2023,2024,2025",0.09651385905243785,-0.03414226150661871,0.10711174322924792,0.06407765970769473,4.0,4.0,0.013761131140530347,2789895000.0,1306481000.0,2.135427151255931,False,-0.00954967993443634,0.4211031586314328,0.025551216925284538,,NYQ,USD,83.53,7939116544.0,53176869.0,51.4,42.8,30.4,45,80,33.2,45.7,974,2026-09-04
SXT,Sensient Technologies Corporation,Basic Materials,Specialty Chemicals,United States,5801311232.0,4,"2022,2023,2024,2025",0.08157282650484671,-0.00976817769388054,0.08238981702466189,0.024027068754914237,3.0,4.0,0.039063594744646046,673051000.0,268226000.0,2.50926830359473,False,0.009049344988510732,0.32914230468502476,0.009203433003839686,,NYQ,USD,136.3,5801311232.0,66348114.0,44.7,25.8,41.5,45,55,72.8,45.7,975,2026-09-04
CWST,"Casella Waste Systems, Inc.",Industrials,Waste Management,United States,6106898944.0,4,"2022,2023,2024,2025",0.03161528866717623,-0.047923545611657986,0.016071543796273072,0.059287350800551614,4.0,4.0,0.19179639642026358,1030889000.0,379408000.0,2.71709874330536,False,0.2279058087198409,0.33839460496339724,0.0031802484930336444,,NMS,USD,95.96,6106898944.0,60437527.0,16.8,40.4,83.6,45,0,94.4,45.7,976,2026-09-04
SLGN,Silgan Holdings Inc.,Consumer Cyclical,Packaging & Containers,United States,4386860544.0,4,"2022,2023,2024,2025",0.0749939110861977,-0.020895612509715222,0.06302700120477579,0.06735327463042637,4.0,4.0,0.0037121645277764515,3266189000.0,917030000.0,3.561703542959336,False,-0.038241572173537075,0.16982166260036843,0.005528217994652136,,NYQ,USD,41.51,4386860544.0,48424445.0,40.9,44.9,26.2,10,80,86.2,45.6,977,2026-09-04
MTH,Meritage Homes Corporation,Consumer Cyclical,Residential Construction,United States,4397296128.0,4,"2022,2023,2024,2025",0.12799347607349068,-0.1301620597868321,0.06449602025539322,0.021872393253670533,3.0,4.0,-0.02371495011314817,1053897000.0,609885000.0,1.7280257753510908,False,-0.03846257513274576,0.24527810882805662,0.03163543982940058,,NYQ,USD,67.47,4397296128.0,58383140.0,65.1,25.1,17.5,65,80,26.2,45.6,978,2026-09-04
WPC,W. P. Carey Inc.,Real Estate,REIT - Diversified,United States,16008014848.0,4,"2022,2023,2024,2025",0.04856660164019914,-0.0035957027182776727,0.04429240368727483,0.7999944515189764,4.0,4.0,0.05086968059276886,8567361000.0,1339710000.0,6.394936963969815,False,0.10320568687100451,0.888107644489186,0.009420020057233807,,NYQ,USD,70.27,16008014848.0,101000266.0,24.6,99.8,47.0,10,0,72.0,45.5,979,2026-09-04
LUV,Southwest Airlines Co.,Industrials,Airlines,United States,18947033088.0,4,"2022,2023,2024,2025",0.03840452215156537,9.809913329297121e-05,0.04108896134140661,-0.0269334957762428,0.0,4.0,0.056251281802036646,1670000000.0,2236000000.0,0.7468694096601073,False,-0.13084112149532712,0.17451944487021176,0.01530810774487771,,NYQ,USD,38.73,18947033088.0,217793275.0,29.7,0.0,49.8,85,100,52.5,45.5,980,2026-09-04
CIGI,Colliers International Group Inc.,Real Estate,Real Estate Services,Canada,5150754304.0,4,"2022,2023,2024,2025",0.09439791077311255,-0.017807118421669682,0.08644553525677641,0.029479105385955766,3.0,4.0,0.076192380558608,1558868000.0,643095000.0,2.4240088944868177,False,0.16315444692381265,0.39588102267336855,0.007230213091127079,,NMS,USD,100.79,5150754304.0,21997720.0,49.7,27.8,57.4,45,0,80.2,45.4,981,2026-09-04
TENB,"Tenable Holdings, Inc.",Technology,Software - Infrastructure,United States,3798728192.0,4,"2022,2023,2024,2025",-0.025787090286305138,0.08911850169967174,0.00636796285548462,0.20516762592099605,4.0,4.0,0.13518452060265318,166447000.0,47441000.0,3.5085053013216414,False,0.07907762237134053,0.7756687369607733,0.004160618930501658,,NMS,USD,34.49,3798728192.0,125918472.0,0.0,82.6,73.8,10,25,91.0,45.2,982,2026-09-04
RGEN,Repligen Corporation,Healthcare,Medical Instruments & Supplies,United States,9572045824.0,4,"2022,2023,2024,2025",0.03056645548622085,-0.06036188610004539,0.0248360914111546,0.12890132641432497,4.0,4.0,-0.027040751148723507,-77680000.0,180852000.0,0.0,True,-0.015564715337277546,0.4912345741378214,0.05699406555857056,,NMS,USD,169.61,9572045824.0,190227452.0,16.5,67.2,16.7,100,80,14.2,45.2,983,2026-09-04
OR,OR Royalties Inc.,Basic Materials,Gold,Canada,7064844288.0,4,"2022,2023,2024,2025",0.05617063711816058,0.08786695079980048,0.14658004189824175,0.17663768970276056,2.0,4.0,0.20007716509663154,-137129000.0,282850000.0,0.0,True,0.04704599425417788,0.7568265201974849,0.06155708997055175,,NYQ,USD,37.68,7064844288.0,41221166.0,39.7,15.6,84.7,100,25,12.9,45.2,984,2026-09-04
EC,Ecopetrol S.A.,Energy,Oil & Gas Integrated,Colombia,35360358400.0,4,"2022,2023,2024,2025",0.15842865417776242,-0.09241924182073077,0.11664254419334358,0.08651263832840922,3.0,4.0,-0.09147590450475962,100532000000000.0,45128000000000.0,2.2277078532175145,False,0.0,0.37238212818253574,0.04594965710649944,,NYQ,USD,17.2,35360358400.0,41961464.0,74.4,53.2,7.2,45,55,17.4,45.2,985,2026-09-04
KNF,Knife River Corporation,Basic Materials,Building Materials,United States,3526711296.0,4,"2022,2023,2024,2025",0.0967384917194069,-0.0031738968076765878,0.07750735245647836,0.02896296085018458,3.0,4.0,0.07467285787209743,1042120000.0,488886000.0,2.1316216868554223,False,0.00590460700774309,0.17821603558291235,0.021198778594716895,,NYQ,USD,62.13,3526711296.0,43558225.0,51.7,27.5,56.7,45,55,39.6,45.1,986,2026-09-04
CZR,"Caesars Entertainment, Inc.",Consumer Cyclical,Resorts & Casinos,United States,6048112128.0,4,"2022,2023,2024,2025",0.10821346222751746,0.023352500643692875,0.11969758608058607,0.016929376226979667,3.0,4.0,0.02007899524656609,10897000000.0,3293000000.0,3.3091406012754327,False,-0.028037383177570097,0.5127459690101479,0.013257151361763633,,NMS,USD,29.68,6048112128.0,128192431.0,67.1,23.6,33.2,10,80,59.5,44.9,987,2026-09-04
OSCR,"Oscar Health, Inc.",Healthcare,Healthcare Plans,United States,9950714880.0,4,"2022,2023,2024,2025",-0.21731572678707858,0.2583581214997796,-0.2355258310643349,0.05709401046263835,3.0,4.0,0.41552582742299315,-3560517000.0,,0.0,True,0.2349145802664474,,,,NYQ,USD,32.24,9950714880.0,188524851.0,0.0,39.3,96.1,100,0,50.0,44.8,988,2026-09-04
AN,"AutoNation, Inc.",Consumer Cyclical,Auto & Truck Dealerships,United States,6849537536.0,4,"2022,2023,2024,2025",0.12295794114749486,-0.10549965211831999,0.08068314264687643,0.013400289521179476,2.0,4.0,0.007921762814117272,9693800000.0,1581000000.0,6.131435800126503,False,-0.3281189248548455,0.18585392637531495,0.007111766880296562,,NYQ,USD,207.18,6849537536.0,83494369.0,63.7,4.4,28.8,10,100,80.9,44.8,989,2026-09-04
XYZ,"Block, Inc.",Technology,Software - Infrastructure,United States,50088280064.0,4,"2022,2023,2024,2025",0.033137721591982215,0.07734846296282784,0.07619514242885168,0.040654938400220594,3.0,4.0,0.1133377071512014,-2997553000.0,3415181000.0,0.0,True,0.075808059086379,0.37023681383793816,0.035163864582525114,,NYQ,USD,83.37,50088280064.0,436323731.0,27.1,32.5,69.2,100,25,23.5,44.7,990,2026-09-04
USFD,US Foods Holding Corp.,Consumer Defensive,Food Distribution,United States,22587090944.0,4,"2022,2023,2024,2025",0.0743367017556437,0.043608814962361284,0.09362883720930233,0.02108586390922794,4.0,4.0,0.049989039424498616,5327000000.0,1665000000.0,3.1993993993993994,False,0.015567228230158436,0.17014578358472005,0.005167610767937527,,NYQ,USD,104.41,22587090944.0,267690326.0,50.5,24.7,46.6,10,55,87.4,44.7,991,2026-09-04
VVX,"V2X, Inc.",Industrials,Aerospace & Defense,United States,2384754944.0,4,"2022,2023,2024,2025",0.04723647501741525,0.04541515946055133,0.06480958399857065,0.040803886217955845,4.0,4.0,0.15722607990304072,729175000.0,295771000.0,2.4653363581960366,False,0.5155267670032386,0.08730895319508954,0.008722111076129675,,NYQ,USD,76.08,2384754944.0,49825020.0,34.0,32.5,78.7,45,0,74.5,44.7,992,2026-09-04
BHC,Bausch Health Companies Inc.,Healthcare,Drug Manufacturers - Specialty & Generic,Canada,2528176384.0,4,"2022,2023,2024,2025",0.05577170062710658,0.03360700069098822,0.08268025465133494,0.04787811772602124,3.0,4.0,0.08112799958055694,19508000000.0,3179000000.0,6.136520918527839,False,0.030052910028416147,0.7085637326407146,0.0016429053097993783,,NYQ,USD,6.76,2528176384.0,24313746.0,39.2,35.5,59.0,10,25,98.4,44.5,993,2026-09-04
GWRE,"Guidewire Software, Inc.",Technology,Software - Application,United States,16889387008.0,4,"2022,2023,2024,2025",-0.03592953051092375,0.11445387199338541,0.023200481471509028,0.09090473095903442,3.0,4.0,0.13953759827074275,-433750000.0,86364000.0,0.0,True,0.028026200031765258,0.5476662759991252,0.06516332666332711,,NYQ,USD,202.86,16889387008.0,314582711.0,0.0,54.9,75.0,100,55,11.5,44.5,994,2026-09-04
MTSI,"MACOM Technology Solutions Holdings, Inc.",Technology,Semiconductors,United States,19852623872.0,4,"2022,2023,2024,2025",0.06381083182520046,-0.15130211520880252,-0.01016162646340616,0.19709462680801076,4.0,4.0,0.12730923420205276,388434000.0,39786000.0,9.763082491328609,False,0.03962566394064582,0.5708065290909734,0.027704196706337926,,NMS,USD,259.95,19852623872.0,413582010.0,35.4,81.5,72.0,10,25,30.1,44.5,995,2026-09-04
BDX,"Becton, Dickinson and Company",Healthcare,Medical Instruments & Supplies,United States,51105214464.0,4,"2022,2023,2024,2025",0.04795229614753945,0.0015395676012095946,0.04991245428641942,0.11792301818110693,4.0,4.0,0.04992975699544888,18540000000.0,4956000000.0,3.7409200968523004,False,0.003984493534332723,0.44441022341962366,0.013217027869861349,,NYQ,USD,187.62,51105214464.0,400515979.0,34.4,64.3,46.5,10,55,59.6,44.4,996,2026-09-04
BIO,"Bio-Rad Laboratories, Inc.",Healthcare,Medical Devices,United States,10371738624.0,4,"2022,2023,2024,2025",-0.13334553000852772,0.42478408257526207,0.09208969929197612,0.08975144352114692,4.0,4.0,-0.026760707319137045,674500000.0,1209900000.0,0.5574840895941814,False,-0.08406916233003192,0.5373640824481292,0.014493367309469646,,NYQ,USD,387.9,10371738624.0,118146194.0,0.0,54.4,16.9,85,100,55.1,44.4,997,2026-09-04
HCC,"Warrior Met Coal, Inc.",Basic Materials,Coking Coal,United States,5452871680.0,4,"2022,2023,2024,2025",0.19007789084444493,-0.35909248440270414,0.02208839637974122,0.08839584922164415,2.0,4.0,-0.09005082608650972,-82279000.0,252751000.0,0.0,True,0.017171033549260306,0.29051952477884674,0.15928426783017882,,NYQ,USD,103.27,5452871680.0,69264635.0,81.2,10.8,7.4,100,55,2.4,44.4,998,2026-09-04
LBTYA,Liberty Global Ltd.,Communication Services,Telecom Services,Bermuda,3635993344.0,4,"2022,2023,2024,2025",-0.08173247322514435,-0.3869009665776756,-0.3601396026316651,0.2546656569498159,3.0,4.0,0.06686665466491726,6513500000.0,-5636100000.0,,False,-0.3113178434486005,0.6864289994814399,0.02989595793325803,,NMS,USD,10.66,3635993344.0,23808588.0,0.0,88.7,53.7,30,100,27.7,44.4,999,2026-09-04
MEOH,Methanex Corporation,Basic Materials,Chemicals,Canada,4591568896.0,4,"2022,2023,2024,2025",0.09257534862802663,-0.07410752573304649,0.05798741399524413,0.13968162480279936,4.0,4.0,-0.05926377640314784,2327569000.0,868941000.0,2.678627202537341,False,0.012986825821062586,0.20523635610219249,0.029095622927784996,,NMS,USD,59.35,4591568896.0,52768085.0,49.1,69.1,10.8,45,55,28.7,44.3,1000,2026-09-04
TALO,Talos Energy Inc.,Energy,Oil & Gas E&P,United States,2886833152.0,4,"2022,2023,2024,2025",0.07010848167822864,-0.395763832160786,-0.10643851329911587,0.44766404121001857,4.0,4.0,0.025205117251460463,863380000.0,740465000.0,1.1659970423990331,False,1.0928503997227632,0.28235813438791296,0.17227378873699015,,NYQ,USD,17.29,2886833152.0,34460906.0,38.5,96.7,35.1,65,0,2.0,44.3,1001,2026-09-04
NPO,Enpro Inc.,Industrials,Specialty Industrial Machinery,United States,6250180608.0,4,"2022,2023,2024,2025",0.033669521057199114,0.00622768611888614,0.029322662786467803,0.12761321671144224,4.0,4.0,0.01319839834946146,540600000.0,194400000.0,2.7808641975308643,False,0.014354066985645897,0.40963682082924274,0.016873056124728975,,NYQ,USD,295.27,6250180608.0,72882380.0,27.5,66.9,30.0,45,55,48.9,44.3,1002,2026-09-04
MBLY,Mobileye Global Inc.,Consumer Cyclical,Auto Parts,Israel,7073560576.0,4,"2022,2023,2024,2025",-0.018368842854085337,-0.028099733150916614,-0.028516118171871056,0.21103046732123362,4.0,4.0,0.004438978636547297,-1836000000.0,77000000.0,0.0,True,0.07114624505928857,0.48055524959645135,0.02100170646128332,,NMS,USD,8.32,7073560576.0,51322868.0,0.0,84.0,26.7,100,25,40.1,44.3,1003,2026-09-04
ARMK,Aramark,Industrials,Specialty Business Services,United States,15100441600.0,4,"2022,2023,2024,2025",0.06214898500164667,0.036549591939627854,0.07052580899032453,0.014897205110939202,4.0,4.0,0.10577709732458551,4766842000.0,1271177000.0,3.749943556247478,False,0.03194068104093817,0.08129187104248,0.0019083379214264217,,NYQ,USD,57.28,15100441600.0,144835000.0,43.9,22.5,66.7,10,25,97.8,44.2,1004,2026-09-04
ITGR,Integer Holdings Corporation,Healthcare,Medical Devices,United States,4266001920.0,4,"2022,2023,2024,2025",0.05021232802261061,0.005888756020416927,0.04523139535756264,0.04622699222579098,4.0,4.0,0.11665432817370247,1168018000.0,292387000.0,3.9947672092124478,False,0.06706238570614853,0.2651375955033747,0.003883435940670061,,NYQ,USD,125.5,4266001920.0,109982804.0,35.7,34.9,70.0,10,25,91.8,44.2,1005,2026-09-04
SBLK,Star Bulk Carriers Corp.,Industrials,Marine Shipping,Greece,3558967040.0,4,"2022,2023,2024,2025",0.10202445316683796,-0.16530173550319205,0.03457559890713217,0.346196587744585,4.0,4.0,-0.10148793814666557,571159000.0,321851000.0,1.7746068833093573,False,0.12564652049486225,0.31984006261032905,0.09881399453286649,,NMS,USD,31.87,3558967040.0,43102454.0,54.6,93.7,6.5,65,0,6.5,44.1,1006,2026-09-04
DLR,"Digital Realty Trust, Inc.",Real Estate,REIT - Specialty,United States,70921469952.0,4,"2022,2023,2024,2025",0.03180712955308423,0.023249514522565462,0.04287802381607616,0.36346834063271644,4.0,4.0,0.09218604990875767,14950488000.0,3677788000.0,4.065076072900341,False,0.16746498209244787,0.5490157043871394,0.015939073799582034,,NYQ,USD,187.79,70921469952.0,563930929.0,26.8,94.6,62.0,10,0,51.0,44.1,1007,2026-09-04
AROC,"Archrock, Inc.",Energy,Oil & Gas Equipment & Services,United States,5709011968.0,4,"2022,2023,2024,2025",0.11348398273328587,0.0659629931774263,0.11500729197523968,0.027464853699712716,3.0,4.0,0.20779963132500834,2409340000.0,850414000.0,2.8331377423231507,False,0.13912391630271825,0.4027809689605746,0.06577212592809688,,NYQ,USD,32.56,5709011968.0,63359741.0,69.9,26.9,85.6,45,0,11.3,44.1,1008,2026-09-04
DAR,Darling Ingredients Inc.,Consumer Defensive,Packaged Foods,United States,10375541760.0,4,"2022,2023,2024,2025",0.07112923624156199,-0.0988466432235276,0.019596002983962756,0.07855918164131162,4.0,4.0,-0.020647652563179797,3848789000.0,791809000.0,4.860754298069358,False,-0.024152911571340696,0.23505666317212345,0.007266667174420718,,NYQ,USD,65.75,10375541760.0,161529143.0,39.2,49.8,18.3,10,80,80.0,44.0,1009,2026-09-04
ATRC,"AtriCure, Inc.",Healthcare,Medical Instruments & Supplies,United States,2668445952.0,4,"2022,2023,2024,2025",-0.0398397799868584,0.056611338245454876,-0.006112585771036475,-0.03928955386177509,1.0,4.0,0.17395831199134304,-94047000.0,16246000.0,0.0,True,0.0439440314822912,0.7483535717845551,0.0029858100560636665,,NGM,USD,52.46,2668445952.0,46923267.0,0.0,0.0,81.3,100,25,94.9,43.9,1010,2026-09-04
NCNO,"nCino, Inc.",Technology,Software - Application,United States,2498545664.0,4,"2023,2024,2025,2026",-0.027011800796421365,0.08259550655144896,0.011421323995698807,0.06695100350126851,3.0,4.0,0.13358454801836683,125126000.0,66419000.0,1.8838886463210829,False,0.03372786912935921,0.59727686715911,0.007768767120448229,,NMS,USD,23.63,2498545664.0,69871500.0,0.0,44.6,73.4,65,25,78.2,43.9,1011,2026-09-04
PEY.TO,Peyto Exploration & Development Corp.,Energy,Oil & Gas E&P,Canada,5205741568.0,4,"2022,2023,2024,2025",0.10815373125300881,-0.02811623701173753,0.11780194771444759,0.2522021877912578,4.0,4.0,-0.1222867326140088,1123216000.0,994637000.0,1.1292722872766647,False,0.16047407481921172,0.5748556893308158,0.07011279420630963,,TOR,CAD,25.31,3774902510.0,11835046.0,57.0,88.4,4.8,65,0,10.4,43.9,1012,2026-09-04
GNL,"Global Net Lease, Inc.",Real Estate,REIT - Diversified,United States,2114245248.0,4,"2022,2023,2024,2025",0.015269168147267136,-0.009570771199858982,0.015264805765088527,0.36129040294323056,4.0,4.0,0.09343652960420146,2336824000.0,311470000.0,7.5025652550807465,False,1.1531836506375015,0.89932291249462,0.009363432745374368,,NYQ,USD,9.14,2114245248.0,24902972.0,13.0,94.5,62.3,10,0,72.5,43.9,1013,2026-09-04
INTA,"Intapp, Inc.",Technology,Software - Application,United States,3298395904.0,4,"2022,2023,2024,2025",-0.16931742783910148,0.33415070075798725,-0.04158038729041009,0.11342870959752024,4.0,4.0,0.2282418514578468,-296995000.0,-4646000.0,0.0,True,0.22420094875184704,0.6926905304862834,0.03862799826673271,,NMS,USD,43.11,3298395904.0,34485974.0,0.0,62.7,87.6,100,0,21.0,43.8,1014,2026-09-04
VCYT,"Veracyte, Inc.",Healthcare,Diagnostics & Research,United States,3591053568.0,4,"2022,2023,2024,2025",-0.0066663466252554655,0.07729245640036264,0.05067330647476741,0.11987045142172725,3.0,4.0,0.2036816367328682,-373235000.0,89617000.0,0.0,True,0.12612210193142048,0.6496160675085203,0.04019454514236372,,NGM,USD,44.67,3591053568.0,60312764.0,0.0,65.0,85.0,100,0,20.5,43.8,1015,2026-09-04
NSIT,"Insight Enterprises, Inc.",Technology,Electronics & Computer Distribution,United States,4670869504.0,4,"2022,2023,2024,2025",0.09931530073936048,-0.05345356190015761,0.06690883326265346,0.041765416729186086,4.0,4.0,-0.07532199940030593,1228350000.0,416985000.0,2.9457894168854994,False,-0.11668487165483343,0.18884240870292957,0.02167569256614853,,NMS,USD,159.15,4670869504.0,64744130.0,52.9,32.9,9.1,45,100,38.8,43.8,1016,2026-09-04
ICLR,ICON Public Limited Company,Healthcare,Diagnostics & Research,Ireland,12620884992.0,4,"2022,2023,2024,2025",0.055680059401931103,-0.02113957804597586,0.0317599833975904,0.10553476974692289,4.0,4.0,0.021492667098339302,2755083000.0,823570000.0,3.345293053413796,False,-0.04179717305824193,0.2827054247108528,0.011170283711565514,,NMS,USD,163.58,12620884992.0,133634718.0,29.0,60.1,33.8,10,80,66.5,43.8,1017,2026-09-04
GEO,"The GEO Group, Inc.",Industrials,Security & Protection Services,United States,4064412672.0,4,"2022,2023,2024,2025",0.0877628958834481,0.02585672043258347,0.11691540028304137,0.047040485665482454,3.0,4.0,0.034532297751562746,1581628000.0,628054000.0,2.5182993819002824,False,0.142638676491033,0.2887752136595395,0.011571439532013367,,NYQ,USD,30.88,4064412672.0,64256741.0,57.1,35.1,39.1,45,0,65.1,43.7,1018,2026-09-04
EIF.TO,Exchange Income Corporation,Industrials,Airlines,Canada,6719970816.0,4,"2022,2023,2024,2025",0.0652563144927685,0.003579610816624487,0.06678886501968298,-0.03789821306293528,0.0,4.0,0.16753257832742885,2028912000.0,744669000.0,2.7245823312102426,False,0.20384113061751363,0.24290311482352306,0.004644233105957301,,TOR,CAD,119.18,4872933927.0,13475159.0,45.8,0.0,80.2,45,0,89.4,43.6,1019,2026-09-04
MCHP,Microchip Technology Incorporated,Technology,Semiconductors,United States,39699365888.0,4,"2023,2024,2025,2026",0.09990418336637447,-0.149823861628268,0.034466245045603916,0.26831395503954136,4.0,4.0,-0.1764745300112236,5256100000.0,1178200000.0,4.4611271430996435,False,-0.021711824869908525,0.6169021083211916,0.0488074361063003,,NMS,USD,73.11,39699365888.0,825312251.0,53.3,90.2,2.5,10,80,16.0,43.6,1020,2026-09-04
CDP,COPT Defense Properties,Real Estate,REIT - Office,United States,4089309184.0,4,"2022,2023,2024,2025",0.042200451285179845,0.0033176382523526296,0.057038126636823484,0.3649401778732512,4.0,4.0,0.011104024818944014,2492848000.0,409421000.0,6.088715527537669,False,0.006073521576984486,0.33640907208526316,0.024057369851774407,,NYQ,USD,35.3,4089309184.0,33851217.0,31.6,94.7,29.6,10,55,35.1,43.5,1021,2026-09-04
IAG,IAMGOLD Corporation,Basic Materials,Gold,Canada,11956740096.0,4,"2022,2023,2024,2025",0.09892090381639757,0.15997197771052876,0.1676183590845245,-0.21477206624803205,1.0,4.0,0.4382943247984723,227900000.0,1495700000.0,0.15237012769940497,False,0.21541997492686993,0.25988299951652755,0.12410665374837837,,NYQ,USD,20.94,11956740096.0,119694317.0,62.7,0.0,96.3,85,0,4.1,43.5,1022,2026-09-04
FTAI,FTAI Aviation Ltd.,Industrials,Aerospace & Defense,United States,20478767104.0,4,"2022,2023,2024,2025",0.08800333919607978,0.1635417759800122,0.1865393672001326,-0.7259425044587896,0.0,4.0,0.5239824347409485,3148415000.0,1122074000.0,2.805888916417277,False,0.04451680876138364,0.4073783142496002,0.024453528990964143,,NMS,USD,199.39,20478767104.0,269628916.0,57.3,0.0,97.2,45,25,34.8,43.4,1023,2026-09-04
ALHC,"Alignment Healthcare, Inc.",Healthcare,Healthcare Plans,United States,2809709056.0,4,"2022,2023,2024,2025",-0.20747999583255147,0.28271131305186903,0.023334301914805962,-0.018562700805670667,1.0,4.0,0.40158564966376287,-274587000.0,45323000.0,0.0,True,0.0926726091364527,0.118049345285211,0.008236978839443451,,NMS,USD,13.545,2809709056.0,73439690.0,0.0,0.0,95.9,100,25,76.5,43.4,1024,2026-09-04
VCEL,Vericel Corporation,Healthcare,Biotechnology,United States,2072331776.0,4,"2022,2023,2024,2025",0.003870632064739043,0.11247452708900191,0.04828743796526055,0.041490240406313356,3.0,4.0,0.18896489084704027,-41130000.0,29551000.0,0.0,True,0.10653511563759821,0.7060218168207222,0.03030337308606099,,NGM,USD,40.47,2072331776.0,23213430.0,21.2,32.8,83.1,100,0,27.3,43.4,1025,2026-09-04
AMBA,"Ambarella, Inc.",Technology,Semiconductor Equipment & Materials,United States,2780365568.0,4,"2023,2024,2025,2026",-0.16035697788205241,0.02971052050329774,-0.08325002647997862,0.08698507240385339,4.0,4.0,0.04989328814131788,-299136000.0,-56935000.0,0.0,True,0.11314552597957461,0.6049661870558936,0.009540814239155284,,NMS,USD,63.38,2780365568.0,102999218.0,0.0,53.3,46.4,100,0,71.4,43.3,1026,2026-09-04
MT,ArcelorMittal S.A.,Basic Materials,Steel,Luxembourg,57359953920.0,4,"2022,2023,2024,2025",0.07047038588586567,-0.0985426863005221,0.05641339841067546,0.03589909927712001,4.0,4.0,-0.0840702903985664,6837000000.0,7124000000.0,0.9597136440202133,False,-0.16192560175054704,0.0975991098357143,0.03549041061527345,,NYQ,USD,76.07,57359953920.0,122661278.0,38.8,30.4,7.9,85,100,23.3,43.2,1027,2026-09-04
SNDR,"Schneider National, Inc.",Industrials,Trucking,United States,5968995328.0,4,"2022,2023,2024,2025",0.07588199479364173,-0.11471721465921692,0.03765191000087548,0.01535221740574243,3.0,4.0,-0.04933762003352038,200500000.0,621800000.0,0.32245094885815373,False,-0.016219239373601813,0.10268705641861406,0.022302585364440693,,NYQ,USD,34.05,5968995328.0,30466816.0,41.3,22.9,12.3,85,80,37.5,43.1,1028,2026-09-04
CRS,Carpenter Technology Corporation,Industrials,Metal Fabrication,United States,23167639552.0,4,"2022,2023,2024,2025",0.078619216913621,0.17251374576299539,0.16551084510532837,0.022772522604095544,2.0,4.0,0.16145870753756064,379900000.0,670400000.0,0.5666766109785203,False,0.030487804878048808,0.17317648642113298,0.07138040160617838,,NYQ,USD,467.48,23167639552.0,377605100.0,53.0,5.1,79.5,85,25,10.2,43.0,1029,2026-09-04
GEF,"Greif, Inc.",Consumer Cyclical,Packaging & Containers,United States,4833230336.0,4,"2021,2022,2023,2024",0.09640433660432818,-0.06798644410561647,0.062591175616836,0.06504554640458142,4.0,4.0,-0.07798912312805617,2542900000.0,589000000.0,4.317317487266553,False,-0.029313232830820768,0.2070055333460133,0.00953938411466734,,NYQ,USD,85.02,4833230336.0,22305932.0,51.2,43.3,8.7,10,80,71.5,43.0,1030,2026-09-04
DRH,DiamondRock Hospitality Company,Real Estate,REIT - Hotel & Motel,United States,2476992768.0,4,"2022,2023,2024,2025",0.049191161655656734,-0.0033819687339824087,0.05010895519164735,0.07775923083390657,3.0,4.0,0.0381307118887495,1030766000.0,274644000.0,3.753098556677007,False,-0.023099021526848396,0.5536128361569088,0.008688180243900374,,NMS,USD,12.06,2476992768.0,29802383.0,25.1,49.4,41.0,10,80,74.6,43.0,1031,2026-09-04
RDNT,"RadNet, Inc.",Healthcare,Diagnostics & Research,United States,5872427008.0,4,"2022,2023,2024,2025",0.052592182231916584,-0.025029771755915677,0.03690203132476286,0.028186649296051906,4.0,4.0,0.12574519772255432,322704000.0,313816000.0,1.0283223290080812,False,0.3117364059547596,0.12610025516858406,0.010454457325776425,,NGM,USD,74.62,5872427008.0,61477329.0,27.0,27.1,71.5,65,0,68.9,43.0,1032,2026-09-04
PAA,"Plains All American Pipeline, L.P.",Energy,Oil & Gas Midstream,United States,18009583616.0,4,"2022,2023,2024,2025",0.08561419667756928,0.006357103517303078,0.0916936240815359,0.04415556246823764,4.0,4.0,-0.08268309063630297,10931000000.0,2908000000.0,3.7589408528198076,False,0.004279600570613384,0.032298088336007114,0.004237984117341066,,NMS,USD,25.525,18009583616.0,61744439.0,56.3,34.2,8.2,10,55,90.7,42.8,1033,2026-09-04
BIP,Brookfield Infrastructure Partners L.P.,Utilities,Utilities - Diversified,Bermuda,29170831360.0,4,"2022,2023,2024,2025",0.0697368893803165,0.008022713033200596,0.07640413107045144,0.02395142234249462,2.0,4.0,0.16989077395144503,62475000000.0,10633000000.0,5.875576036866359,False,0.004365858982754878,0.2611591540830048,0.009587903567196583,,NYQ,USD,36.84,29170831360.0,31854995.0,48.1,5.1,80.3,10,55,71.2,42.8,1034,2026-09-04
CALX,"Calix, Inc.",Technology,Software - Infrastructure,United States,2334075136.0,4,"2022,2023,2024,2025",0.014073301304064001,-0.03946042222079384,0.0192990378471612,0.05702780915077477,4.0,4.0,0.04839207255016875,-372511000.0,38700000.0,0.0,True,0.0057175196993222155,0.5285331212540447,0.029517659748676362,,NYQ,USD,37.07,2334075136.0,43459608.0,12.8,39.2,45.9,100,55,28.4,42.7,1035,2026-09-04
LNT,Alliant Energy Corporation,Utilities,Utilities - Regulated Electric,United States,17631358976.0,4,"2022,2023,2024,2025",0.05608008037543482,-0.020239736957336482,0.046587660668380465,0.22300304996331605,4.0,4.0,0.012293745856755134,11560000000.0,1993000000.0,5.800301053687908,False,0.026273885350318382,0.43520237783359056,0.0190568062650742,,NMS,USD,68.0,17631358976.0,168828360.0,29.5,85.5,29.8,10,55,44.2,42.6,1036,2026-09-04
PK,Park Hotels & Resorts Inc.,Real Estate,REIT - Hotel & Motel,United States,3036182016.0,4,"2022,2023,2024,2025",0.028514459324355545,-0.03738791548322223,-0.0003401262916188289,0.07375648145037515,4.0,4.0,0.005303029025347739,3605000000.0,333000000.0,10.825825825825826,False,-0.1271929824561403,0.2810947724084155,0.004395079101291516,,NYQ,USD,15.08,3036182016.0,72187477.0,15.8,47.5,27.2,10,100,90.2,42.6,1037,2026-09-04
ILMN,"Illumina, Inc.",Healthcare,Diagnostics & Research,United States,33470660608.0,4,"2022,2023,2024,2025",-0.11915237112313765,0.5619518575171353,0.19716719927843804,0.11562330974495247,4.0,4.0,-0.01784113685972244,571000000.0,1457000000.0,0.39190116678105696,False,-0.006369426751592355,0.6432008504519259,0.020100813902071007,,NMS,USD,221.66,33470660608.0,428301648.0,0.0,63.6,19.1,85,80,41.7,42.6,1038,2026-09-04
STM,STMicroelectronics N.V.,Technology,Semiconductors,Netherlands,45738074112.0,4,"2022,2023,2024,2025",0.14346270995694954,-0.23799949102567008,0.018919392815991184,0.04016072584427047,2.0,4.0,-0.098912087032209,-2568000000.0,2309000000.0,0.0,True,0.011817996412638365,0.42127551196111823,0.05843632683035732,,NYQ,USD,51.28,45738074112.0,572944671.0,70.6,6.5,6.7,100,55,13.5,42.5,1039,2026-09-04
CEG,Constellation Energy Corporation,Utilities,Utilities - Independent Power Producers,United States,100995317760.0,4,"2022,2023,2024,2025",0.09625786424456642,0.12695256199479604,0.11325722063890423,-0.15956480931142794,1.0,4.0,0.01469039149633189,5351000000.0,5959000000.0,0.8979694579627454,False,-0.03975535168195721,0.16377589868010972,0.062366160064123086,,NMS,USD,285.05,100995317760.0,892432545.0,61.1,0.0,30.8,85,80,12.6,42.5,1040,2026-09-04
ALGM,"Allegro MicroSystems, Inc.",Technology,Semiconductors,United States,6628456960.0,4,"2023,2024,2025,2026",0.06920846637362799,-0.1856322661298707,0.00572743382207898,0.08493443268970353,4.0,4.0,-0.02946571684924293,118523000.0,74827000.0,1.5839603351731326,False,-0.04467198506596959,0.5036689934566018,0.05118893710044086,,NMS,USD,35.56,6628456960.0,97839606.0,37.7,52.8,16.1,65,80,15.3,42.4,1041,2026-09-04
ANDE,"The Andersons, Inc.",Consumer Defensive,Food Distribution,United States,2360962048.0,4,"2022,2023,2024,2025",0.08767229624858205,-0.021414412259818924,0.07509168630376985,0.01839748569607025,3.0,4.0,-0.14028589105063194,774528000.0,321951000.0,2.4057325493631017,False,-0.0028619762372610325,0.054121878751504905,0.009976071947819059,,NMS,USD,69.49,2360962048.0,24127692.0,47.0,23.9,4.1,45,80,70.2,42.4,1042,2026-09-04
POST,"Post Holdings, Inc.",Consumer Defensive,Packaged Foods,United States,3818881024.0,4,"2022,2023,2024,2025",0.07070107185401375,-0.0646396813870714,0.05440918038654259,0.052239018224122656,4.0,4.0,0.11715824172391809,7246200000.0,1329700000.0,5.4494998871926,False,0.0031897926634769647,0.2744112744835258,0.01589029853671119,,NYQ,USD,84.26,3818881024.0,78124187.0,39.0,37.3,70.0,10,55,51.1,42.4,1043,2026-09-04
QXO,"QXO, Inc.",Industrials,Industrial Distribution,United States,13964624896.0,4,"2022,2023,2024,2025",-0.035065839632367715,0.016075223461968494,-0.011584502109776722,0.39207385965614144,4.0,4.0,4.337957664763096,695700000.0,259500000.0,2.6809248554913294,False,948.0853634935012,0.3578874897671359,0.0740015540185432,,NYQ,USD,13.46,13964624896.0,294310182.0,0.0,95.5,99.7,45,0,9.7,42.3,1044,2026-09-04
SBRA,"Sabra Health Care REIT, Inc.",Real Estate,REIT - Healthcare Facilities,United States,5346835456.0,4,"2022,2023,2024,2025",0.030561186788469488,0.045707428879501986,0.04984092185805432,0.4652860095410314,4.0,4.0,0.0742752963246307,2457359000.0,456832000.0,5.379130621322499,False,0.05866841522846533,0.6913277196694145,0.032802961719378,,NMS,USD,20.93,5346835456.0,63452560.0,26.4,97.1,56.5,10,25,25.1,42.3,1045,2026-09-04
WRBY,Warby Parker Inc.,Healthcare,Medical Instruments & Supplies,United States,2878831616.0,4,"2022,2023,2024,2025",-0.14408955396768655,0.2950134632596096,-0.011463410654556331,0.005703763795727653,3.0,4.0,0.13386726540285232,-53210000.0,44944000.0,0.0,True,0.06723373286143519,0.5521577808226071,0.011510968186454324,,NYQ,USD,23.29,2878831616.0,69217950.0,0.0,19.8,73.6,100,25,65.5,42.3,1046,2026-09-04
MPT,"Medical Properties Trust, Inc.",Real Estate,REIT - Healthcare Facilities,United States,2412687872.0,4,"2022,2023,2024,2025",0.02649590972512967,-0.020303183064681547,0.029811336385619995,0.38578591945599894,4.0,4.0,-0.14273050639945695,9156976000.0,812592000.0,11.26884832732786,False,0.0034316516848491574,0.9644654586479391,0.007949326606185154,,NYQ,USD,4.04,2412687872.0,27782575.0,15.6,95.4,3.8,10,55,77.7,42.2,1047,2026-09-04
MOS,The Mosaic Company,Basic Materials,Agricultural Inputs,United States,8103159808.0,4,"2022,2023,2024,2025",0.10054489598340226,-0.1588446039822647,0.06703946600695498,0.04346071244414574,3.0,4.0,-0.1426545439066701,4777300000.0,2504300000.0,1.9076388611588069,False,-0.10421348314606738,0.18902198145936816,0.06535500746383119,,NYQ,USD,25.49,8103159808.0,223316361.0,53.7,33.6,3.9,65,100,11.5,42.2,1048,2026-09-04
LW,"Lamb Weston Holdings, Inc.",Consumer Defensive,Packaged Foods,United States,6934649856.0,4,"2023,2024,2025,2026",0.11057282808368588,-0.0765911663045469,0.07146624623264403,0.029297713176759672,3.0,4.0,0.07312428058409792,3847000000.0,987800000.0,3.89451305932375,False,-0.04201101928374651,0.2408098185803537,0.02992248223704061,,NYQ,USD,50.44,6934649856.0,80150371.0,58.6,27.7,55.8,10,80,27.6,42.2,1049,2026-09-04
CNXC,Concentrix Corporation,Technology,Information Technology Services,United States,2004452736.0,4,"2022,2023,2024,2025",0.02857801146819315,-0.19423136641712452,-0.09543452881871373,0.06140009148554888,4.0,4.0,0.15819254490141677,4311167000.0,-231440000.0,,False,0.21785852338616163,0.3568483416708752,0.00462901561815683,,NMS,USD,32.85,2004452736.0,55945981.0,15.8,41.7,78.9,30,0,89.5,42.1,1050,2026-09-04
VTR,"Ventas, Inc.",Real Estate,REIT - Healthcare Facilities,United States,47247491072.0,4,"2022,2023,2024,2025",0.01960828026221667,0.013680540333700891,0.0265912721022713,0.1466237249378864,4.0,4.0,0.12210436341766595,12269949000.0,2271082000.0,5.4026886743851605,False,0.14663629558760105,0.42934262783308086,0.011952659112749286,,NYQ,USD,92.11,47247491072.0,330923136.0,23.9,71.5,71.0,10,0,64.0,42.0,1051,2026-09-04
NTNX,"Nutanix, Inc.",Technology,Software - Infrastructure,United States,18403420160.0,4,"2022,2023,2024,2025",-0.35850120798548935,1.4349064203680753,0.3015910720840046,0.17413466459705224,4.0,4.0,0.17093943533165779,574316000.0,292727000.0,1.9619508962275432,False,0.33353436509484014,0.8339442539963242,0.027040289554795843,,NMS,USD,68.08,18403420160.0,220627060.0,0.0,77.5,80.5,65,0,31.0,42.0,1052,2026-09-04
XPRO,Expro Ltd,Energy,Oil & Gas Equipment & Services,United States,2011049728.0,4,"2022,2023,2024,2025",0.02990143631573582,0.024311787633908895,0.03742403241283719,0.01977351560246568,3.0,4.0,0.07897081542867479,-27579000.0,292726000.0,0.0,True,0.06121130462627611,0.09383756900273588,0.02898722792608611,,NYQ,USD,17.9,2011049728.0,19921501.0,26.2,24.0,58.1,100,25,29.0,41.9,1053,2026-09-04
QTWO,"Q2 Holdings, Inc.",Technology,Software - Application,United States,3995688960.0,4,"2022,2023,2024,2025",-0.020112070849391442,0.13139973736454316,0.05920698668329916,0.11158273411735298,4.0,4.0,0.1200371866945138,-85874000.0,113558000.0,0.0,True,0.13643979057591626,0.4968213446692544,0.03210078085394905,,NYQ,USD,64.08,3995688960.0,52022899.0,0.0,62.1,70.6,100,0,25.8,41.9,1054,2026-09-04
LAD,"Lithia Motors, Inc.",Consumer Cyclical,Auto & Truck Dealerships,United States,8331161600.0,4,"2022,2023,2024,2025",0.08258161191415818,-0.045525228744375756,0.065650947981573,-0.013209984721382982,2.0,4.0,0.10114166301634975,14480100000.0,2302600000.0,6.28858681490489,False,-0.1024734982332155,0.16430838336767567,0.012402077385393015,,NYQ,USD,378.98,8331161600.0,112013603.0,44.8,0.0,65.0,10,100,62.5,41.8,1055,2026-09-04
R,"Ryder System, Inc.",Industrials,Rental & Leasing Services,United States,9470526464.0,4,"2022,2023,2024,2025",0.0787035316563477,-0.035695247614405456,0.07452070674020754,-0.024004910949825223,1.0,4.0,0.006009344162088981,7447000000.0,3329000000.0,2.237008110543707,False,-0.17878192534381143,0.20991497884665686,0.010778349675775671,,NYQ,USD,246.97,9470526464.0,86879848.0,43.1,0.0,27.6,45,100,67.7,41.8,1056,2026-09-04
BRKR,Bruker Corporation,Healthcare,Medical Devices,United States,9051666432.0,4,"2022,2023,2024,2025",0.09120024808501538,-0.11748961287185389,0.015030747179582023,0.045964231344912905,4.0,4.0,0.10736780873631147,1570300000.0,302600000.0,5.189358889623265,False,0.016064257028112428,0.4938770705548049,0.02228741924147021,,NMS,USD,59.41,9051666432.0,132815451.0,48.8,34.7,67.0,10,55,37.6,41.8,1057,2026-09-04
GXO,"GXO Logistics, Inc.",Industrials,Integrated Freight & Logistics,United States,5410818560.0,4,"2022,2023,2024,2025",0.045966673674115915,-0.01894020984226837,0.03095734126984127,0.018964598382787953,4.0,4.0,0.13583427524166125,2211000000.0,694000000.0,3.185878962536023,False,-0.011163447150047578,0.12908904228857654,0.009970380216760302,,NYQ,USD,47.18,5410818560.0,66765220.0,23.3,24.0,74.0,10,80,70.4,41.8,1058,2026-09-04
ORCL,Oracle Corporation,Technology,Software - Infrastructure,United States,443707752448.0,4,"2023,2024,2025,2026",0.13375628191594274,-0.0022707659576377826,0.12631009342589544,0.008495178960234648,2.0,4.0,0.10476732816565715,98252000000.0,33447000000.0,2.9375429784435076,False,0.053506869125090395,0.7014665733950077,0.026321177910530413,,NYQ,USD,154.04,443707752448.0,4849770406.0,67.4,4.1,66.1,45,25,31.9,41.6,1059,2026-09-04
TPC,Tutor Perini Corporation,Industrials,Engineering & Construction,United States,4594315776.0,4,"2022,2023,2024,2025",-0.004758431101791985,0.1693513403329236,0.10974361749757688,0.07868444277903383,4.0,4.0,0.13503017090127756,-327179000.0,304735000.0,0.0,True,0.040702205595822605,0.0516015953591093,0.04013470245196957,,NYQ,USD,87.32,4594315776.0,62085306.0,0.0,49.9,73.7,100,25,20.6,41.6,1060,2026-09-04
RNG,"RingCentral, Inc.",Technology,Software - Application,United States,6376530432.0,4,"2022,2023,2024,2025",-0.13409505361781818,0.7292667803722938,0.13503860581032542,0.1438352947209135,4.0,4.0,0.08149541211479883,1121232000.0,339119000.0,3.306308405014169,False,-0.04226209851006413,0.6985423462685185,0.013263097337193597,,NYQ,USD,76.36,6376530432.0,142036701.0,0.0,70.9,59.2,10,80,59.4,41.5,1061,2026-09-04
CELH,"Celsius Holdings, Inc.",Consumer Defensive,Beverages - Non-Alcoholic,United States,7998437888.0,4,"2022,2023,2024,2025",-0.4515686280139383,3.1907018742810562,0.08120622687889606,0.13800787619126817,4.0,4.0,0.5670754693024982,271060000.0,203461000.0,1.3322454917650066,False,0.12514375603114392,0.47510439073817423,0.03621917657283787,,NCM,USD,31.61,7998437888.0,312957492.0,0.0,68.7,97.5,65,0,22.5,41.5,1062,2026-09-04
CVI,"CVR Energy, Inc.",Energy,Oil & Gas Refining & Marketing,United States,4381123584.0,4,"2022,2023,2024,2025",0.18498449791605248,-0.2816020946563682,0.060868852459016395,0.03178961068782127,3.0,4.0,-0.1305277198753345,1199000000.0,591000000.0,2.0287648054145517,False,0.0,0.07822887482822517,0.04407888082194121,,NYQ,USD,43.58,4381123584.0,44127583.0,80.6,28.9,4.5,45,55,17.9,41.5,1063,2026-09-04
PII,Polaris Inc.,Consumer Cyclical,Recreational Vehicles,United States,3476236288.0,4,"2022,2023,2024,2025",0.07706372456438897,-0.35706009897098523,-0.1477822543181722,0.03779028919443681,3.0,4.0,-0.05920507133723074,1401500000.0,-114800000.0,,False,-0.0532445923460898,0.2108249862824048,0.014072736111130541,,NYQ,USD,61.09,3476236288.0,51212419.0,41.9,31.3,11.0,30,100,56.8,41.4,1064,2026-09-04
SW,Smurfit Westrock Plc,Consumer Cyclical,Packaging & Containers,Ireland,23739906048.0,4,"2022,2023,2024,2025",0.07209062370366168,-0.08013159474359928,0.04085579439252336,0.03215586937420347,4.0,4.0,0.3215380139788915,12881000000.0,4349000000.0,2.961830305817429,False,1.001189601532567,0.22182461030700198,0.025869533857139113,,NYQ,USD,45.26,23739906048.0,249581925.0,39.5,29.1,93.7,45,0,32.6,41.4,1065,2026-09-04
ROAD,"Construction Partners, Inc.",Industrials,Engineering & Construction,United States,5827660288.0,4,"2022,2023,2024,2025",0.06156409003953633,0.03470402742618542,0.06744922163626546,0.0296738457264867,3.0,4.0,0.2927742353798355,1456052000.0,373167000.0,3.9018777115875736,False,0.06570074110685242,0.13258623101391057,0.018289356090922256,,NMS,USD,102.68,5827660288.0,94470323.0,43.8,27.9,92.2,10,25,45.9,41.3,1066,2026-09-04
JHX,James Hardie Industries plc,Basic Materials,Building Materials,Ireland,17200881664.0,4,"2023,2024,2025,2026",0.13286962731515586,-0.1776644074031951,0.023966059942520872,0.062318508482760174,4.0,4.0,0.08585028402581596,4265800000.0,931300000.0,4.580478900461721,False,0.22419210053859961,0.37417125512253224,0.022628575539592855,,NYQ,USD,29.63,17200881664.0,215017591.0,66.9,42.1,60.7,10,0,37.2,41.3,1067,2026-09-04
PFGC,Performance Food Group Company,Consumer Defensive,Food Distribution,United States,15573735424.0,4,"2022,2023,2024,2025",0.06349454220823057,0.02881210951806419,0.06148971727578793,0.008827988481345852,4.0,4.0,0.07541537545131405,5310300000.0,1535100000.0,3.459253468829392,False,0.03370786516853941,0.11063677715127392,0.005089116400432952,,NYQ,USD,99.15,15573735424.0,162692459.0,45.3,20.6,57.0,10,25,87.7,41.2,1068,2026-09-04
AMRX,"Amneal Pharmaceuticals, Inc.",Healthcare,Drug Manufacturers - Specialty & Generic,United States,6224050176.0,4,"2022,2023,2024,2025",0.058629395392407996,0.16321491408853622,0.13973780147951967,0.06436742777019447,3.0,4.0,0.10916100874073353,2289847000.0,603872000.0,3.7919410073657995,False,1.1518245177019293,0.3578859524739479,0.010127255088674845,,NMS,USD,17.87,6224050176.0,35686158.0,41.4,43.0,67.8,10,0,69.7,41.1,1069,2026-09-04
APG,APi Group Corporation,Industrials,Engineering & Construction,United States,17299376128.0,4,"2022,2023,2024,2025",0.0550795933961445,0.03107881301602284,0.0656679098427112,0.06277135415275159,4.0,4.0,0.06451877140330553,1847000000.0,881000000.0,2.0964812712826335,False,0.04260651629072676,0.29152512148222265,0.021899771795318535,,NYQ,USD,40.03,17299376128.0,114561777.0,38.6,42.4,52.6,45,25,38.6,41.1,1070,2026-09-04
CBZ,"CBIZ, Inc.",Industrials,Specialty Business Services,United States,2979629568.0,4,"2022,2023,2024,2025",0.07933274835613924,-0.054190325590787895,0.05980746994009616,0.07248115102364504,4.0,4.0,0.25003316533568554,1437634000.0,366320000.0,3.924530465167067,False,0.20714667481102533,0.13198669593397583,0.02091210029607644,,NYQ,USD,54.91,2979629568.0,68846817.0,43.5,46.8,89.0,10,0,40.2,41.1,1071,2026-09-04
TDS,"Telephone and Data Systems, Inc.",Communication Services,Telecom Services,United States,4353687040.0,4,"2022,2023,2024,2025",0.0010309792454897817,0.007252099950543486,0.03496001783910654,0.2259918983410808,3.0,4.0,-0.3900730167117561,62686000.0,553515000.0,0.11325077007849832,False,0.04002631578947358,0.5382626659196189,0.035551821409832464,,NYQ,USD,37.82,4353687040.0,42120890.0,20.6,85.8,0.6,85,25,23.3,41.1,1072,2026-09-04
AVT,"Avnet, Inc.",Technology,Electronics & Computer Distribution,United States,7453867520.0,4,"2022,2023,2024,2025",0.10131379148279959,-0.06498838334043489,0.062088830832782084,5.9580290357417846e-05,2.0,4.0,-0.029810196729918692,2469585000.0,622166000.0,3.969334550586178,False,-0.12428495576994358,0.11644159909212509,0.005567419077394796,,NMS,USD,90.82,7453867520.0,114583235.0,54.3,3.8,16.0,10,100,86.0,41.1,1073,2026-09-04
GFF,Griffon Corporation,Industrials,Building Products & Equipment,United States,4483463168.0,4,"2022,2023,2024,2025",0.07294471212351974,0.19054781664662346,0.11871986636725325,0.095914369121417,4.0,4.0,-0.04002969797657385,1313445000.0,286397000.0,4.586099016400311,False,-0.09651261805233013,0.3727205445252462,0.03454667839287917,,NYQ,USD,97.75,4483463168.0,34166166.0,49.9,56.6,14.0,10,100,24.1,41.0,1074,2026-09-04
BTE,Baytex Energy Corp.,Energy,Oil & Gas E&P,Canada,3461039872.0,4,"2022,2023,2024,2025",0.05668743399207355,-0.2326470409796707,0.0028476812394098118,0.1838637590179113,4.0,4.0,-0.16455418457942927,-835122000.0,1273014000.0,0.0,True,0.36419342538153887,0.2957035815659409,0.05563554250183245,,NYQ,USD,4.95,3461039872.0,85331461.0,30.2,79.4,2.7,100,0,14.4,41.0,1075,2026-09-04
RGLD,"Royal Gold, Inc.",Basic Materials,Gold,United States,22440173568.0,4,"2022,2023,2024,2025",0.08312771179901558,-0.01543634253188339,0.061523869865084,-0.0019228890340994842,2.0,4.0,0.1954278620854133,661717000.0,779970000.0,0.8483877585035322,False,0.05938256471637038,0.6120665345530617,0.06398925513424024,,NMS,USD,264.85,22440173568.0,198222480.0,45.1,0.0,83.9,85,25,11.9,40.9,1076,2026-09-04
CAVA,"CAVA Group, Inc.",Consumer Cyclical,Restaurants,United States,7203438080.0,4,"2022,2023,2024,2025",0.05972096361825366,0.06556273091949681,0.09159116328226807,-0.038531224306749566,2.0,4.0,0.2787800911096867,73219000.0,153005000.0,0.4785399169961766,False,0.22124339031364348,0.22958056218400993,0.0323116314001489,,NYQ,USD,61.67,7203438080.0,199603157.0,42.2,0.0,91.6,85,0,25.6,40.9,1077,2026-09-04
FND,"Floor & Decor Holdings, Inc.",Consumer Cyclical,Home Improvement Retail,United States,5258474496.0,4,"2022,2023,2024,2025",0.11103440345395402,-0.06510302580685433,0.08343001565418605,0.00651374762503748,3.0,4.0,0.03177870181045561,1742181000.0,519088000.0,3.356234395709398,False,0.00908388633973356,0.42381751746784724,0.012181382016760658,,NYQ,USD,49.38,5258474496.0,125604696.0,58.9,20.0,37.7,10,55,63.3,40.9,1078,2026-09-04
ARIS,Aris Mining Corporation,Basic Materials,Gold,Canada,4242150400.0,4,"2022,2023,2024,2025",0.07376548892988001,0.037701892907508056,0.10625767607790704,-0.01375242921188858,1.0,4.0,0.3237022142058186,127588000.0,299792000.0,0.42558840796285424,False,0.5750272375463155,0.39497843510314995,0.07231215463871078,,NYQ,USD,20.55,4242150400.0,32010735.0,50.2,0.0,93.8,85,0,10.1,40.9,1079,2026-09-04
AUPH,Aurinia Pharmaceuticals Inc.,Healthcare,Biotechnology,Canada,2144784896.0,4,"2022,2023,2024,2025",-0.20722946958205385,,-0.20722946958205385,-0.031081706622020158,2.0,4.0,0.2829890144276561,-323185000.0,137936000.0,0.0,True,-0.02265440580629252,0.9103983817619623,0.031305623877786945,,NGM,USD,16.12,2144784896.0,22936165.0,0.0,0.0,91.9,100,80,26.5,40.8,1080,2026-09-04
MAC,The Macerich Company,Real Estate,REIT - Retail,United States,6803400192.0,4,"2022,2023,2024,2025",0.0031016252389388316,-0.007620390879413979,0.008949808169046945,0.35289681889875146,4.0,4.0,0.05498318274443048,4788700000.0,448393000.0,10.67969392920942,False,0.1846135963304394,0.568557275870692,0.010336742063500977,,NYQ,USD,23.06,6803400192.0,82471807.0,11.0,93.9,49.2,10,0,69.2,40.8,1081,2026-09-04
PAGP,"Plains GP Holdings, L.P.",Energy,Oil & Gas Midstream,United States,6449452032.0,4,"2022,2023,2024,2025",0.14726352011175267,-0.012184135695311904,0.13799541415423675,0.043373868830886356,4.0,4.0,-0.08268309063630297,10930000000.0,2815000000.0,3.882770870337478,False,2.6288659793814433,0.05777276910956475,0.004563327633105693,,NMS,USD,27.68,6449452032.0,40908936.0,71.6,33.5,8.2,10,0,89.6,40.8,1082,2026-09-04
GTLB,GitLab Inc.,Technology,Software - Infrastructure,United States,8215786496.0,4,"2023,2024,2025,2026",-0.1672853650457305,0.17392829526777046,-0.042686954660895476,0.001040973541895432,2.0,4.0,0.31058476691652004,-1259716000.0,-59136000.0,0.0,True,0.12388229665716577,0.8841770672117423,0.009035268914827215,,NMS,USD,49.31,8215786496.0,250811370.0,0.0,3.8,93.3,100,0,73.3,40.8,1083,2026-09-04
BALL,Ball Corporation,Consumer Cyclical,Packaging & Containers,United States,16657782784.0,4,"2022,2023,2024,2025",0.069856939961803,0.023478389747254635,0.0912775677632108,-0.0011378785759293079,2.0,4.0,-0.005287656768822813,5800000000.0,2064000000.0,2.810077519379845,False,-0.13760905977350568,0.1906101573211066,0.014096337127225318,,NYQ,USD,62.93,16657782784.0,144175839.0,48.4,0.0,23.4,45,100,56.5,40.8,1084,2026-09-04
DE,Deere & Company,Industrials,Farm & Heavy Construction Machinery,United States,187230568448.0,4,"2022,2023,2024,2025",0.11145122796379713,-0.02637039874021381,0.08381076936347347,0.061543842409487945,4.0,4.0,-0.0450056665565175,55621000000.0,11656000000.0,4.771877144818119,False,-0.11296114920013056,0.3569251909068355,0.02999295561601882,,NYQ,USD,694.41,187230568448.0,861033680.0,59.0,41.8,12.7,10,100,27.5,40.6,1085,2026-09-04
GTY,Getty Realty Corp.,Real Estate,REIT - Retail,United States,2022102784.0,4,"2022,2023,2024,2025",0.050222830761559256,-0.01607125073278628,0.04791021405664387,0.5843140642164195,4.0,4.0,0.10220719094014785,989990000.0,189043000.0,5.236850875197707,False,0.20541013706819244,0.9073347619832012,0.038314803291630166,,NYQ,USD,32.65,2022102784.0,17128451.0,25.8,98.5,65.4,10,0,21.2,40.6,1086,2026-09-04
IRT,"Independence Realty Trust, Inc.",Real Estate,REIT - Residential,United States,3898398208.0,4,"2022,2023,2024,2025",0.017639796168039915,-0.007523626885650232,0.018810175756447327,0.14178248544810929,4.0,4.0,0.01523725911518481,2257911000.0,379946000.0,5.942715543787801,False,0.05263196339539711,0.5893366826247491,0.0026103289818058357,,NYQ,USD,16.13,3898398208.0,45577251.0,13.7,70.3,31.0,10,25,96.4,40.6,1087,2026-09-04
SAH,"Sonic Automotive, Inc.",Consumer Cyclical,Auto & Truck Dealerships,United States,2510847488.0,4,"2022,2023,2024,2025",0.06875880319575957,-0.010205224597743097,0.05385929985702526,0.004896725665786457,2.0,4.0,0.0267181055227268,3541800000.0,525300000.0,6.742432895488292,False,-0.12594458438287148,0.1582865894946725,0.004304192070259466,,NYQ,USD,79.42,2510847488.0,21657040.0,37.5,3.9,35.8,10,100,90.4,40.6,1088,2026-09-04
ACAD,ACADIA Pharmaceuticals Inc.,Healthcare,Biotechnology,United States,4800432128.0,4,"2022,2023,2024,2025",-0.10175823802813615,0.5086073987551831,0.06746078263632586,0.01617604559368354,3.0,4.0,0.27478056109979954,-767499000.0,116571000.0,0.0,True,0.050939183463938775,0.9386303437743426,0.026489220463530035,,NMS,USD,27.86,4800432128.0,45337609.0,0.0,23.4,90.9,100,25,31.8,40.6,1089,2026-09-04
WIX,Wix.com Ltd.,Technology,Software - Infrastructure,Israel,3398180352.0,4,"2022,2023,2024,2025",-0.06737032092147917,0.6369411286220457,0.0051157789164309585,0.16288309656342964,3.0,4.0,0.12826377976268,814413000.0,36373000.0,22.390591922579937,False,-0.004772477071687042,0.6631513695975296,0.02469469333458737,,NMS,USD,81.2,3398180352.0,130339885.0,0.0,75.6,72.3,10,80,34.3,40.6,1090,2026-09-04
FLUT,Flutter Entertainment plc,Consumer Cyclical,Gambling,United States,17759991808.0,4,"2022,2023,2024,2025",0.0020856621530890053,0.020693283731464753,0.017317405182125423,0.04945165331656669,4.0,4.0,0.20075627178324162,8506000000.0,1984000000.0,4.287298387096774,False,0.0009443938631363835,0.47358974035961277,0.01412562692316608,,NYQ,USD,102.34,17759991808.0,300840097.0,20.8,36.4,84.8,10,55,56.2,40.6,1091,2026-09-04
ERO,Ero Copper Corp.,Basic Materials,Copper,Canada,3683969024.0,4,"2022,2023,2024,2025",0.08413127266313872,0.055305106057679215,0.18105186073677257,-0.32969570933084746,1.0,4.0,0.2260525867020804,501672000.0,462030000.0,1.0857996234010778,False,0.12977680228293043,0.4070925296863246,0.03223580489983043,,NYQ,USD,35.32,3683969024.0,47457824.0,55.4,0.0,87.2,65,0,25.6,40.5,1092,2026-09-04
OUT,OUTFRONT Media Inc.,Real Estate,REIT - Specialty,United States,5178376192.0,4,"2022,2023,2024,2025",0.055937495420241304,0.019312101937073875,0.08767970125690691,0.10094571840475765,4.0,4.0,0.011087419311221591,2483500000.0,453100000.0,5.4811299933789455,False,0.0714072409804607,0.48349701840611575,0.00983312147368461,,NYQ,USD,29.4,5178376192.0,52876488.0,39.3,58.3,29.6,10,25,70.7,40.5,1093,2026-09-04
KNSA,"Kiniksa Pharmaceuticals International, plc",Healthcare,Drug Manufacturers - Specialty & Generic,United Kingdom,6278592512.0,4,"2022,2023,2024,2025",-0.004397779393332826,0.07098183716186243,0.09047114547767289,0.08400198448118101,4.0,4.0,0.4545349194420236,-404577000.0,78775000.0,0.0,True,0.12152154712460517,0.7937691027977649,0.1434087372312688,,NMS,USD,80.47,6278592512.0,58720488.0,0.0,52.4,96.5,100,0,3.1,40.4,1094,2026-09-04
INDV,"Indivior Pharmaceuticals, Inc.",Healthcare,Drug Manufacturers - Specialty & Generic,United States,4110998784.0,4,"2022,2023,2024,2025",-3.268444596512808,1.301734333020931,1.1334181818181819,-0.1011530251478834,1.0,4.0,0.11202744321450653,124000000.0,304000000.0,0.40789473684210525,False,-0.12098175350405516,0.820055474661149,0.016877879706638673,,NMS,USD,34.83,4110998784.0,71271932.0,0.0,0.0,69.0,85,100,48.8,40.4,1095,2026-09-04
EMN,Eastman Chemical Company,Basic Materials,Specialty Chemicals,United States,8090894848.0,4,"2022,2023,2024,2025",0.08948059853033999,-0.03088275526087332,0.06123398920729438,0.053866476531558447,4.0,4.0,-0.06127032466847515,4221000000.0,1300000000.0,3.246923076923077,False,-0.07445956765412332,0.22013562351966093,0.015853989491405682,,NYQ,USD,70.77,8090894848.0,80575325.0,48.0,37.9,10.6,10,100,51.2,40.4,1096,2026-09-04
AWR,American States Water Company,Utilities,Utilities - Regulated Water,United States,3553333760.0,4,"2022,2023,2024,2025",0.08314873416084989,0.014976384969546883,0.08411108627603679,-0.0920034442957959,0.0,4.0,0.10215312575026281,913085000.0,265447000.0,3.4398015423041133,False,0.044115661869921,0.7516979538260754,0.0057332132589984625,,NYQ,USD,89.65,3553333760.0,27826553.0,55.1,0.0,65.3,10,25,85.4,40.4,1097,2026-09-04
RYN,Rayonier Inc.,Real Estate,REIT - Specialty,United States,6080750592.0,4,"2022,2023,2024,2025",0.06132586605841161,-0.015485216568810207,0.030794710806463305,0.158528851901944,3.0,4.0,-0.1892368188485648,202373000.0,207399000.0,0.9757665176784844,False,0.056987310799009094,0.3355842427772607,0.07226514951841559,,NYQ,USD,20.32,6080750592.0,57074958.0,33.5,74.7,1.9,85,25,10.2,40.4,1098,2026-09-04
WLY,"John Wiley & Sons, Inc.",Communication Services,Publishing,United States,2571683584.0,4,"2023,2024,2025,2026",0.040031332661808625,0.07022516422050878,0.10143408466355322,0.07942084469847499,4.0,4.0,-0.06021830714162879,607775000.0,405181000.0,1.5000086381148179,False,-0.027060597994854052,0.708275322356799,0.0364239048118665,,NYQ,USD,50.66,2571683584.0,27763960.0,30.6,50.5,10.7,65,80,22.3,40.4,1099,2026-09-04
TAP,Molson Coors Beverage Company,Consumer Defensive,Beverages - Brewers,United States,7564435968.0,4,"2022,2023,2024,2025",0.004695995705380759,-0.12662853508033695,-0.1189099084441433,0.1002495890189275,4.0,4.0,0.013516144991544188,5403000000.0,-1544400000.0,,False,-0.08206546795758418,0.3721254625713831,0.018604460148337398,,NYQ,USD,40.57,7564435968.0,123771565.0,11.4,58.2,30.2,30,100,45.3,40.3,1100,2026-09-04
SDRL,Seadrill Limited,Energy,Oil & Gas Drilling,United States,3131450112.0,4,"2021,2023,2024,2025",0.0582333258838425,-0.09718955602393095,0.001901469317199654,-0.05594551700547,1.0,4.0,0.16577971373161904,274000000.0,248000000.0,1.1048387096774193,False,-0.37903226,0.14125309918901463,0.11916408915077176,,NYQ,USD,50.07,3131450112.0,39912950.0,31.2,0.0,80.0,65,100,4.4,40.2,1101,2026-09-04
RCL,Royal Caribbean Cruises Ltd.,Consumer Cyclical,Travel Services,United States,71021895680.0,4,"2022,2023,2024,2025",0.10596004767741063,0.1915785947121734,0.16775224284621756,-0.005090725210065542,3.0,4.0,0.2659259431555814,20520000000.0,7083000000.0,2.8970775095298604,False,0.07446345451764835,0.41523056676387804,0.09637018180083674,,NYQ,USD,265.55,71021895680.0,587503086.0,65.9,0.0,90.0,45,25,6.8,40.2,1102,2026-09-04
TRLV,Trulieve Cannabis Corp.,Healthcare,Drug Manufacturers - Specialty & Generic,United States,2308856832.0,4,"2022,2023,2024,2025",0.01688522957274824,0.07127449004114259,0.08786877642886373,0.0694237205812932,3.0,4.0,-0.01024193249949401,308088000.0,328329000.0,0.9383514706285464,False,0.01755319148936163,0.5730722241147139,0.0334995373279411,,NYQ,USD,11.99,2308856832.0,16116047.0,23.5,45.7,21.3,85,55,24.4,40.1,1103,2026-09-04
LYFT,"Lyft, Inc.",Technology,Software - Application,United States,6541175808.0,4,"2022,2023,2024,2025",-0.28813746119736533,0.9968128457771576,-0.005932850637484878,0.04167759756280439,2.0,4.0,0.15539534847389702,-560448000.0,102735000.0,0.0,True,0.17739639332339152,0.4163088405474701,0.007223046940835502,,NMS,USD,17.28,6541175808.0,204986523.0,0.0,6.6,78.3,100,0,80.3,40.1,1104,2026-09-04
PBF,PBF Energy Inc.,Energy,Oil & Gas Refining & Marketing,United States,8929381376.0,4,"2022,2023,2024,2025",0.17158339765884714,-0.4639661795551895,-0.002617196496960283,0.01722408530038649,2.0,4.0,-0.14439550126798595,1620400000.0,634100000.0,2.5554328970193976,False,-0.09415562840535541,0.032946349179778574,0.05015360811829555,,NYQ,USD,75.33,8929381376.0,222920905.0,78.0,4.8,3.7,45,100,15.7,40.1,1105,2026-09-04
RYTM,"Rhythm Pharmaceuticals, Inc.",Healthcare,Biotechnology,United States,7221894656.0,4,"2022,2023,2024,2025",-2.7569556411418428,-0.4708188751839322,-0.9967182477762837,-2.691701046663874,0.0,4.0,1.0022994394905216,-384957000.0,-174121000.0,0.0,True,0.24680519933912626,0.8960436185491887,0.01064308182084749,,NGM,USD,104.89,7221894656.0,79802724.0,0.0,0.0,98.6,100,0,68.3,40.0,1106,2026-09-04
BRZE,"Braze, Inc.",Technology,Software - Application,United States,3745003008.0,4,"2023,2024,2025,2026",-0.2156485507329228,0.12356974906848531,-0.13924141546442823,-0.0029385669191319234,2.0,4.0,0.2758650836774459,-329268000.0,-125429000.0,0.0,True,0.14102930135668146,0.6810502041378032,0.008423365015280543,,NMS,USD,33.25,3745003008.0,80345167.0,0.0,0.0,91.2,100,0,75.6,40.0,1107,2026-09-04
ABM,ABM Industries Incorporated,Industrials,Specialty Business Services,United States,2766777088.0,4,"2022,2023,2024,2025",0.07515195491427444,-0.01775303767370022,0.06963676501297694,0.014351739839050321,3.0,4.0,0.03859810701040445,1462400000.0,421900000.0,3.4662242237497036,False,-0.07111111111111112,,,,NYQ,USD,47.23,2766777088.0,25275371.0,41.0,22.4,41.2,10,100,50.0,39.9,1108,2026-09-04
DNOW,DNOW Inc.,Industrials,Industrial Distribution,United States,2856417024.0,4,"2022,2023,2024,2025",0.07730597029721634,-0.18236057797693697,-0.02695915279878971,0.05969153879517608,3.0,4.0,0.09702355648963557,247000000.0,-29000000.0,,False,0.06198376576576581,0.21559745076953957,0.02702492207394684,,NYQ,USD,15.8,2856417024.0,42364666.0,42.2,40.5,63.6,30,25,31.1,39.9,1109,2026-09-04
AXSM,"Axsome Therapeutics, Inc.",Healthcare,Biotechnology,United States,10913543168.0,4,"2022,2023,2024,2025",-0.6913348174517743,0.05709604464728546,-0.6398164004622502,-0.8403733245595181,0.0,4.0,1.3368040993215917,-104820000.0,-168083000.0,0.0,True,0.22361398546893807,0.9097722231256771,0.011073657990866537,,NGM,USD,208.35,10913543168.0,178802220.0,0.0,0.0,99.1,100,0,67.0,39.9,1110,2026-09-04
UHAL,U-Haul Holding Company,Industrials,Rental & Leasing Services,United States,13217363968.0,4,"2023,2024,2025,2026",0.060336122875825834,-0.071659011250398,0.026161907195358935,-0.2528275676391766,0.0,4.0,0.009744861173903274,4586523000.0,1759152000.0,2.6072351905918305,False,0.0,0.8580532426198731,0.0011112646555447169,,NYQ,USD,67.61,13217363968.0,13774456.0,32.9,0.0,29.2,45,55,99.4,39.8,1111,2026-09-04
ASAN,"Asana, Inc.",Technology,Software - Application,United States,2325844224.0,4,"2023,2024,2025,2026",-0.651628841165699,0.22819052180862198,-0.5571529701446599,-0.0630572798952845,2.0,4.0,0.13058906596430186,-184627000.0,-158982000.0,0.0,True,0.18391373466510696,0.8953516884199597,0.004013612535421443,,NYQ,USD,10.09,2325844224.0,51894494.0,0.0,0.0,72.9,100,0,91.5,39.7,1112,2026-09-04
KMI,"Kinder Morgan, Inc.",Energy,Oil & Gas Midstream,United States,70366953472.0,4,"2022,2023,2024,2025",0.055086331724160394,0.008032464650850737,0.05944026436197255,0.20406015575479453,4.0,4.0,-0.040941527613036044,31719000000.0,7177000000.0,4.419534624494914,False,-0.015500442869796238,0.5052409669997222,0.059416311916220606,,NYQ,USD,31.6,70366953472.0,323708188.0,38.7,82.2,13.7,10,80,13.3,39.7,1113,2026-09-04
BC,Brunswick Corporation,Consumer Cyclical,Recreational Vehicles,United States,4714660864.0,4,"2022,2023,2024,2025",0.08297094354748608,-0.1719519722706614,-0.005086109769837438,0.055687593724300315,4.0,4.0,-0.0766463500845519,1845400000.0,268500000.0,6.8729981378026075,False,-0.12367021276595747,0.26783545206095977,0.015228690110316365,,NYQ,USD,72.76,4714660864.0,50234159.0,44.9,38.6,8.9,10,100,53.0,39.7,1114,2026-09-04
MGNI,"Magnite, Inc.",Communication Services,Advertising Agencies,United States,3532536832.0,4,"2022,2023,2024,2025",-0.016132815016316217,0.1151841126760154,0.047850063106119736,0.2591492258876712,4.0,4.0,0.07352944129091443,2750000.0,143224000.0,0.019200692621348377,False,0.15714855478715006,0.5113608008982153,0.11757051143944035,,NMS,USD,24.63,3532536832.0,72382127.0,0.0,89.1,56.1,85,0,4.5,39.7,1115,2026-09-04
XPO,"XPO, Inc.",Industrials,Trucking,United States,21637578752.0,4,"2022,2023,2024,2025",0.08820988275928471,0.01236414425836424,0.091540780827213,-0.006727211004903583,3.0,4.0,0.018611471129643453,3003000000.0,,,False,0.02586206896551735,0.10684758227949583,0.01026198371024584,,NYQ,USD,184.8,21637578752.0,213577426.0,57.4,0.0,32.4,30,55,69.5,39.6,1116,2026-09-04
EXC,Exelon Corporation,Utilities,Utilities - Regulated Electric,United States,45877207040.0,4,"2022,2023,2024,2025",0.055178540133117446,0.006977554217113616,0.05776690585461092,-0.10099727549460913,0.0,4.0,0.08336312473906027,49454000000.0,9058000000.0,5.459704128946788,False,-0.02997235044498303,0.4173993182203677,0.008336823629194665,,NMS,USD,44.53,45877207040.0,361708462.0,38.8,0.0,59.9,10,80,76.2,39.6,1117,2026-09-04
FA,First Advantage Corporation,Industrials,Specialty Business Services,United States,3610262784.0,4,"2022,2023,2024,2025",0.026006224669015872,-0.006327681487660379,0.036199906470756195,0.12227908650265973,3.0,4.0,0.247972164634785,1840041000.0,379999000.0,4.842225900594475,False,0.1409147497338712,0.4809066496356602,0.015459264044221209,,NMS,USD,21.02,3610262784.0,45663007.0,15.4,65.3,88.6,10,0,52.2,39.5,1118,2026-09-04
OKE,"ONEOK, Inc.",Energy,Oil & Gas Midstream,United States,60357894144.0,4,"2022,2023,2024,2025",0.09255575596267254,-0.023870657515382462,0.08745742391638488,0.11022023268485445,4.0,4.0,0.1452650774509614,32738000000.0,7787000000.0,4.204186464620522,False,0.3958519179304192,0.26197739060498637,0.05854575992286965,,NYQ,USD,95.75,60357894144.0,352646771.0,49.0,61.6,76.3,10,0,13.4,39.5,1119,2026-09-04
MTRN,Materion Corporation,Basic Materials,Other Industrial Metals & Mining,United States,5011760640.0,4,"2022,2023,2024,2025",0.07054298082350136,-0.01113975329839842,0.07348412989365724,0.013493538134267489,4.0,4.0,0.0055542147498488514,445112000.0,181307000.0,2.4550182839051993,False,0.007321772639691693,0.19289043033726824,0.01316754014523422,,NYQ,USD,240.56,5011760640.0,90872262.0,38.9,22.2,27.4,45,55,60.0,39.5,1120,2026-09-04
CRL,"Charles River Laboratories International, Inc.",Healthcare,Diagnostics & Research,United States,14130002944.0,4,"2022,2023,2024,2025",0.05539871788330658,-0.09382366433111673,0.0011268299136030226,0.10390805872585317,4.0,4.0,0.0032857552523495315,1897942000.0,410838000.0,4.619684644555762,False,-0.03385898910352625,0.34753213603662936,0.018389698675815386,,NYQ,USD,293.35,14130002944.0,261481629.0,28.9,59.6,25.8,10,80,45.7,39.4,1121,2026-09-04
GPN,Global Payments Inc.,Industrials,Specialty Business Services,United States,24284028928.0,4,"2022,2023,2024,2025",0.030474810691834248,0.019603215080403816,0.03418218484404829,0.2525836411091863,4.0,4.0,-0.0495682906305519,13470909000.0,3325139000.0,4.051231843240237,False,-0.12181031729903913,0.6904071095393723,0.0646192047082049,,NYQ,USD,91.77,24284028928.0,310743406.0,26.4,88.4,12.2,10,100,11.7,39.4,1122,2026-09-04
CAG,"Conagra Brands, Inc.",Consumer Defensive,Packaged Foods,United States,7475194880.0,4,"2023,2024,2025,2026",0.033407817149184504,-0.11860567500914904,-0.06315719947159841,0.09638737032132305,4.0,4.0,-0.027791350655803293,7050400000.0,-1038300000.0,,False,-0.0035365092573330648,0.2600902890897929,0.013657298856535667,,NYQ,USD,15.62,7475194880.0,255199498.0,17.4,56.8,16.5,30,80,57.7,39.3,1123,2026-09-04
OGN,Organon & Co.,Healthcare,Drug Manufacturers - General,United States,3616132096.0,4,"2022,2023,2024,2025",0.11414118187608867,-0.07915940136176168,0.07810876968922946,0.07732955418063743,4.0,4.0,0.002262451150677469,8070000000.0,1290000000.0,6.255813953488372,False,0.021926644694300723,0.5850133245848562,0.03462987450907864,,NYQ,USD,13.77,3616132096.0,37111389.0,60.3,49.0,25.6,10,55,23.7,39.3,1124,2026-09-04
PFE,Pfizer Inc.,Healthcare,Drug Manufacturers - General,United States,164207591424.0,4,"2022,2023,2024,2025",0.09414852843763354,-0.19559584642865696,0.053516688048817776,0.15933947552008468,4.0,4.0,-0.14797605157261928,62819000000.0,16783000000.0,3.743013763927784,False,-0.003488574917146381,0.6760573528220517,0.06260335419543003,,NYQ,USD,28.81,164207591424.0,1225203677.0,49.7,74.9,3.5,10,80,12.3,39.3,1125,2026-09-04
RRX,Regal Rexnord Corporation,Industrials,Specialty Industrial Machinery,United States,10824878080.0,4,"2022,2023,2024,2025",0.04653082940635024,-0.01914182479279851,0.048051321539096345,0.09906522292856951,4.0,4.0,0.0438292462010208,4267000000.0,1202300000.0,3.549031023870914,False,-0.007451564828613977,0.3468899276250537,0.02217768366192353,,NYQ,USD,162.61,10824878080.0,194948413.0,23.6,57.7,44.1,10,80,37.8,39.2,1126,2026-09-04
CU.TO,Canadian Utilities Limited,Utilities,Utilities - Diversified,Canada,13774481408.0,4,"2022,2023,2024,2025",0.05300438647985869,-0.03718838162436961,0.026583372147182115,0.13164123177834852,4.0,4.0,-0.030394015264980312,11625000000.0,2002000000.0,5.806693306693306,False,0.008634916296129669,0.6880265074681693,0.012150858222126307,,TOR,CAD,50.58,9988456738.0,21134491.0,27.1,67.8,15.8,10,55,63.4,39.2,1127,2026-09-04
TOST,"Toast, Inc.",Technology,Software - Infrastructure,United States,19611539456.0,4,"2022,2023,2024,2025",-0.09014907789290473,0.4890370782007348,0.14140866290018833,0.028840952931466362,3.0,4.0,0.3109568735823114,-1971000000.0,368000000.0,0.0,True,0.1849842250487994,0.22542776665989933,0.02688622226919718,,NYQ,USD,33.93,19611539456.0,380815187.0,0.0,27.4,93.4,100,0,31.3,39.2,1128,2026-09-04
T.TO,TELUS Corporation,Communication Services,Telecom Services,Canada,21105000448.0,4,"2022,2023,2024,2025",0.045472003588140145,-0.01930909434236664,0.03726870474658085,0.07901634992550247,4.0,4.0,0.03611020002266785,31459000000.0,6784000000.0,4.6372346698113205,False,0.09408410548823953,0.6191630622804467,0.0045423472854676196,,TOR,CAD,13.4,15304124902.0,90527298.0,22.9,50.3,39.9,10,25,89.8,39.2,1129,2026-09-04
CVS,CVS Health Corporation,Healthcare,Healthcare Plans,United States,124315918336.0,4,"2022,2023,2024,2025",0.05049725629752236,-0.018236837713616446,0.0304133162593716,0.026787455702845873,4.0,4.0,0.0763108477649228,56117000000.0,9861000000.0,5.690802149883379,False,-0.039304610733182144,0.14918029874237043,0.012864165705798599,,NYQ,USD,97.2,124315918336.0,773200825.0,25.9,26.6,57.6,10,80,61.0,39.1,1130,2026-09-04
YPF,YPF Sociedad Anónima,Energy,Oil & Gas Integrated,Argentina,20548655104.0,4,"2022,2023,2024,2025",0.06266320988450172,-0.106417415381757,0.056022435148399156,0.03102783440174136,3.0,4.0,-0.0027738639165714174,9648000000.0,5048000000.0,1.9112519809825674,False,-0.0019541609007078797,0.24631981066105754,0.03591191690773102,,NYQ,USD,52.41,20548655104.0,69743035.0,34.3,28.4,24.3,65,80,23.0,39.1,1131,2026-09-04
VERX,"Vertex, Inc.",Technology,Software - Application,United States,2235363840.0,4,"2022,2023,2024,2025",-0.014541889472970686,-0.00047526389476136577,-0.023390826915628347,0.049438747287751356,4.0,4.0,0.15038200179855754,23468000.0,86000000.0,0.27288372093023255,False,0.20468441979351137,0.6246748055517723,0.01668630352233949,,NGM,USD,13.78,2235363840.0,27576646.0,0.0,36.3,77.3,85,0,49.4,39.0,1132,2026-09-04
TRGP,Targa Resources Corp.,Energy,Oil & Gas Midstream,United States,62944083968.0,4,"2022,2023,2024,2025",0.1349942501552966,-0.008535607185591182,0.13043944229633342,0.04437353363414101,4.0,4.0,-0.06645468273311061,16912900000.0,4854500000.0,3.4839633329900095,False,-0.07112870618779754,0.23679497510447742,0.057465218664274814,,NYQ,USD,293.54,62944083968.0,365881172.0,67.8,34.3,10.2,10,100,14.0,38.9,1133,2026-09-04
ENB.TO,Enbridge Inc.,Energy,Oil & Gas Midstream,Canada,152230756352.0,4,"2022,2023,2024,2025",0.058272887686524596,0.035629162508944545,0.07311248577133367,0.12188038920094392,4.0,4.0,0.06938896281830975,104158000000.0,20446000000.0,5.0942971730411815,False,0.07737801872843764,0.35063745513929573,0.036433803368582936,,TOR,CAD,69.7,110388934360.0,399092998.0,41.2,65.2,54.6,10,25,22.3,38.9,1134,2026-09-04
KHC,The Kraft Heinz Company,Consumer Defensive,Packaged Foods,United States,30143639552.0,4,"2022,2023,2024,2025",0.01499973961108996,-0.10162721793962326,-0.05650843630233927,0.10837178812035665,4.0,4.0,-0.019809627469887126,18604000000.0,-3530000000.0,,False,-0.03886639676113357,0.3304588334139892,0.014725828052977254,,NMS,USD,25.42,30143639552.0,360218533.0,12.9,61.0,18.6,30,80,54.5,38.9,1135,2026-09-04
CDE,"Coeur Mining, Inc.",Basic Materials,Gold,United States,22254792704.0,4,"2022,2023,2024,2025",0.052144241708723345,0.1938929014927584,0.1693114400377597,-0.11621650275741935,1.0,4.0,0.38120603748400694,-201102000.0,962255000.0,0.0,True,1.2409424709302326,0.23616159475828147,0.1478832879898477,,NYQ,USD,21.65,22254792704.0,841623745.0,36.8,0.0,95.5,100,0,2.8,38.9,1136,2026-09-04
FRO,Frontline plc,Energy,Oil & Gas Midstream,Cyprus,10111532032.0,4,"2022,2023,2024,2025",0.12703261509464214,-0.014744222021914,0.10871357904911103,-0.0354637928742932,2.0,4.0,0.11172006863298933,2816398000.0,944617000.0,2.981523728664633,False,0.04024040353065961,0.360301743217083,0.0410443908320072,,NYQ,USD,45.42,10111532032.0,119090650.0,64.8,0.0,68.9,45,25,19.9,38.8,1137,2026-09-04
HGV,Hilton Grand Vacations Inc.,Consumer Cyclical,Resorts & Casinos,United States,3253532672.0,4,"2022,2023,2024,2025",0.057604412174739286,-0.03231645211988303,0.04490526315789474,0.07408049732817122,4.0,4.0,0.09586228052997225,7022000000.0,759000000.0,9.251646903820816,False,-0.23836647872242744,0.5637191070082873,0.13352766762181026,,NYQ,USD,41.86,3253532672.0,50391696.0,30.8,47.8,63.2,10,100,3.5,38.8,1138,2026-09-04
AD,"Array Digital Infrastructure, Inc.",Communication Services,Telecom Services,United States,3349329664.0,4,"2022,2023,2024,2025",0.014699374329911783,0.017322656594013573,0.04126513789398778,4.0264247191469105,3.0,4.0,-0.6606218103831074,560921000.0,217603000.0,2.5777264100219206,False,0.015034883720930203,0.4136422875454844,0.10688070961926606,,NYQ,USD,38.73,3349329664.0,10924261.0,22.8,100.0,0.1,45,55,5.5,38.8,1139,2026-09-04
JBTM,JBT Marel Corporation,Industrials,Specialty Industrial Machinery,United States,6102788608.0,4,"2022,2023,2024,2025",0.04405807051259343,-0.056128937348551504,0.006473675087066833,0.05486065753479184,4.0,4.0,0.33669684656463095,1714000000.0,318200000.0,5.386549340037712,False,0.6199376947040498,0.3503154887535049,0.011462462965233924,,NYQ,USD,117.64,6102788608.0,67780521.0,22.0,38.3,94.5,10,0,65.7,38.7,1140,2026-09-04
AVTR,"Avantor, Inc.",Healthcare,Medical Instruments & Supplies,United States,10273890304.0,4,"2022,2023,2024,2025",0.04949439351127892,-0.10339977565554079,-0.02255054514104276,0.09398824654820505,4.0,4.0,-0.044561332087320604,3580900000.0,138700000.0,25.817591925018025,False,0.0017662643508977727,0.3370651135383517,0.007171007290630508,,NYQ,USD,15.19,10273890304.0,143125086.0,25.3,56.2,13.0,10,55,80.6,38.6,1141,2026-09-04
PTEN,"Patterson-UTI Energy, Inc.",Energy,Oil & Gas Drilling,United States,4786380288.0,4,"2022,2023,2024,2025",-0.0077944898498700866,-0.08339367830791454,-0.006614287490517112,0.07813406886678079,4.0,4.0,0.22160500289018437,802531000.0,907781000.0,0.8840579390844268,False,0.747025002733535,0.09155055361688456,0.04218109552172811,,NMS,USD,12.55,4786380288.0,114986601.0,0.0,49.6,86.6,85,0,19.1,38.5,1142,2026-09-04
ST,Sensata Technologies Holding plc,Technology,Scientific & Technical Instruments,United States,6115416576.0,4,"2022,2023,2024,2025",0.03630394064286001,-0.02499711427565096,0.03833202707516922,0.09411040399555892,4.0,4.0,-0.027622956842802582,2255600000.0,528800000.0,4.265506807866869,False,-0.056609823827816874,0.3061599799902601,0.014021740407854123,,NYQ,USD,42.02,6115416576.0,70685078.0,19.0,56.2,16.6,10,100,56.9,38.5,1143,2026-09-04
BRSL,Brightstar Lottery PLC,Consumer Cyclical,Gambling,United Kingdom,2072298240.0,4,"2022,2023,2024,2025",,,,0.20480673886090772,3.0,4.0,-0.011162515750038682,2732000000.0,946000000.0,2.887949260042283,False,-0.029556650246305383,0.5096640191718862,0.03131039317707023,,NYQ,USD,11.34,2072298240.0,19440684.0,,82.4,21.1,45,80,26.5,38.4,1144,2026-09-04
KMX,"CarMax, Inc.",Consumer Cyclical,Auto & Truck Dealerships,United States,8889311232.0,4,"2023,2024,2025,2026",0.03911642630117454,0.00017530627461572607,0.03406965709252127,0.02067502927568421,3.0,4.0,-0.04467893984882465,17899695000.0,1608989000.0,11.124808808512675,False,-0.07609641299109349,0.10374545693822244,0.00615614437981599,,NYQ,USD,62.64,8889311232.0,178111265.0,30.0,24.4,12.9,10,100,84.1,38.4,1145,2026-09-04
EQT,EQT Corporation,Energy,Oil & Gas E&P,United States,34784948224.0,4,"2022,2023,2024,2025",0.07919133422844377,-0.032454088284741875,0.08455870041538041,0.21208196706025625,4.0,4.0,-0.11718245847505004,7689533000.0,6016627000.0,1.2780471516682022,False,0.5146975977564299,0.3638026954373262,0.2108232101103638,,NYQ,USD,55.61,34784948224.0,401054704.0,43.3,84.1,5.0,65,0,1.6,38.4,1146,2026-09-04
CUZ,Cousins Properties Incorporated,Real Estate,REIT - Office,United States,4815341568.0,4,"2022,2023,2024,2025",0.021304850146744936,-0.007489966340877976,0.01974831320862226,0.11219433758705868,4.0,4.0,0.09243411483447672,3335095000.0,615852000.0,5.4154163662698185,False,0.12164021832348304,0.6712923088010967,0.008154414197366693,,NYQ,USD,29.25,4815341568.0,47546518.0,14.4,62.4,62.1,10,0,77.0,38.4,1147,2026-09-04
ARGX,argenx SE,Healthcare,Biotechnology,Netherlands,65512329216.0,4,"2022,2023,2024,2025",-0.04306532953610559,0.38980811061522963,0.1383738330748815,-0.6656797952928579,1.0,4.0,1.1624512718676843,-4392879000.0,1310791000.0,0.0,True,0.2141881270334285,0.9049954780631742,0.014191550083104907,,NMS,USD,1053.46,65512329216.0,350490356.0,0.0,0.0,98.8,100,0,56.0,38.2,1148,2026-09-04
RELY,"Remitly Global, Inc.",Technology,Software - Infrastructure,United States,5698534400.0,4,"2022,2023,2024,2025",-0.06832922148561626,0.2569667613393339,0.0732032768042392,0.032892219753030076,3.0,4.0,0.3575539964989418,-350304000.0,126001000.0,0.0,True,0.29680246339299887,0.5645083435936632,0.03988921558141622,,NMS,USD,26.92,5698534400.0,98088646.0,0.0,29.2,95.1,100,0,20.6,38.2,1149,2026-09-04
CDNA,"CareDx, Inc.",Healthcare,Diagnostics & Research,United States,2579468544.0,4,"2022,2023,2024,2025",-0.1691143658470197,0.07624468732522141,-0.06534485204601767,-0.016181098647945147,2.0,4.0,0.05680460017477151,-151014000.0,-4655000.0,0.0,True,-0.0006391215571543984,0.6585172222571397,0.015950945094129317,,NGM,USD,49.86,2579468544.0,55925668.0,0.0,0.0,49.8,100,80,50.9,38.1,1150,2026-09-04
SYM,Symbotic Inc.,Industrials,Specialty Industrial Machinery,United States,25183174656.0,4,"2022,2023,2024,2025",-671.0456976803034,15.02859386615156,-0.40796654587516606,0.047808705945245694,2.0,4.0,0.5587206467695163,-1244993000.0,-48004000.0,0.0,True,1.0091963446398826,0.16365956552078217,0.018106295463025314,,NGM,USD,41.6,25183174656.0,75558538.0,0.0,7.1,97.5,100,0,46.3,38.0,1151,2026-09-04
IRM,Iron Mountain Incorporated,Real Estate,REIT - Specialty,United States,34229870592.0,4,"2022,2023,2024,2025",0.06267171874354507,-0.04023073769323607,0.049353958901690975,-0.07159918070636972,1.0,4.0,0.10584603013300264,16273424000.0,2114854000.0,7.694821486495049,False,0.018368712467131898,0.5640424316578496,0.006946843267446192,,NYQ,USD,114.98,34229870592.0,207742415.0,34.4,0.0,66.8,10,55,81.5,37.9,1152,2026-09-04
ALNY,"Alnylam Pharmaceuticals, Inc.",Healthcare,Biotechnology,United States,35392512000.0,4,"2022,2023,2024,2025",-0.26238216775264567,1.2044449512056112,0.31112624042827886,-0.1154762340449357,2.0,4.0,0.5297727404163555,-1630095000.0,631437000.0,0.0,True,0.10678861688402397,0.8350156310800874,0.014334871456329544,,NMS,USD,264.5,35392512000.0,477533590.0,0.0,0.0,97.3,100,0,55.6,37.9,1153,2026-09-04
TFX,Teleflex Incorporated,Healthcare,Medical Instruments & Supplies,United States,5930440704.0,4,"2022,2023,2024,2025",0.0340434097199471,-0.05390535103970295,0.017094923760240032,0.20232943131844766,4.0,4.0,-0.10622916428555451,2262885000.0,302514000.0,7.480265376147881,False,-0.0546407660276057,0.5821936187269428,0.027160962382328614,,NYQ,USD,139.96,5930440704.0,73652970.0,17.6,82.0,6.2,10,100,30.9,37.9,1154,2026-09-04
RVTY,"Revvity, Inc.",Healthcare,Diagnostics & Research,United States,14576532480.0,4,"2022,2023,2024,2025",0.03471335939586153,-0.01969637248835561,0.03077745734079155,0.1394946521022061,4.0,4.0,-0.04815480072764722,2300204000.0,765802000.0,3.0036536859397076,False,-0.07776090361159893,0.5666158797793771,0.020283286834061068,,NYQ,USD,130.63,14576532480.0,197116751.0,18.0,69.0,12.4,10,100,41.5,37.9,1155,2026-09-04
HR,Healthcare Realty Trust Incorporated,Real Estate,REIT - Healthcare Facilities,United States,6686647808.0,4,"2022,2023,2024,2025",-0.006998036544126725,-0.015456961553719971,-0.003907335281666392,0.15847618201441424,4.0,4.0,0.07836251004699202,3885251000.0,568986000.0,6.828377148119637,False,0.37784466135376227,0.6198943432653493,0.005786186451360886,,NYQ,USD,19.27,6686647808.0,74553992.0,0.0,74.5,58.0,10,0,85.3,37.9,1156,2026-09-04
ALK,"Alaska Air Group, Inc.",Industrials,Airlines,United States,4620369408.0,4,"2022,2023,2024,2025",0.03694320250266966,0.005652125733234075,0.02702015920603742,-0.019256951863330152,1.0,4.0,0.13861633695781372,4928000000.0,1176000000.0,4.190476190476191,False,-0.062338251276397805,0.16844298520495937,0.015739399727215404,,NYQ,USD,41.4,4620369408.0,122714568.0,29.4,0.0,74.7,10,100,51.5,37.8,1157,2026-09-04
WK,Workiva Inc.,Technology,Software - Application,United States,4276591616.0,4,"2022,2023,2024,2025",-0.08048229894171967,0.17928800422793592,-0.009993476825668495,0.0988211270344774,4.0,4.0,0.18036581092486714,428566000.0,1352000.0,316.98668639053255,False,0.06266633397589638,0.7663844555803675,0.011436408468215612,,NYQ,USD,78.59,4276591616.0,69889773.0,0.0,57.6,82.1,10,25,65.9,37.7,1158,2026-09-04
FLR,Fluor Corporation,Industrials,Engineering & Construction,United States,7690110976.0,4,"2022,2023,2024,2025",0.0606769865300617,-0.12012510230830428,-0.038036624942049145,0.004039863555794388,2.0,4.0,0.04096038010098413,-2703000000.0,-201000000.0,0.0,True,0.13103448275862073,0.02102431614065086,0.016933851525979808,,NYQ,USD,57.5,7690110976.0,147775460.0,33.2,3.9,42.3,100,0,48.7,37.7,1159,2026-09-04
TLN,Talen Energy Corporation,Utilities,Utilities - Independent Power Producers,United States,14638764032.0,4,"2021,2022,2024,2025",314.69990430710874,-943.7924068825911,0.013593117408906882,-0.0336626487019607,2.0,4.0,0.13945922328242188,6122000000.0,512000000.0,11.95703125,False,100.53777777777778,0.28912716140046146,0.09202053419049347,,NMS,USD,305.52,14638764032.0,262529670.0,95.0,0.0,74.9,10,0,7.5,37.6,1160,2026-09-04
NET,"Cloudflare, Inc.",Technology,Software - Infrastructure,United States,101308243968.0,4,"2022,2023,2024,2025",-0.04347338293233111,0.05719261912902741,-0.014035826677989147,0.06787695583146604,3.0,4.0,0.30510334305337783,2321865000.0,105802000.0,21.945379104364758,False,0.0676887341725605,0.7607633865176412,0.010063146680354462,,NYQ,USD,284.51,101308243968.0,1000797782.0,0.0,45.1,93.2,10,25,70.0,37.5,1161,2026-09-04
COTY,,,,,,4,"2023,2024,2025,2026",0.013844003152881059,-0.1573081248359894,-0.06824636422360249,0.05999849903249487,4.0,4.0,0.014929957398420957,2871700000.0,56200000.0,51.09786476868327,False,-0.010265087422447805,0.6399704497614235,0.00723621052224487,,NYQ,USD,2.93,2579766784.0,34243303.0,12.7,40.8,30.8,10,80,80.1,37.5,1162,2026-09-04
H.TO,Hydro One Limited,Utilities,Utilities - Regulated Electric,Canada,31751086080.0,4,"2022,2023,2024,2025",0.05754781874959872,0.006485016216122519,0.06067243821816465,-0.01433892966449781,1.0,4.0,0.0513458968230609,18568000000.0,3204000000.0,5.795255930087391,False,0.0002083758430730942,0.36234134847320876,0.0049086732719081615,,TOR,CAD,52.91,23024050075.0,55273922.0,40.7,0.0,47.2,10,55,88.5,37.5,1163,2026-09-04
ATAI,AtaiBeckley Inc.,Healthcare,Biotechnology,United States,2722146816.0,4,"2022,2023,2024,2025",-0.969374238977667,-1.9608161053898705,-2.345307381667072,-254.56268161868445,0.0,4.0,1.598685539870055,-253968000.0,-657675000.0,0.0,True,0.45474820010597905,,,,NGM,USD,7.34,2722146816.0,88605016.0,0.0,0.0,99.3,100,0,50.0,37.4,1164,2026-09-04
VRDN,"Viridian Therapeutics, Inc.",Healthcare,Biotechnology,United States,2601190400.0,4,"2022,2023,2024,2025",-0.49105317114255254,-0.019895407386578412,-0.41675721153470585,-354.4156676451888,0.0,4.0,2.4194532384977823,-823959000.0,-337193000.0,0.0,True,1.6428952732160984,,,,NCM,USD,22.96,2601190400.0,43675591.0,0.0,0.0,99.5,100,0,50.0,37.4,1165,2026-09-04
SUI,"Sun Communities, Inc.",Real Estate,REIT - Residential,United States,15143370752.0,4,"2022,2023,2024,2025",0.016492509323352354,-0.020826500057264007,0.01214430930556051,0.34263721289548693,4.0,4.0,-0.08370012457614784,3622600000.0,680300000.0,5.325003674849331,False,0.016273393002441017,0.5130615779347228,0.017634837779588755,,NYQ,USD,119.85,15143370752.0,208321712.0,13.4,93.3,8.0,10,55,47.2,37.3,1166,2026-09-04
RLAY,"Relay Therapeutics, Inc.",Healthcare,Biotechnology,United States,4165882368.0,4,"2022,2023,2024,2025",-0.36765055220248216,-0.1632378245388853,-0.4217596374281381,-56.27793179892256,0.0,4.0,1.2319547250150733,-522060000.0,-299181000.0,0.0,True,0.5288334606317575,,,,NGM,USD,19.01,4165882368.0,59222366.0,0.0,0.0,98.9,100,0,50.0,37.3,1167,2026-09-04
RH,RH,Consumer Cyclical,Specialty Retail,United States,2774773248.0,4,"2023,2024,2025,2026",0.13331008446278442,-0.027853817095168862,0.11464790411514718,0.011800450061971423,2.0,4.0,-0.014214172434303007,2372677000.0,543615000.0,4.364627539711009,False,-0.2549032474527132,0.4621867090353157,0.025399955299928553,,NYQ,USD,146.61,2774773248.0,121673838.0,67.2,4.3,20.2,10,100,33.4,37.2,1168,2026-09-04
VNOM,"Viper Energy, Inc.",Energy,Oil & Gas Midstream,United States,23521675264.0,4,"2022,2023,2024,2025",0.32898353075847586,-0.9239341306972849,-0.016918902622851974,-0.16603306846383287,1.0,4.0,0.1720709857409839,2173000000.0,485000000.0,4.480412371134021,False,0.8833494100080603,0.6838518066720507,0.1156569984844207,,NMS,USD,44.89,23521675264.0,77586170.0,91.5,0.0,80.9,10,0,4.7,37.2,1169,2026-09-04
IDYA,"IDEAYA Biosciences, Inc.",Healthcare,Biotechnology,United States,3856685056.0,4,"2022,2023,2024,2025",-0.16980116583315924,0.018260388665875815,-0.12303557218745295,-10.765950533124297,0.0,4.0,0.6254070747677118,-611474000.0,-154720000.0,0.0,True,1.135019593339519,,,,NMS,USD,39.97,3856685056.0,43184627.0,0.0,0.0,97.7,100,0,50.0,37.2,1170,2026-09-04
PBI,Pitney Bowes Inc.,Industrials,Integrated Freight & Logistics,United States,2410045952.0,4,"2022,2023,2024,2025",0.08452340643664955,0.0916532772462792,0.18567233794527152,0.07075193905974621,4.0,4.0,-0.08651151237023169,1708151000.0,405559000.0,4.211843406261481,False,-0.023762778417168784,0.5011240543546478,0.03693660056005012,,NYQ,USD,17.58,2410045952.0,38229767.0,55.7,46.2,7.5,10,80,22.0,37.1,1171,2026-09-04
EQIX,"Equinix, Inc.",Real Estate,REIT - Specialty,United States,102700449792.0,4,"2022,2023,2024,2025",0.04708066963679032,0.013490854478356275,0.05501663239385508,0.031270824874883425,3.0,4.0,0.08265773019010236,17185000000.0,4101000000.0,4.190441355766886,False,0.06855207561963672,0.4918635235953247,0.011243194165001509,,NMS,USD,1040.83,102700449792.0,626835704.0,33.9,28.5,59.5,10,25,66.4,37.1,1172,2026-09-04
TKO.TO,Trekor Metals Limited,Basic Materials,Copper,Canada,4249530624.0,4,"2022,2023,2024,2025",0.04927823159012398,0.0006445284699379845,0.01605368468562751,0.10413439169468282,4.0,4.0,0.19775175319802263,533556000.0,142832000.0,3.73554945670438,False,0.1301723053703936,0.2093831290468895,0.05330276296450245,,TOR,CAD,11.61,3081513673.0,10388199.0,35.2,59.7,84.2,10,0,14.9,37.1,1173,2026-09-04
VSEC,VSE Corporation,Industrials,Aerospace & Defense,United States,5685402112.0,4,"2022,2023,2024,2025",0.04122558874546867,-0.014318887467243628,0.04009912439969231,-0.03495812244606785,1.0,4.0,0.1844001194060476,223446000.0,129519000.0,1.7251986195075626,False,0.6556667836513148,0.10428821493998133,0.01199240443105855,,NMS,USD,202.58,5685402112.0,91077942.0,21.1,0.0,82.5,65,0,63.7,37.0,1174,2026-09-04
SSL,Sasol Limited,Basic Materials,Specialty Chemicals,South Africa,7916815872.0,4,"2023,2024,2025,2026",0.02919806896080665,0.03716261007501896,0.08432715352011719,0.027177592645256387,3.0,4.0,-0.020649256835537866,50336000000.0,41461000000.0,1.2140565832951449,False,0.061236727540395774,0.4317879459400277,0.010814489061298997,,NYQ,USD,12.35,7916815872.0,17831881.0,26.1,26.9,18.2,65,25,67.6,37.0,1175,2026-09-04
GEI.TO,Gibson Energy Inc.,Energy,Oil & Gas Midstream,Canada,5429996032.0,4,"2022,2023,2024,2025",0.09087089223008761,-0.035944842776770874,0.08732523098702999,0.037260485899140494,4.0,4.0,-0.010567466092774036,2646496000.0,571692000.0,4.629233923161423,False,0.1079669687968452,0.039568876827706136,0.0037407909143254464,,TOR,CAD,31.46,3937518869.0,15569442.0,48.7,31.0,21.1,10,0,92.3,36.9,1176,2026-09-04
TM,Toyota Motor Corporation,Consumer Cyclical,Auto Manufacturers,Japan,236682739712.0,4,"2023,2024,2025,2026",0.05781074582847777,0.004769531924002993,0.04889831990730623,-0.016957848779117102,1.0,4.0,0.10906413129326875,29834834000000.0,7605808000000.0,3.922638331128001,False,-0.01653897209694566,0.1860088691301899,0.017835274515059066,,NYQ,USD,199.87,236682739712.0,91960787.0,40.9,0.0,67.8,10,80,46.8,36.9,1177,2026-09-04
AMBP,Ardagh Metal Packaging S.A.,Consumer Cyclical,Packaging & Containers,Luxembourg,3048302080.0,4,"2022,2023,2024,2025",0.044949557406882605,-0.04766616330281928,0.04017665952890792,0.016914829076320775,3.0,4.0,0.054423722324211665,3903000000.0,653000000.0,5.977029096477795,False,-0.005491537437603999,0.11573219781489019,0.011569841119023719,,NYQ,USD,5.1,3048302080.0,12402547.0,22.5,23.6,48.9,10,80,65.2,36.9,1178,2026-09-04
TNGX,"Tango Therapeutics, Inc.",Healthcare,Biotechnology,United States,3837572096.0,4,"2022,2023,2024,2025",-0.3846345695436726,0.09775379451006289,-0.253967773897319,-3.338956705374841,0.0,4.0,0.3589100102943297,-309568000.0,-109008000.0,0.0,True,0.3227754276623682,,,,NGM,USD,22.76,3837572096.0,85610306.0,0.0,0.0,95.2,100,0,50.0,36.8,1179,2026-09-04
UNFI,"United Natural Foods, Inc.",Consumer Defensive,Food Distribution,United States,2639844864.0,4,"2022,2023,2024,2025",0.031942868723644435,-0.10029887841566755,-0.003278232884727911,0.004314629342524503,3.0,4.0,0.03188202613844959,1823000000.0,306000000.0,5.957516339869281,False,-0.013114754098360604,0.13736657551083098,0.004367410879219531,,NYQ,USD,43.62,2639844864.0,27234191.0,16.9,19.5,37.8,10,80,90.2,36.8,1180,2026-09-04
BLKB,"Blackbaud, Inc.",Technology,Software - Application,United States,2199603968.0,4,"2022,2023,2024,2025",-0.013286940599465981,0.14182550499595614,0.13208180616714277,0.1566148015737567,4.0,4.0,0.0216613089812423,1070783000.0,285968000.0,3.7444154590723437,False,-0.060097696397854006,0.5495446274558615,0.023891284854767443,,NMS,USD,48.46,2199603968.0,35911331.0,0.0,73.9,33.9,10,100,35.4,36.7,1181,2026-09-04
AYA.TO,Aya Gold & Silver Inc.,Basic Materials,Silver,Canada,5919885824.0,4,"2022,2023,2024,2025",0.022064476615869306,0.07278974328306412,0.10114432641091764,-1.4505180729241105,0.0,4.0,0.7418014537349398,-22779000.0,101112000.0,0.0,True,0.2594525880552725,0.29672381351028754,0.1054561777984577,,TOR,CAD,41.1,4292758594.0,36779052.0,24.5,0.0,98.0,100,0,5.9,36.7,1182,2026-09-04
KNX,Knight-Swift Transportation Holdings Inc.,Industrials,Trucking,United States,11322935296.0,4,"2022,2023,2024,2025",0.04471797237215506,-0.07581206744956617,0.02024856852147152,0.039278319076919734,3.0,4.0,0.0018411503319262223,1433373000.0,1045170000.0,1.3714257010821207,False,-0.0036762228036100186,0.17342913250784414,0.040538337730252706,,NYQ,USD,69.57,11322935296.0,266576935.0,22.4,31.9,25.3,65,80,20.3,36.6,1183,2026-09-04
BEAM,Beam Therapeutics Inc.,Healthcare,Biotechnology,United States,3042854400.0,4,"2022,2023,2024,2025",-0.2997411767903394,0.11979056506455635,-0.24477370033544418,-2.2755725676199012,0.0,4.0,0.31883376024471444,-1091087000.0,-361399000.0,0.0,True,0.41262795327393054,,,,NMS,USD,29.46,3042854400.0,61489884.0,0.0,0.0,93.6,100,0,50.0,36.5,1184,2026-09-04
RCUS,"Arcus Biosciences, Inc.",Healthcare,Biotechnology,United States,3789545216.0,4,"2022,2023,2024,2025",-0.428223785945094,-0.15468721461187213,-0.47213013698630135,-0.4012636690115271,1.0,4.0,0.30164626600543976,-869000000.0,-335000000.0,0.0,True,0.4916666666666667,,,,NYQ,USD,30.13,3789545216.0,39392836.0,0.0,0.0,93.0,100,0,50.0,36.4,1185,2026-09-04
NRIX,"Nurix Therapeutics, Inc.",Healthcare,Biotechnology,United States,2627752192.0,4,"2022,2023,2024,2025",-0.45687917537132716,0.05939980081263169,-0.41889075948450755,-3.0228101052705076,0.0,4.0,0.2954727940875317,-537211000.0,-266810000.0,0.0,True,0.7829765641409983,,,,NGM,USD,25.32,2627752192.0,51241046.0,0.0,0.0,92.4,100,0,50.0,36.4,1186,2026-09-04
FOUR,"Shift4 Payments, Inc.",Technology,Software - Infrastructure,United States,3489247488.0,4,"2022,2023,2024,2025",0.04449939691482691,0.0007880192555590054,0.057807577268195416,0.05192868856060511,3.0,4.0,0.27990996076956876,3582000000.0,817000000.0,4.384332925336597,False,0.0747390825252503,0.28445303084993817,0.03857619325393603,,NYQ,USD,44.19,3489247488.0,75572236.0,32.2,37.1,91.7,10,25,21.1,36.4,1187,2026-09-04
TAK,Takeda Pharmaceutical Company Limited,Healthcare,Drug Manufacturers - Specialty & Generic,Japan,59750436864.0,4,"2023,2024,2025,2026",0.016698192344699662,-0.03845673264257075,0.00028110807983475965,0.10688363481837142,4.0,4.0,0.03811071651733511,4286784000000.0,726895000000.0,5.897390957428515,False,0.02096412955960747,0.6656978379876195,0.015557988705997712,,NYQ,USD,18.71,59750436864.0,59840305.0,13.4,60.6,40.9,10,55,51.9,36.4,1188,2026-09-04
LTH,"Life Time Group Holdings, Inc.",Consumer Cyclical,Leisure,United States,9628975104.0,4,"2022,2023,2024,2025",0.051364512530041935,0.059419810381390284,0.07862299487397276,-0.07695290967102779,1.0,4.0,0.18009660437167452,1302980000.0,777638000.0,1.6755611222702593,False,0.16492741643849773,0.45615516689315827,0.024702697601534335,,NYQ,USD,43.09,9628975104.0,125992575.0,36.7,0.0,82.0,65,0,34.3,36.4,1189,2026-09-04
TARS,"Tarsus Pharmaceuticals, Inc.",Healthcare,Biotechnology,United States,3651284736.0,4,"2022,2023,2024,2025",-0.2848438927935836,0.17628835699046647,-0.10641322643941288,-2.3768962367850137,0.0,4.0,1.5954422625755007,-344830000.0,-54201000.0,0.0,True,0.6971780322262253,0.9334039231411989,0.01937226015871049,,NMS,USD,83.205,3651284736.0,79179292.0,0.0,0.0,99.2,100,0,43.6,36.4,1190,2026-09-04
ACHC,"Acadia Healthcare Company, Inc.",Healthcare,Medical Care Facilities,United States,2642185728.0,4,"2022,2023,2024,2025",-0.0016466487381968375,-0.24370681936771355,-0.16462190321396597,-0.06629507571619897,2.0,4.0,0.08266663471159541,2366725000.0,-737828000.0,,False,-0.009284036917699745,0.963513462727324,0.0011158489300269077,,NMS,USD,28.38,2642185728.0,77538076.0,0.0,0.0,59.5,30,80,99.3,36.3,1191,2026-09-04
CWK,Cushman & Wakefield Limited,Real Estate,Real Estate Services,United States,3163940608.0,4,"2022,2023,2024,2025",0.06072086278391249,-0.03101861469749065,0.05421113260079488,0.014164777012983253,3.0,4.0,0.005983827440748435,1965600000.0,521100000.0,3.772020725388601,False,0.029385964912280738,0.18316933072009475,0.006786818682607396,,NYQ,USD,13.48,3163940608.0,27152157.0,33.3,22.4,27.5,10,55,82.2,36.3,1192,2026-09-04
KTOS,"Kratos Defense & Security Solutions, Inc.",Industrials,Aerospace & Defense,United States,9029395456.0,4,"2022,2023,2024,2025",,,,-0.04407685443557506,1.0,4.0,0.14453014569545264,-414800000.0,102900000.0,0.0,True,0.30386740331491713,0.24798597018417876,0.01153230787508997,,NMS,USD,48.1,9029395456.0,206801669.0,,0.0,76.0,100,0,65.3,36.2,1193,2026-09-04
SHC,Sotera Health Company,Healthcare,Diagnostics & Research,United States,5430682112.0,4,"2022,2023,2024,2025",0.04407614125566863,0.1554512892060782,0.08721277503593361,-0.020314630073456345,3.0,4.0,0.05051901904695977,1796076000.0,439934000.0,4.082603299585847,False,0.022581543470810095,0.5517729090750702,0.0032361121670665596,,NMS,USD,19.03,5430682112.0,52830439.0,32.1,0.0,46.8,10,55,94.1,36.2,1194,2026-09-04
EGO,Eldorado Gold Corporation,Basic Materials,Gold,Canada,11420884992.0,4,"2022,2023,2024,2025",0.05090714355709151,0.0894233552222796,0.0988055665703636,-0.04747253474552328,1.0,4.0,0.27433572441130294,405696000.0,832495000.0,0.4873254494020985,False,0.11974228383284458,0.3322581259690123,0.10868053284735892,,NYQ,USD,43.79,11420884992.0,122958466.0,36.2,0.0,90.8,85,0,5.4,36.2,1195,2026-09-04
PHG,Koninklijke Philips N.V.,Healthcare,Medical Devices,Netherlands,25461985280.0,4,"2022,2023,2024,2025",0.00014724717032496212,0.13460452812341683,0.06333767692653336,0.026253779606526098,3.0,4.0,0.00013087047711479727,4053000000.0,2600000000.0,1.5588461538461538,False,0.01054699519401936,0.4241594688492261,0.019004797829922596,,NYQ,USD,26.05,25461985280.0,27320328.0,20.5,26.5,25.0,65,55,44.5,36.1,1196,2026-09-04
TMDX,"TransMedics Group, Inc.",Healthcare,Medical Devices,United States,3016044032.0,4,"2022,2023,2024,2025",0.009337178353634505,0.20138499668455678,0.09724103010580512,-0.3438283312036605,1.0,4.0,0.8642160299474555,24025000.0,148489000.0,0.16179649671019403,False,0.37162761401137945,0.6322238008245668,0.04182131934705674,,NGM,USD,86.98,3016044032.0,82646917.0,22.1,0.0,98.3,85,0,19.4,35.9,1197,2026-09-04
HPE,Hewlett Packard Enterprise Company,Technology,Communication Equipment,United States,72267186176.0,4,"2022,2023,2024,2025",0.05313620633127821,-0.04066348529759668,0.02760206575563726,0.047585670813812,4.0,4.0,0.06370170685761956,16592000000.0,4381000000.0,3.7872631819219356,False,0.001512859304084735,0.3288685098297188,0.017492533656087536,,NYQ,USD,54.44,72267186176.0,1124404196.0,27.2,35.4,52.5,10,55,47.5,35.9,1198,2026-09-04
IOT,Samsara Inc.,Technology,Software - Infrastructure,United States,22580015104.0,4,"2023,2024,2025,2026",-0.1480842297973593,0.19541552712332105,-0.022208220370066607,-0.00392523467431885,2.0,4.0,0.3536700499391501,-761024000.0,-28528000.0,0.0,True,0.11512019452934164,0.7462775278790987,0.019035039765234463,,NYQ,USD,38.75,22580015104.0,223082239.0,0.0,0.0,95.0,100,0,44.3,35.9,1199,2026-09-04
TA.TO,TransAlta Corporation,Utilities,Utilities - Independent Power Producers,Canada,5143037952.0,4,"2022,2023,2024,2025",0.10866518289922696,-0.08034104973867451,0.022829823807477438,0.11800212001144128,3.0,4.0,-0.06854748870615446,3992000000.0,704000000.0,5.670454545454546,False,0.09594095940959413,0.6052705893530259,0.03887106940787852,,TOR,CAD,16.26,3729433477.0,25945090.0,57.3,64.3,9.8,10,25,20.9,35.8,1200,2026-09-04
NGVT,Ingevity Corporation,Basic Materials,Specialty Chemicals,United States,2400610304.0,4,"2022,2023,2024,2025",0.035260756806306616,-0.1612619775893255,-0.04147149087384914,0.11439529882235384,4.0,4.0,-0.11214922353038037,1130400000.0,41400000.0,27.304347826086957,False,-0.05974025974025976,0.3725964689453497,0.02076554151257957,,NYQ,USD,69.83,2400610304.0,18322833.0,18.2,63.1,5.3,10,100,40.6,35.6,1201,2026-09-04
CS.TO,Capstone Copper Corp.,Basic Materials,Copper,Canada,11634948096.0,4,"2022,2023,2024,2025",0.0435956212246985,0.05584866422004996,0.10652899596426807,-0.174119970549648,1.0,4.0,0.22112345183090332,749651000.0,1080702000.0,0.6936704105294521,False,0.21291130545331138,0.14748432500958356,0.06229678549820228,,TOR,CAD,15.23,8436991003.0,36334004.0,31.8,0.0,86.4,85,0,12.6,35.6,1202,2026-09-04
CMBT,Cmb.Tech NV,Energy,Oil & Gas Midstream,Belgium,5426174976.0,4,"2022,2023,2024,2025",0.17664950736431057,-0.014918436788719507,0.060250557659958424,-0.24693111452331612,1.0,4.0,0.24920189129993298,5398211000.0,916118000.0,5.892484374283662,False,0.13589089533191934,0.3753161912765763,0.0989755287271968,,NYQ,USD,18.7,5426174976.0,19711782.0,78.9,0.0,88.9,10,0,6.4,35.5,1203,2026-09-04
DBD,"Diebold Nixdorf, Incorporated",Technology,Software - Application,United States,2314817792.0,4,"2021,2022,2024,2025",0.005247252902285444,0.23735406377070378,0.08345545525902669,-0.004297137361160816,3.0,4.0,-0.008566118433889325,569600000.0,338300000.0,1.6837126810523204,False,-0.5291139240506328,0.24596017122900438,0.017540368404619342,,NYQ,USD,68.19,2314817792.0,20391060.0,21.6,0.0,22.0,65,100,47.4,35.5,1204,2026-09-04
WBD,"Warner Bros. Discovery, Inc.",Communication Services,Entertainment,United States,71127474176.0,4,"2022,2023,2024,2025",-0.03324436039347162,0.10350437734628669,0.042957100721315304,0.11064273379949201,4.0,4.0,0.0331793709721504,28001000000.0,21263000000.0,1.3168884917462258,False,0.3041237113402062,0.41445430363333124,0.0164195679153458,,NMS,USD,28.37,71127474176.0,632696279.0,0.0,61.8,38.7,65,0,50.0,35.4,1205,2026-09-04
PTGX,"Protagonist Therapeutics, Inc.",Healthcare,Biotechnology,United States,9628593152.0,4,"2022,2023,2024,2025",-0.1338815188189753,0.27813885314353715,-0.20321930610843866,-0.909841371079751,2.0,4.0,0.20073134951964722,-557041000.0,-156847000.0,0.0,True,0.2962918979707123,,,,NGM,USD,148.8,9628593152.0,101206915.0,0.0,0.0,84.7,100,0,50.0,35.2,1206,2026-09-04
LYB,LyondellBasell Industries N.V.,Basic Materials,Specialty Chemicals,Netherlands,20919939072.0,4,"2022,2023,2024,2025",0.08407364330200429,-0.18028441859115618,-0.007824500434404866,0.06454321555984215,4.0,4.0,-0.15766098558982566,9495000000.0,1162000000.0,8.171256454388985,False,-0.018292682926829285,0.1256121395316683,0.023869792546785215,,NYQ,USD,64.76,20919939072.0,310108441.0,45.3,43.1,3.0,10,80,35.5,35.2,1207,2026-09-04
HIMX,"Himax Technologies, Inc.",Technology,Semiconductors,Taiwan,2365215488.0,4,"2022,2023,2024,2025",0.07118879071459688,-0.1493880951727853,0.03230728504018166,0.11316725485081267,4.0,4.0,-0.11519137330229057,339336000.0,80907000.0,4.194148837554229,False,-0.001278479781714581,0.32360564919103524,0.04848023700614259,,NMS,USD,13.56,2365215488.0,27526908.0,39.3,62.5,5.2,10,80,16.3,35.1,1208,2026-09-04
HNI,HNI Corporation,Consumer Cyclical,"Furnishings, Fixtures & Appliances",United States,3481328128.0,4,"2022,2023,2024,2025",0.09497096910699533,-0.1385409565637142,0.024240099721929236,0.056264484784383194,4.0,4.0,0.0632631389630296,1083900000.0,233500000.0,4.641970021413276,False,0.15876777251184837,0.39160331814209837,0.02383993094883093,,NYQ,USD,48.23,3481328128.0,31867731.0,50.1,39.0,52.3,10,0,35.5,35.0,1209,2026-09-04
AWK,"American Water Works Company, Inc.",Utilities,Utilities - Regulated Water,United States,27998926848.0,4,"2022,2023,2024,2025",0.059158845415000674,0.0012687799896596644,0.05962658820883775,-0.24908423287994808,0.0,4.0,0.10670429850805996,15746000000.0,2931000000.0,5.37222790856363,False,0.0714285714285714,0.59631340185248,0.010123595231821955,,NYQ,USD,140.89,27998926848.0,321920688.0,41.8,0.0,67.0,10,25,69.8,35.0,1210,2026-09-04
VSH,"Vishay Intertechnology, Inc.",Technology,Semiconductors,United States,4670395904.0,4,"2022,2023,2024,2025",0.07774119144773069,-0.15712451511690348,0.01667877305813503,-0.005674679547871478,2.0,4.0,-0.0426161797202782,435927000.0,288902000.0,1.5089095956414287,False,-0.05682520932494872,0.24906724413010362,0.04642400087365692,,NYQ,USD,30.45,4670395904.0,195040776.0,42.6,0.0,13.3,65,100,17.0,34.9,1211,2026-09-04
RSI,"Rush Street Interactive, Inc.",Consumer Cyclical,Gambling,United States,6538492928.0,4,"2022,2023,2024,2025",-0.44921311622590426,2.228209398412537,0.46907977043501886,-0.000989698126667736,2.0,4.0,0.2419379879517385,-330124000.0,127394000.0,0.0,True,2.716472138075976,0.3304324994038791,0.019521894410761458,,NYQ,USD,26.77,6538492928.0,75948765.0,0.0,0.0,88.3,100,0,43.4,34.8,1212,2026-09-04
FANG,"Diamondback Energy, Inc.",Energy,Oil & Gas E&P,United States,56827215872.0,4,"2022,2023,2024,2025",0.12031292555697161,-0.18572526596530975,0.03433306776005131,-0.02662247621357016,2.0,4.0,0.15993445004276818,14385000000.0,7177000000.0,2.0043193534903163,False,0.637479537099451,0.5196613129754517,0.13145594539711952,,NMS,USD,202.94,56827215872.0,438612396.0,62.4,0.0,79.2,45,0,3.6,34.8,1213,2026-09-04
KWR,Quaker Chemical Corporation,Basic Materials,Specialty Chemicals,United States,2758910976.0,4,"2022,2023,2024,2025",0.0394124645889468,0.003925791535375032,0.017984290031827305,0.06524002444649354,4.0,4.0,-0.009514577052746276,690729000.0,144530000.0,4.779139279042413,False,-0.021481542959277733,0.3522738950205041,0.02199335507091195,,NYQ,USD,160.33,2758910976.0,25727995.0,30.2,43.4,21.5,10,80,38.5,34.7,1214,2026-09-04
MU,"Micron Technology, Inc.",Technology,Semiconductors,United States,1082139344896.0,4,"2022,2023,2024,2025",0.06019351905029378,-0.021965719665605482,0.13631775700934579,-0.06073590108420346,3.0,4.0,0.06713489726936261,1891000000.0,18483000000.0,0.10231023102310231,False,0.002673796791443861,0.24554140801853153,0.21189858788525268,,NMS,USD,958.16,1082139344896.0,42352951463.0,32.7,0.0,53.8,85,55,1.6,34.7,1215,2026-09-04
MSGS,Madison Square Garden Sports Corp.,Communication Services,Entertainment,United States,9320622080.0,4,"2022,2023,2024,2025",-0.9127692210882421,-0.1884567950125045,0.361907750235331,0.13976936401218,4.0,4.0,0.0815809762000459,146383000.0,7598000.0,19.265991050276387,False,-0.012948166359352586,0.361327065509777,0.05118222203161154,,NYQ,USD,387.07,9320622080.0,94549202.0,0.0,69.2,59.3,10,80,15.4,34.5,1216,2026-09-04
NEE,"NextEra Energy, Inc.",Utilities,Utilities - Regulated Electric,United States,175347318784.0,4,"2022,2023,2024,2025",0.05463365135051239,0.011959020618531914,0.047864764656153684,0.07515048144027013,3.0,4.0,0.09364770128221722,92807000000.0,16043000000.0,5.784890606495044,False,0.04831404126824368,0.5866293884522938,0.06092816646745781,,NYQ,USD,84.06,175347318784.0,925801199.0,38.2,48.4,62.4,10,25,13.1,34.5,1217,2026-09-04
VRNS,"Varonis Systems, Inc.",Technology,Software - Infrastructure,United States,5342160896.0,4,"2022,2023,2024,2025",-0.08466843522204184,0.030721556520007298,-0.08250341844963674,0.12656013677968078,4.0,4.0,0.09598672016546606,249777000.0,-97443000.0,,False,0.04695867277210519,0.8317042745718074,0.027026434789900296,,NMS,USD,46.51,5342160896.0,92075289.0,0.0,66.4,63.3,30,25,31.1,34.4,1218,2026-09-04
PPL.TO,Pembina Pipeline Corporation,Energy,Oil & Gas Midstream,Canada,38999076864.0,4,"2022,2023,2024,2025",0.09465628888054062,-0.06277441981663459,0.07807399927875946,0.2875445761498637,4.0,4.0,-0.125017357213851,12582000000.0,3806000000.0,3.305832895428271,False,0.14953448555956683,0.3942878336550475,0.07402462090681497,,TOR,CAD,67.06,28279873524.0,115215901.0,49.9,91.2,4.7,10,0,9.6,34.4,1219,2026-09-04
LITE,Lumentum Holdings Inc.,Technology,Communication Equipment,United States,76009086976.0,4,"2023,2024,2025,2026",-0.30788718294775236,-1.0893459161892296,-1.1020279241558275,-0.004417152379567014,2.0,4.0,0.19481931003065855,-1067200000.0,-6884000000.0,0.0,True,0.019033674963396807,0.30082832071199345,0.08326502425586511,,NMS,USD,847.37,76009086976.0,4180417700.0,0.0,0.0,83.8,100,55,8.3,34.3,1220,2026-09-04
AG,First Majestic Silver Corp.,Basic Materials,Silver,Canada,10543266816.0,4,"2022,2023,2024,2025",0.0017569499424888654,0.13615950313005004,0.11410587034886673,-0.04076638901366775,2.0,4.0,0.2637473682487568,-665081000.0,674624000.0,0.0,True,0.8415914059598426,0.14749607756886995,0.13114575899125544,,NYQ,USD,21.39,10543266816.0,237813293.0,20.7,0.0,89.9,100,0,3.7,34.2,1221,2026-09-04
RNW,ReNew Energy Global Plc,Utilities,Utilities - Renewable,United Kingdom,2489952768.0,4,"2023,2024,2025,2026",0.05132831237832348,0.015832103937174498,0.061471788900431194,-0.41838269597757477,0.0,4.0,0.1911358121928035,744627000000.0,98759000000.0,7.5398394070413834,False,-0.03716419262616766,0.9031497183991454,0.04160253146173562,,NMS,USD,6.83,2489952768.0,14456487.0,36.5,0.0,83.5,10,80,19.7,34.1,1222,2026-09-04
HL,Hecla Mining Company,Basic Materials,Other Precious Metals & Mining,United States,14248208384.0,4,"2022,2023,2024,2025",0.03620745249064014,0.12269135429173705,0.12198624308360782,-0.016671412642162868,2.0,4.0,0.25558580806727726,27069000.0,686330000.0,0.0394402109772267,False,0.17659470632141017,0.24219635504892106,0.11475515635728309,,NYQ,USD,21.21,14248208384.0,773998077.0,28.9,0.0,89.4,85,0,5.0,34.1,1223,2026-09-04
ONC,BeOne Medicines AG,Healthcare,Biotechnology,Switzerland,41027145728.0,4,"2022,2023,2024,2025",-0.11651897110073973,0.3480291896187669,0.0607502312095755,-0.5290423711929706,1.0,4.0,0.5568601814251719,-3454686000.0,616774000.0,0.0,True,0.10002041634686942,0.8405293610447319,0.02762834109682458,,NMS,USD,362.68,41027145728.0,131747137.0,0.0,0.0,97.4,100,0,30.1,34.1,1224,2026-09-04
EFN.TO,Element Fleet Management Corp.,Industrials,Rental & Leasing Services,Canada,10426478592.0,4,"2022,2023,2024,2025",0.034064633569401745,0.0028379887292942704,0.03628312685691282,-0.16123949922340217,1.0,4.0,0.17123741562115158,9520800000.0,1199730000.0,7.935785551749143,False,-0.028171938527812412,0.37564524759479234,0.022652149101104687,,TOR,CAD,26.33,7560678857.0,20720612.0,27.7,0.0,80.7,10,80,37.2,34.1,1225,2026-09-04
TVE.TO,Tamarack Valley Energy Ltd.,Energy,Oil & Gas E&P,Canada,6427236864.0,4,"2022,2023,2024,2025",0.06348699357335139,-0.10345321031855034,0.009643946617174376,0.008822248657514672,3.0,4.0,0.04119183838950802,685125000.0,557375000.0,1.2291993720565149,False,0.07944412375397403,0.35149036936668093,0.04654632783782973,,TOR,CAD,13.53,4660660206.0,16683880.0,35.2,20.6,42.5,65,25,16.9,34.1,1226,2026-09-04
FRPT,"Freshpet, Inc.",Consumer Defensive,Packaged Foods,United States,3348686592.0,4,"2022,2023,2024,2025",0.008434611591069528,0.08025986275598748,0.041759607319850886,-0.17355291024068528,1.0,4.0,0.22783452681923122,119355000.0,174614000.0,0.6835362571156952,False,0.213158407481977,0.36341132307074187,0.043919858759880324,,NGM,USD,69.68,3348686592.0,95402024.0,21.9,0.0,87.6,85,0,18.0,34.1,1227,2026-09-04
AAL,American Airlines Group Inc.,Industrials,Airlines,United States,8585750016.0,4,"2022,2023,2024,2025",0.07122799454998152,0.008731869663773616,0.05912514234106883,0.0066954938928343016,2.0,4.0,0.03714312343491266,28240000000.0,4125000000.0,6.846060606060606,False,0.007390989769844314,0.20285300947290977,0.015579868127524803,,NMS,USD,12.97,8585750016.0,1380734151.0,49.4,4.0,40.5,10,55,51.8,34.0,1228,2026-09-04
MTX,Minerals Technologies Inc.,Basic Materials,Specialty Chemicals,United States,2205472768.0,4,"2022,2023,2024,2025",0.0491893140128152,-0.048406494817283194,0.011960300549512169,0.04667478606609889,4.0,4.0,-0.008365879972629497,632700000.0,131700000.0,4.804100227790433,False,-0.04268292682926833,0.2402322665886195,0.01526535852930305,,NYQ,USD,70.85,2205472768.0,17038787.0,25.0,35.0,22.2,10,80,52.8,34.0,1229,2026-09-04
FIVN,"Five9, Inc.",Technology,Software - Infrastructure,United States,2548072192.0,4,"2022,2023,2024,2025",-0.01790171623094535,0.09650127491619473,0.03413896077517556,0.08879346280235594,4.0,4.0,0.13841488387695233,503406000.0,120782000.0,4.167889255021444,False,0.25860983981693364,0.5363359189600075,0.010452049484689162,,NGM,USD,34.1,2548072192.0,91740151.0,0.0,54.2,74.6,10,0,68.9,33.9,1230,2026-09-04
TSN,"Tyson Foods, Inc.",Consumer Defensive,Farm Products,United States,18209245184.0,4,"2022,2023,2024,2025",0.046685917715489536,-0.09630507461198855,0.029822106631989597,0.015111980803223485,3.0,4.0,0.00719878201118096,7601000000.0,2579000000.0,2.947266382318728,False,-0.016528925619834656,0.07709114829087643,0.02861190822802341,,NYQ,USD,51.76,18209245184.0,168425850.0,23.7,22.7,28.4,45,80,29.2,33.9,1231,2026-09-04
PRM,"Perimeter Solutions, Inc.",Basic Materials,Specialty Chemicals,United States,5246166016.0,4,"2022,2023,2024,2025",0.004891031773538033,-0.1686627801883404,-0.09552453145484374,0.11006355881737839,2.0,4.0,0.21890548926224462,343195000.0,-123080000.0,,False,-0.14113214717155975,0.47375964634002843,0.09734163843616464,,NYQ,USD,32.05,5246166016.0,52069904.0,11.4,12.3,86.2,30,100,6.7,33.8,1232,2026-09-04
IHS,IHS Holding Limited,Real Estate,Real Estate Services,United Kingdom,2865746176.0,4,"2022,2023,2024,2025",-0.0669305623039083,0.34897303363103244,0.30733422228381374,0.2608797250992959,4.0,4.0,-0.06913316517143986,2312000000.0,1389800000.0,1.6635487120448986,False,0.03216419749702304,0.486356813538771,0.05506634651719819,,NYQ,USD,8.47,2865746176.0,10896486.0,0.0,89.3,9.7,65,25,14.5,33.7,1233,2026-09-04
MGEE,"MGE Energy, Inc.",Utilities,Utilities - Regulated Electric,United States,2929129984.0,4,"2022,2023,2024,2025",0.07469735757916127,0.0006694457125517722,0.0746384651094042,-0.013642017214196145,2.0,4.0,0.013411229102000322,902699000.0,304777000.0,2.961834390390351,False,0.010974733233814371,0.38958142526551004,0.029523085341988487,,NMS,USD,77.6,2929129984.0,17535427.0,50.7,0.0,30.2,45,55,28.3,33.7,1234,2026-09-04
VTRS,Viatris Inc.,Healthcare,Drug Manufacturers - Specialty & Generic,United States,19457130496.0,4,"2022,2023,2024,2025",-0.007165819878482069,-0.16756189239525954,-0.10517063849075263,0.141584942470017,4.0,4.0,-0.04196777704087673,13088100000.0,-395400000.0,,False,-0.038360440282569463,0.3872499223103463,0.024662458363901383,,NMS,USD,16.94,19457130496.0,164930940.0,0.0,70.1,13.5,30,80,34.5,33.7,1235,2026-09-04
REZI,"Resideo Technologies, Inc.",Industrials,Industrial Distribution,United States,2965579264.0,4,"2022,2023,2024,2025",0.036594113299396824,-0.12640852909222625,-0.04540878257765084,-0.012416945140793285,3.0,4.0,0.054627626311829935,2506000000.0,-127000000.0,,False,0.0,0.2810033688128144,0.00816811748399202,,NYQ,USD,19.53,2965579264.0,47344606.0,19.0,0.0,49.1,30,55,76.9,33.7,1236,2026-09-04
SHAK,Shake Shack Inc.,Consumer Cyclical,Restaurants,United States,2964759552.0,4,"2022,2023,2024,2025",0.017998784420164494,0.09921663634316152,0.06625127739445165,-0.004606955300733512,2.0,4.0,0.1708311818437429,542003000.0,183556000.0,2.952793697836083,False,0.06651884700665178,0.44939676222439956,0.019592112114469293,,NYQ,USD,69.3,2964759552.0,124978392.0,23.8,0.0,80.5,45,25,43.1,33.7,1237,2026-09-04
SJM,The J. M. Smucker Company,Consumer Defensive,Packaged Foods,United States,13727846400.0,4,"2023,2024,2025,2026",0.011469525375771832,0.0055722417303603194,0.015293224065560664,0.09599907695621415,4.0,4.0,0.0199866543809879,6905100000.0,875800000.0,7.884334322904773,False,0.00470809792843685,0.35814104760856613,0.026482074228514712,,NYQ,USD,128.51,13727846400.0,197434668.0,22.2,56.6,33.0,10,55,31.8,33.6,1238,2026-09-04
XRAY,DENTSPLY SIRONA Inc.,Healthcare,Medical Instruments & Supplies,United States,2278614784.0,4,"2022,2023,2024,2025",-0.11513562269906107,0.06925080406954552,-0.08574311426233978,0.06341938488395532,4.0,4.0,-0.021005895598057323,2002000000.0,-46000000.0,,False,-0.07470997679814384,0.5211607068924613,0.015367309323607975,,NMS,USD,11.43,2278614784.0,58066549.0,0.0,42.6,18.1,30,100,52.4,33.6,1239,2026-09-04
CE,Celanese Corporation,Basic Materials,Chemicals,United States,4960651776.0,4,"2022,2023,2024,2025",0.024590271841101588,-0.09987482537131559,-0.028869706253378986,0.09739594510145101,4.0,4.0,-0.0044652723627061075,11335000000.0,267000000.0,42.453183520599254,False,0.003024752747252668,0.228620896660971,0.015379091469724925,,NYQ,USD,45.2,4960651776.0,79093130.0,15.0,57.1,23.6,10,55,52.4,33.6,1240,2026-09-04
WHR,Whirlpool Corporation,Consumer Cyclical,"Furnishings, Fixtures & Appliances",United States,2509523968.0,4,"2022,2023,2024,2025",0.02283721736991346,0.14950719105055393,0.06718079169370539,0.02218171720093538,4.0,4.0,-0.07671407844633105,5851000000.0,1195000000.0,4.896234309623431,False,0.005366726296958779,0.1569635125260136,0.003540264901075175,,NYQ,USD,38.49,2509523968.0,92342398.0,24.6,25.2,8.8,10,55,93.0,33.5,1241,2026-09-04
VAC,Marriott Vacations Worldwide Corporation,Consumer Cyclical,Resorts & Casinos,United States,3412359680.0,4,"2022,2023,2024,2025",0.035193409748331995,-0.0769048109081554,-0.013739130434782608,0.03657580970380747,3.0,4.0,0.02622491315176667,5076000000.0,19000000.0,267.1578947368421,False,-0.22787610619469023,0.3898985807192591,0.02145695076857131,,NYQ,USD,99.21,3412359680.0,48463093.0,18.2,30.5,35.5,10,100,39.2,33.4,1242,2026-09-04
UNIT,Uniti Group Inc.,Real Estate,REIT - Specialty,United States,2468514560.0,4,"2022,2023,2024,2025",0.11228299523422042,0.045517466807331264,0.1400858896942448,-0.05555657153789432,2.0,4.0,0.2555916685390167,9485900000.0,2425600000.0,3.9107437335092348,False,0.1313129597948779,0.807310987113937,0.09876722411337974,,NMS,USD,10.17,2468514560.0,23843463.0,69.5,0.0,89.5,10,0,6.6,33.3,1243,2026-09-04
ENTG,"Entegris, Inc.",Technology,Semiconductor Equipment & Materials,United States,19970959360.0,4,"2022,2023,2024,2025",0.05255127047761755,0.011994328182673382,0.055174173310678344,0.06083311609374237,3.0,4.0,-0.008753232926965393,3337200000.0,844100000.0,3.953560004738775,False,0.0632501082810557,0.43833362040429147,0.014073513538113881,,NMS,USD,130.7,19970959360.0,395251700.0,36.9,41.4,21.9,10,25,56.7,33.3,1244,2026-09-04
XMTR,"Xometry, Inc.",Industrials,Industrial Distribution,United States,5333385216.0,4,"2022,2023,2024,2025",-0.08580000528240826,0.016885615759958714,-0.0736825978461819,-0.10023373611674857,0.0,4.0,0.21701565212312723,312518000.0,-37502000.0,,False,0.07748008529663952,0.388655826789305,0.00490718361093801,,NMS,USD,93.04,5333385216.0,68427571.0,0.0,0.0,86.0,30,25,88.5,33.2,1245,2026-09-04
EL,The Estée Lauder Companies Inc.,Consumer Defensive,Household & Personal Products,United States,36491001856.0,4,"2023,2024,2025,2026",0.038579020156821964,-0.04123822993496238,0.04595032397408207,0.03215360026282468,3.0,4.0,-0.018374524462719366,3808000000.0,1647000000.0,2.3120825743776563,False,0.010806317539484578,0.7310990928957304,0.01717182068528636,,NYQ,USD,100.86,36491001856.0,320302716.0,19.8,29.0,18.9,45,55,47.9,33.0,1246,2026-09-04
AVNT,Avient Corporation,Basic Materials,Specialty Chemicals,United States,3935685888.0,4,"2022,2023,2024,2025",0.041559136337579794,0.004469098168385283,0.036605403392828056,0.05345591042215026,4.0,4.0,-0.013598266045341312,1412600000.0,396200000.0,3.5653710247349824,False,-0.004338394793926281,0.2953633390433712,0.025476015379824423,,NYQ,USD,42.91,3935685888.0,38848182.0,31.3,37.7,20.3,10,80,33.2,32.9,1247,2026-09-04
NOG,"Northern Oil and Gas, Inc.",Energy,Oil & Gas E&P,United States,2758556928.0,4,"2022,2023,2024,2025",0.20358037902156428,-0.3436387070850596,0.03212982674345727,-0.1438971084855788,1.0,4.0,0.018013950909314458,2381094000.0,1049944000.0,2.2678295223364295,False,0.14582017624038857,0.46259502324978924,0.128210401620846,,NYQ,USD,25.89,2758556928.0,76846776.0,82.9,0.0,32.1,45,0,3.8,32.9,1248,2026-09-04
HTO,H2O America,Utilities,Utilities - Regulated Water,United States,2702275072.0,4,"2022,2023,2024,2025",0.047954836189605846,0.0019340733777707814,0.04743761668800499,-0.2173602651855954,0.0,4.0,0.0885371908797119,1956471000.0,307998000.0,6.3522198196092186,False,0.15377619642387597,0.5732820121926481,0.004461714955147852,,NMS,USD,64.56,2702275072.0,28629584.0,34.5,0.0,61.4,10,0,90.0,32.8,1249,2026-09-04
S,"SentinelOne, Inc.",Technology,Software - Infrastructure,United States,6891372544.0,4,"2023,2024,2025,2026",-0.1741503000008381,0.09846039826113132,-0.12902414161410297,-0.14575801785076967,2.0,4.0,0.3335808456206235,-613667000.0,-254111000.0,0.0,True,0.18829283043272915,0.7135082133883937,0.03415380746288703,,NYQ,USD,19.8,6891372544.0,141845339.0,0.0,0.0,94.3,100,0,24.3,32.8,1250,2026-09-04
ET,Energy Transfer LP,Energy,Oil & Gas Midstream,United States,73824346112.0,4,"2022,2023,2024,2025",0.08529752812157439,-0.008099068859830708,0.07332379088403977,0.06964174249226726,4.0,4.0,-0.01636252303332597,67061000000.0,15214000000.0,4.407848034704877,False,0.11381982563771387,0.175731172591505,0.016238022007476153,,NYQ,USD,21.44,73824346112.0,189725948.0,46.2,45.8,19.7,10,0,50.5,32.7,1251,2026-09-04
CALY,Callaway Golf Company,Consumer Cyclical,Leisure,United States,2806185472.0,4,"2022,2023,2024,2025",0.03338256436846366,-0.005422129490293644,0.0331703309156845,0.07764069808501825,3.0,4.0,-0.19814013571383882,557500000.0,194600000.0,2.8648509763617676,False,-0.07749627421758565,0.4715474600637486,0.07629073309226757,,NYQ,USD,15.72,2806185472.0,32444901.0,17.3,49.2,1.6,45,100,9.2,32.5,1252,2026-09-04
TRP.TO,TC Energy Corporation,Energy,Oil & Gas Midstream,Canada,90289938432.0,4,"2022,2023,2024,2025",0.057876979315944675,0.055101789406784646,0.07693694326407546,0.0343344613670927,2.0,4.0,0.0737699168980781,60029000000.0,11060000000.0,5.4275768535262205,False,0.04417670682730934,0.4887006173088138,0.013728770808680459,,TOR,CAD,86.67,65473037945.0,236184234.0,41.0,6.0,56.3,10,25,57.5,32.5,1253,2026-09-04
AA,Alcoa Corporation,Basic Materials,Aluminum,United States,13472576512.0,4,"2022,2023,2024,2025",0.04729840082072399,0.019960411316338397,0.11269904272706047,0.008371553248108397,3.0,4.0,0.010071437935283534,851000000.0,1845000000.0,0.46124661246612464,False,0.4459398339937837,0.14368448977181908,0.04343027063371499,,NYQ,USD,51.05,13472576512.0,290380364.0,34.1,20.4,29.2,85,0,18.5,32.5,1254,2026-09-04
CRSP,CRISPR Therapeutics AG,Healthcare,Biotechnology,Switzerland,5462168064.0,3,"2022,2023,2024",-0.2292847276437698,0.13779037484910409,-0.2209576673843733,-409.0612863932084,0.0,3.0,7.959644488359913,-1680133000.0,-447307000.0,0.0,True,0.08505263415140796,-84.55554269183993,118.31379629277518,,NGM,USD,56.49,5462168064.0,90619507.0,0.0,0.0,99.9,100,25,0.1,32.5,1255,2026-09-04
SEI,"Solaris Energy Infrastructure, Inc.",Energy,Oil & Gas Equipment & Services,United States,5350303232.0,4,"2022,2023,2024,2025",0.10898891578372158,-0.10216334084200437,0.04938234898657215,-0.2680695651129857,1.0,4.0,0.2481273815067333,711122000.0,184952000.0,3.8449002984558156,False,0.5731122335525272,0.26732499838127916,0.0375176386670229,,NYQ,USD,53.17,5350303232.0,153574420.0,57.6,0.0,88.6,10,0,21.5,32.4,1256,2026-09-04
BB,BlackBerry Limited,Technology,Software - Infrastructure,Canada,4512973312.0,4,"2023,2024,2025,2026",-0.01243189760717096,0.2186546089700248,0.062206896551724136,-0.13044558650669577,2.0,4.0,0.014236785291606102,-359900000.0,82800000.0,0.0,True,-0.06552439689938971,0.7107157588427393,0.04382708743819453,,NYQ,USD,7.7,4512973312.0,170661753.0,0.0,0.0,30.6,100,100,18.1,32.3,1257,2026-09-04
APPN,Appian Corporation,Technology,Software - Infrastructure,United States,2923838720.0,4,"2022,2023,2024,2025",-0.2136583408590206,0.5560860009455119,0.11124142947795267,-0.09509358473622029,2.0,4.0,0.1581187450401349,105016000.0,37000000.0,2.8382702702702702,False,0.030280863984542217,0.7184757700245585,0.00856899703822895,,NGM,USD,40.82,2923838720.0,34331334.0,0.0,0.0,78.9,45,25,75.0,32.3,1258,2026-09-04
CLOV,"Clover Health Investments, Corp.",Healthcare,Healthcare Plans,United States,2260069888.0,4,"2022,2023,2024,2025",-0.366563680314143,0.3415991883374536,-0.21892722478490723,-0.07920885650689335,1.0,4.0,0.20618831805599047,-120256000.0,-83863000.0,0.0,True,0.07500958405247937,0.18710717571101837,0.06142697682496843,,NMS,USD,4.255,2260069888.0,25373842.0,0.0,0.0,85.2,100,25,13.0,32.2,1259,2026-09-04
GPK,Graphic Packaging Holding Company,Consumer Cyclical,Packaging & Containers,United States,3167965952.0,4,"2022,2023,2024,2025",0.09273200731871009,-0.021443439105258602,0.06848539325842697,0.010688719232050555,2.0,4.0,-0.02994870551122608,5303000000.0,1338000000.0,3.9633781763826605,False,-0.0313408723747981,0.20677218757936885,0.01713179773948813,,NYQ,USD,10.7,3167965952.0,53480162.0,49.2,4.2,15.9,10,80,48.0,32.2,1260,2026-09-04
HRI,Herc Holdings Inc.,Industrials,Rental & Leasing Services,United States,4644964864.0,4,"2022,2023,2024,2025",0.07996262208631513,-0.07270488046679134,0.03314518563235738,-0.07067448471070588,1.0,4.0,0.16460565992377263,7939000000.0,1497000000.0,5.303273213092853,False,0.039735099337748325,0.3574325960466775,0.024642202220873807,,NYQ,USD,138.94,4644964864.0,73388664.0,43.7,0.0,79.9,10,25,34.5,32.1,1261,2026-09-04
LFST,"LifeStance Health Group, Inc.",Healthcare,Medical Care Facilities,United States,4901773312.0,4,"2022,2023,2024,2025",-0.05452592100114806,0.12343205505948382,0.010429172851526721,0.015146028926425734,2.0,4.0,0.18334105606392392,31785000.0,78778000.0,0.40347558963162306,False,0.10092941302304115,0.30183120563488697,0.021209084882331593,,NMS,USD,12.83,4901773312.0,49396629.0,0.0,4.6,82.5,85,0,39.6,32.0,1262,2026-09-04
ELAN,Elanco Animal Health Incorporated,Healthcare,Drug Manufacturers - Specialty & Generic,United States,12196558848.0,4,"2022,2023,2024,2025",-0.0006197115780638526,-0.010471319593948902,-0.00029912911775842484,0.059851841087851,4.0,4.0,0.022464440848901424,3472000000.0,676000000.0,5.136094674556213,False,0.016588163014540136,0.5569640412150889,0.007714849991428804,,NYQ,USD,24.42,12196558848.0,146488205.0,0.0,40.7,34.3,10,55,78.5,32.0,1263,2026-09-04
D,"Dominion Energy, Inc.",Utilities,Utilities - Regulated Electric,United States,58743537664.0,4,"2022,2023,2024,2025",0.04399640382714855,0.047025497441899475,0.06273025053200516,-0.36740609397713275,0.0,4.0,0.05798731389635825,48255000000.0,8317000000.0,5.801971864855116,False,0.024311377245509025,0.4779547653662747,0.012466596643970367,,NYQ,USD,66.79,58743537664.0,327633670.0,32.0,0.0,50.4,10,55,62.1,31.9,1264,2026-09-04
ARWR,"Arrowhead Pharmaceuticals, Inc.",Healthcare,Biotechnology,United States,12217098240.0,4,"2022,2023,2024,2025",-0.4333385262349667,0.4967585662394624,0.15439153321728033,-43.03599231787722,1.0,4.0,0.50518568612459,166177000.0,164822000.0,1.0082209899163947,False,0.26234428086070216,,,,NMS,USD,86.49,12217098240.0,174431562.0,0.0,0.0,97.0,65,0,50.0,31.8,1265,2026-09-04
PNW,Pinnacle West Capital Corporation,Utilities,Utilities - Regulated Electric,United States,11877328896.0,4,"2022,2023,2024,2025",0.05474561380511177,0.005379356763887261,0.056372336177254324,-0.1305010652227186,0.0,4.0,0.07284582276575913,10556077000.0,2129952000.0,4.956016379711843,False,0.07543027438809347,0.4051987834069903,0.011346329266221982,,NYQ,USD,98.0,11877328896.0,117543356.0,38.2,0.0,55.7,10,25,66.1,31.8,1266,2026-09-04
WERN,"Werner Enterprises, Inc.",Industrials,Trucking,United States,2309120512.0,4,"2022,2023,2024,2025",0.05495844569781133,-0.1122390999276826,0.006822362560357692,-0.026617278657102637,0.0,4.0,-0.03305464493566135,692078000.0,304585000.0,2.2721998785232365,False,-0.061506062342247425,0.12406952989527678,0.022907788372283192,,NMS,USD,38.5,2309120512.0,42355544.0,28.5,0.0,15.1,45,100,36.8,31.7,1267,2026-09-04
FUL,H.B. Fuller Company,Basic Materials,Specialty Chemicals,United States,2886770176.0,4,"2022,2023,2024,2025",0.06218229650949118,-0.010891876380367572,0.05968666183269052,0.04705628699893711,4.0,4.0,-0.025128747474493673,1909724000.0,527084000.0,3.623187195968764,False,0.0015560259820153188,0.28826426148851714,0.019897241593700443,,NYQ,USD,53.67,2886770176.0,40795318.0,34.0,35.1,17.3,10,55,42.5,31.5,1268,2026-09-04
CNH,CNH Industrial N.V.,Industrials,Farm & Heavy Construction Machinery,United Kingdom,22256916480.0,4,"2022,2023,2024,2025",0.07073783682925014,-0.03961528063062911,0.042841992346051266,0.020760759292117653,2.0,4.0,-0.08409644436874009,24184000000.0,2731000000.0,8.855364335408275,False,-0.08149779735682816,0.31175986711669346,0.015054723392221683,,NYQ,USD,13.84,22256916480.0,213158158.0,39.1,4.9,7.8,10,100,53.6,31.5,1269,2026-09-04
KGS,"Kodiak Gas Services, Inc.",Energy,Oil & Gas Equipment & Services,United States,6238118912.0,4,"2022,2023,2024,2025",0.06345908598881862,-0.019197171037253817,0.05966747974576154,0.05212323524547447,2.0,4.0,0.22711995726913692,2552071000.0,588027000.0,4.340057514365837,False,0.18030666666666662,0.3875825667538656,0.02004736102094201,,NYQ,USD,61.7,6238118912.0,112072435.0,35.1,7.5,87.4,10,0,41.8,31.2,1270,2026-09-04
U,Unity Software Inc.,Technology,Software - Application,United States,18518943744.0,4,"2022,2023,2024,2025",-0.09652706658692418,0.057279247160674715,-0.05358168660838308,0.09133290453581402,3.0,4.0,0.09964242786653932,179510000.0,89753000.0,2.0000445667554287,False,0.3555831808929997,0.7057427519809613,0.033182337817534824,,NYQ,USD,42.08,18518943744.0,395895162.0,0.0,55.1,64.5,45,0,24.9,31.2,1271,2026-09-04
SUN,Sunoco LP,Energy,Oil & Gas Refining & Marketing,United States,13940741120.0,4,"2022,2023,2024,2025",0.10600825864903239,-0.09526582748221496,0.046960276661370225,0.016175549029790348,4.0,4.0,-0.0068878638837518436,12498000000.0,1812000000.0,6.897350993377484,False,0.6178329628974435,0.06422149256774341,0.015946362527915654,,NYQ,USD,73.99,13940741120.0,32161973.0,56.0,23.3,22.8,10,0,50.9,31.2,1272,2026-09-04
LEGN,Legend Biotech Corporation,Healthcare,Biotechnology,United States,4230123008.0,4,"2022,2023,2024,2025",-0.22558483872005486,0.18561845848701228,-0.15618225855283077,-0.9367513223801474,0.0,4.0,1.0640628412229738,-534900000.0,-232300000.0,0.0,True,0.15894314705234125,0.5412393463542122,0.07621139002069771,,NMS,USD,21.75,4230123008.0,53347204.0,0.0,0.0,98.7,100,0,9.3,31.2,1273,2026-09-04
COHR,Coherent Corp.,Technology,Scientific & Technical Instruments,United States,51780001792.0,4,"2023,2024,2025,2026",0.025797850327406658,0.07400350180583057,0.0683391762217555,-0.007746180307394032,3.0,4.0,0.1131925802114353,2060206000.0,1559895000.0,1.3207337673369042,False,0.4201907281687478,0.33738321887160716,0.027256547277458142,,NYQ,USD,264.41,51780001792.0,1603707993.0,25.4,0.0,69.1,65,0,30.8,31.1,1274,2026-09-04
EQX.TO,Equinox Gold Corp.,Basic Materials,Gold,Canada,21095999488.0,4,"2022,2023,2024,2025",0.036923291941728775,0.04939829821743015,0.03592615197822799,-0.1628924802220928,1.0,4.0,0.24039039177880306,1147325000.0,828171000.0,1.3853721031043107,False,1.0733645965208654,0.19133503686641845,0.10753647399520833,,TOR,CAD,18.07,15297597927.0,58939629.0,29.3,0.0,88.2,65,0,5.4,31.1,1275,2026-09-04
WY,Weyerhaeuser Company,Real Estate,REIT - Specialty,United States,16605758464.0,4,"2022,2023,2024,2025",0.06894217706378122,-0.10489543338512723,0.028075076676890253,0.08073533077032735,3.0,4.0,-0.12148651794619336,5108000000.0,1042000000.0,4.902111324376199,False,-0.02609317143883938,0.22684773079786905,0.07835303909605539,,NYQ,USD,23.04,16605758464.0,124468946.0,37.5,51.0,4.9,10,80,8.8,31.1,1276,2026-09-04
PTCT,"PTC Therapeutics, Inc.",Healthcare,Biotechnology,United States,5959101440.0,4,"2022,2023,2024,2025",-0.1634239613659914,0.829060578585801,0.34807411151432577,-0.2535030721927472,1.0,4.0,0.352962193966454,1610349000.0,887664000.0,1.8141425133834423,False,0.2311888443323764,0.9419819036224745,0.018018784267515072,,NMS,USD,71.4,5959101440.0,118103954.0,0.0,0.0,95.0,65,0,46.5,31.0,1277,2026-09-04
COHU,"Cohu, Inc.",Technology,Semiconductor Equipment & Materials,United States,2176621056.0,4,"2022,2023,2024,2025",0.006748535656461668,-0.14334474576416914,-0.044081143400245555,0.06476666553033397,3.0,4.0,-0.17707189771639453,69024000.0,-9668000.0,,False,-0.042541855365888614,0.4559471378652524,0.019431159885145287,,NMS,USD,45.98,2176621056.0,55471605.0,11.7,43.2,2.4,30,80,43.5,31.0,1278,2026-09-04
TEVA,Teva Pharmaceutical Industries Limited,Healthcare,Drug Manufacturers - Specialty & Generic,Israel,42673143808.0,4,"2022,2023,2024,2025",0.0025901930642680746,0.12820424260012825,0.06663821006635377,0.05868811936470901,4.0,4.0,0.049583479903127614,13250000000.0,3141000000.0,4.218401782871697,False,0.047747747747747704,0.4887628715406612,0.018418845285042684,,NYQ,USD,36.62,42673143808.0,202938739.0,20.9,39.9,46.2,10,25,45.6,31.0,1279,2026-09-04
ALM,Almonty Industries Inc.,Basic Materials,Other Industrial Metals & Mining,United States,5146496512.0,4,"2022,2023,2024,2025",-0.09506370862970645,-0.19869527155554612,-0.2573424192766635,-1.5855422730135909,0.0,4.0,0.09453484287854264,-103835000.0,-156367000.0,0.0,True,0.46401246427748877,0.07304824224723046,0.019522454644486893,,NCM,USD,17.84,5146496512.0,118553775.0,0.0,0.0,62.7,100,0,43.4,30.9,1280,2026-09-04
CPX.TO,Capital Power Corporation,Utilities,Utilities - Independent Power Producers,Canada,9789225984.0,4,"2022,2023,2024,2025",0.07509886338805338,-0.005634662981659606,0.040105355128435424,0.03885979607297752,4.0,4.0,0.08294862961260119,6634000000.0,1049000000.0,6.324118207816968,False,0.5510604003563908,0.4793435287695969,0.03442913595985651,,TOR,CAD,62.32,7098580146.0,27254199.0,40.9,31.7,59.7,10,0,24.2,30.7,1281,2026-09-04
SLAB,Silicon Laboratories Inc.,Technology,Semiconductors,United States,7364377600.0,4,"2022,2023,2024,2025",-0.024544589903003608,-0.07967774087481908,-0.03121494712258022,0.004214911285284957,2.0,4.0,-0.08490808031113684,-419666000.0,-18852000.0,0.0,True,-0.0921425004161811,0.5831892336847787,0.03312099012278356,,NMS,USD,220.71,7364377600.0,84708498.0,0.0,3.9,7.8,100,100,25.0,30.7,1282,2026-09-04
DD,"DuPont de Nemours, Inc.",Basic Materials,Specialty Chemicals,United States,17708185600.0,4,"2022,2023,2024,2025",0.02003252061328365,-0.01735337329373805,0.023694457436856876,-0.022533431136287255,3.0,4.0,-0.19269293381346742,2470000000.0,1160000000.0,2.1293103448275863,False,-0.1605927098942439,0.3395877179247676,0.010752860164365862,,NYQ,USD,131.13,17708185600.0,190346866.0,14.0,0.0,1.7,45,100,67.8,30.7,1283,2026-09-04
GSAT,"Globalstar, Inc.",Communication Services,Telecom Services,United States,10621606912.0,4,"2022,2023,2024,2025",-0.017841970604531614,0.09880959238837363,0.013793431222953198,,0.0,0.0,0.22499431843120932,36317000.0,102059000.0,0.35584318874376586,False,0.05582441381033698,0.6422854747724309,0.04853617695053335,,NMS,USD,81.98,10621606912.0,94164933.0,0.0,,87.1,85,25,16.2,30.7,1284,2026-09-04
MIRM,"Mirum Pharmaceuticals, Inc.",Healthcare,Biotechnology,United States,6136540672.0,4,"2022,2023,2024,2025",-0.2934329043317088,0.8388000810782561,-0.008903339861358203,-0.4943792024311044,1.0,4.0,0.8912654199656542,13114000.0,17206000.0,0.7621759851214692,False,0.47718132392464563,0.7881022295343388,0.037368742915002744,,NGM,USD,100.63,6136540672.0,78646974.0,0.0,0.0,98.3,85,0,21.6,30.7,1285,2026-09-04
IOVA,"Iovance Biotherapeutics, Inc.",Healthcare,Biotechnology,United States,3940851200.0,3,"2023,2024,2025",-0.6326635406979316,0.21412629817789808,-0.5661995838937879,-108.84929664756281,0.0,3.0,13.886788923092396,-247536000.0,-350889000.0,0.0,True,0.519769830434949,0.30187337252346585,0.12602124365973041,,NGM,USD,8.7,3940851200.0,143482340.0,0.0,0.0,100.0,100,0,3.9,30.6,1286,2026-09-04
RKLB,Rocket Lab Corporation,Industrials,Aerospace & Defense,United States,40800817152.0,4,"2022,2023,2024,2025",-0.14457807147436197,0.03415732480858982,-0.09322203884944241,-0.5336103430086679,0.0,4.0,0.41816168117879515,-762622000.0,-155473000.0,0.0,True,0.13824268011459417,0.22767997716169136,0.0926599317325324,,NMS,USD,63.81,40800817152.0,1398716412.0,0.0,0.0,96.2,100,0,7.5,30.6,1287,2026-09-04
NTRA,"Natera, Inc.",Healthcare,Diagnostics & Research,United States,47231725568.0,4,"2022,2023,2024,2025",-0.2557542036599825,0.3881353724201497,-0.11435678761401567,-0.1952333828636,2.0,4.0,0.41139873357588086,-861763000.0,-220536000.0,0.0,True,0.38932810340622703,0.5373347722262286,0.08937623555503284,,NMS,USD,327.67,47231725568.0,456811956.0,0.0,0.0,96.0,100,0,7.9,30.6,1288,2026-09-04
BG,Bunge Global SA,Consumer Defensive,Farm Products,United States,23077349376.0,4,"2022,2023,2024,2025",0.11451433833508705,-0.10094887217543602,0.04357829128402347,-0.014176750001387057,2.0,4.0,0.015124876158678413,13124000000.0,2465000000.0,5.324137931034483,False,0.26410886274509804,0.06212507863644387,0.012391426887981756,,NYQ,USD,120.12,23077349376.0,182505283.0,60.5,0.0,30.9,10,0,62.6,30.6,1289,2026-09-04
IONQ,"IonQ, Inc.",Technology,Computer Hardware,United States,15808393216.0,4,"2022,2023,2024,2025",-0.25196413240946414,-0.03406333672318253,-0.15327845223484984,-3.6292978584593807,0.0,4.0,1.268928825536873,-2362135000.0,-551711000.0,0.0,True,0.4178343663249673,0.5733734610824905,0.12357874148159094,,NYQ,USD,39.02,15808393216.0,849205488.0,0.0,0.0,99.0,100,0,4.2,30.5,1290,2026-09-04
TWST,Twist Bioscience Corporation,Healthcare,Biotechnology,United States,8071072768.0,4,"2022,2023,2024,2025",-0.264596888345408,0.047025629862915974,-0.22759866626634923,-0.5569631641208421,0.0,4.0,0.22757576271963376,-156862000.0,-111406000.0,0.0,True,0.10991927252482148,0.4282899874015068,0.05077894187761381,,NMS,USD,128.71,8071072768.0,232487328.0,0.0,0.0,87.5,100,0,15.5,30.5,1291,2026-09-04
ADPT,Adaptive Biotechnologies Corporation,Healthcare,Diagnostics & Research,United States,3921269760.0,4,"2022,2023,2024,2025",-0.4061507556162828,0.16165406692702386,-0.17215546201203877,-0.6977448548918563,0.0,4.0,0.14335911072682883,-147832000.0,-29846000.0,0.0,True,0.06459644784799723,0.6458438130212582,0.07320363557784389,,NMS,USD,24.57,3921269760.0,71720960.0,0.0,0.0,75.8,100,25,9.9,30.4,1292,2026-09-04
QBTS,D-Wave Quantum Inc.,Technology,Computer Hardware,United States,6264439808.0,4,"2022,2023,2024,2025",-3.329425689260086,9.863268377850055,-0.3122406492311884,-5.394123802209976,0.0,4.0,0.5077693248454678,-841024000.0,-348743000.0,0.0,True,1.6845632493447829,0.6440886884741266,0.11117397859806782,,NMS,USD,16.82,6264439808.0,351255037.0,0.0,0.0,97.1,100,0,5.2,30.3,1293,2026-09-04
JOBY,"Joby Aviation, Inc.",Industrials,Airports & Air Services,United States,6795283456.0,3,"2023,2024,2025",-0.42684703994076045,-0.042692639482812655,-0.40325718071692607,-1283.600459916882,0.0,3.0,6.195026813898138,-1371091000.0,-679433000.0,0.0,True,0.2752450465938201,0.588199336838623,0.15585551341334986,,NYQ,USD,6.87,6795283456.0,268741086.0,0.0,0.0,99.8,100,0,2.4,30.3,1294,2026-09-04
IP,International Paper Company,Consumer Cyclical,Packaging & Containers,United States,19297525760.0,4,"2022,2023,2024,2025",0.026588560087088813,-0.20338512971689715,-0.09596398734690567,0.0357447534885152,3.0,4.0,0.0375292471900297,8686000000.0,65000000.0,133.63076923076923,False,0.3779291553133515,0.2856734437903471,0.006171230831321717,,NYQ,USD,36.44,19297525760.0,192256711.0,15.7,30.3,40.7,10,0,84.0,30.2,1295,2026-09-04
ONDS,Ondas Inc.,Technology,Communication Equipment,United States,4360199168.0,4,"2022,2023,2024,2025",-0.43598848983819727,0.39810969285364356,-0.22161074049069945,-6.780630368483693,0.0,4.0,1.8790498355579106,-556930000.0,-118331000.0,0.0,True,4.249899242528707,0.3434248127336205,0.17748494425835507,,NCM,USD,7.63,4360199168.0,619967303.0,0.0,0.0,99.4,100,0,1.9,30.2,1296,2026-09-04
POR,Portland General Electric Company,Utilities,Utilities - Regulated Electric,United States,5782772736.0,4,"2022,2023,2024,2025",0.05615407765443964,0.00016320344730712255,0.057252075042637865,-0.12948898904398592,0.0,4.0,0.10547227813688487,4586000000.0,1169000000.0,3.923011120615911,False,0.23533348950838318,0.4752109004842735,0.01349145303211336,,NYQ,USD,49.17,5782772736.0,55721017.0,39.6,0.0,66.5,10,0,58.8,30.2,1297,2026-09-04
NRG,"NRG Energy, Inc.",Utilities,Utilities - Independent Power Producers,United States,23509940224.0,4,"2022,2023,2024,2025",0.09314265929307915,-0.04688823035486235,0.08176433558429667,0.014951454908113589,2.0,4.0,-0.008849172407267458,11735000000.0,3281000000.0,3.576653459311186,False,-0.15677966101694918,0.15483062751115817,0.05268603145625709,,NYQ,USD,111.84,23509940224.0,308744721.0,49.3,4.5,21.8,10,100,14.9,30.2,1298,2026-09-04
IONS,"Ionis Pharmaceuticals, Inc.",Healthcare,Biotechnology,United States,9660295168.0,4,"2022,2023,2024,2025",-0.13361778385140982,0.010130165122893733,-0.1018244488302728,-0.5135499332187677,0.0,4.0,0.17123261646908805,1429869000.0,-272625000.0,,False,0.12676056338028174,0.9829023565395985,0.004467972090924136,,NMS,USD,58.13,9660295168.0,173178978.0,0.0,0.0,80.6,30,0,89.9,30.1,1299,2026-09-04
OUST,"Ouster, Inc.",Technology,Electronic Components,United States,2583785216.0,4,"2022,2023,2024,2025",-0.6095006535638416,0.27641982015771654,-0.23066701510670978,-1.3104465097615885,0.0,4.0,0.6042072847715825,-191505000.0,-50423000.0,0.0,True,2.1662496420505146,0.30574701638493407,0.14341458982884908,,NMS,USD,35.83,2583785216.0,141023440.0,0.0,0.0,97.6,100,0,3.0,30.1,1300,2026-09-04
TECK,Teck Resources Limited,Basic Materials,Copper,Canada,33763092480.0,4,"2022,2023,2024,2025",0.04056442321257028,-0.07048633536233513,0.04571398337531486,0.017195124170145973,2.0,4.0,-0.14676681386141333,3637000000.0,4140000000.0,0.8785024154589371,False,-0.0755738010822915,0.27274670709852467,0.13169129204851335,,NYQ,USD,68.82,33763092480.0,218756758.0,20.8,4.7,3.6,85,100,3.5,30.0,1301,2026-09-04
AMLX,"Amylyx Pharmaceuticals, Inc.",Healthcare,Drug Manufacturers - Specialty & Generic,United States,3783926528.0,3,"2022,2023,2024",-0.6453356143128656,-1.0832278771140924,-1.5502159014353776,-3.3658475852105556,1.0,3.0,0.9825033135442991,-174520000.0,-254773000.0,0.0,True,0.16491108978870495,0.45735671199650435,0.6255801764082979,,NMS,USD,33.96,3783926528.0,84800905.0,0.0,0.0,98.5,100,0,0.3,29.8,1302,2026-09-04
IRTC,"iRhythm Holdings, Inc.",Healthcare,Medical Devices,United States,4068623616.0,4,"2022,2023,2024,2025",-0.21049816731231358,0.291338005354138,-0.0299791336865067,-0.08577405069458198,1.0,4.0,0.22052729579710628,413492000.0,-3965000.0,,False,0.0698054400830066,0.688278788842158,0.011522935423410135,,NMS,USD,123.43,4068623616.0,74099102.0,0.0,0.0,86.3,30,25,65.4,29.8,1303,2026-09-04
UCTT,"Ultra Clean Holdings, Inc.",Technology,Semiconductor Equipment & Materials,United States,3014997248.0,4,"2022,2023,2024,2025",0.021420161124214052,-0.14029728803988648,-0.07142520414176277,0.0051333717899449145,3.0,4.0,-0.04715641249104208,165100000.0,-31400000.0,,False,-0.008752735229759279,0.17069665135646472,0.015267686161994906,,NMS,USD,66.59,3014997248.0,90479695.0,14.4,19.7,12.5,30,80,52.7,29.8,1304,2026-09-04
FE,FirstEnergy Corp.,Utilities,Utilities - Regulated Electric,United States,27219222528.0,4,"2022,2023,2024,2025",0.055694247715484896,-0.005382422864263971,0.054053780781242,-0.07934525338738346,0.0,4.0,0.06594636102267804,26499000000.0,4255000000.0,6.2277320799059925,False,0.010489510489510412,0.6496539819832546,0.016670541246131137,,NYQ,USD,47.04,27219222528.0,199944179.0,29.1,0.0,53.3,10,55,49.5,29.7,1305,2026-09-04
ED,"Consolidated Edison, Inc.",Utilities,Utilities - Regulated Electric,United States,40218865664.0,4,"2022,2023,2024,2025",0.06017840802755595,0.0052577057868563246,0.05730361464295317,-0.06200730824400964,1.0,4.0,0.02587238970223038,26247000000.0,6151000000.0,4.267111038855471,False,0.008150646430578945,0.51582007503593,0.01884659899927122,,NYQ,USD,108.75,40218865664.0,246976035.0,42.7,0.0,35.4,10,55,44.8,29.7,1306,2026-09-04
ES,Eversource Energy,Utilities,Utilities - Regulated Electric,United States,26920945664.0,4,"2022,2023,2024,2025",0.039497499298099516,0.011380689128300148,0.06151949678711874,-0.12722921683519517,0.0,4.0,0.033017102123918285,29979547000.0,5487930000.0,5.462815123370743,False,0.0691511000614986,0.8417091740975656,0.006855940728422418,,NYQ,USD,71.47,26920945664.0,171684948.0,30.2,0.0,38.5,10,25,82.0,29.6,1307,2026-09-04
GRAB,Grab Holdings Limited,Technology,Software - Application,Singapore,13992252416.0,4,"2022,2023,2024,2025",-0.04231581649177693,0.18280675289313686,0.029576220896220896,-0.08997544572684607,1.0,4.0,0.3298252356588238,-4751000000.0,517000000.0,0.0,True,0.17097287581151033,0.3175193974276847,0.15440269875227922,,NMS,USD,3.42,13992252416.0,155987633.0,0.0,0.0,94.1,100,0,2.5,29.5,1308,2026-09-04
SMR,NuScale Power Corporation,Industrials,Specialty Industrial Machinery,United States,4001297920.0,4,"2022,2023,2024,2025",-0.8962056370827249,0.14617382164944026,-0.46606945683801304,-9.61200921599626,0.0,4.0,0.3867470230686205,-1254217000.0,-688390000.0,0.0,True,2.2253600219873024,0.44468194761968194,0.257432201304724,,NYQ,USD,9.75,4001297920.0,314456590.0,0.0,0.0,95.6,100,0,1.2,29.5,1309,2026-09-04
GPGI,"GPGI, Inc.",Industrials,Metal Fabrication,United States,4046865408.0,4,"2022,2023,2024,2025",-0.4945187626825549,-0.4371599801223556,-0.7226355077917751,0.08981306652896667,3.0,4.0,-0.45931328243146996,-114642000.0,-220785000.0,0.0,True,2.3947780678851176,0.5293422545294411,0.035650117012512694,,NYQ,USD,13.96,4046865408.0,22283259.0,0.0,54.5,0.3,100,0,23.1,29.4,1310,2026-09-04
GENI,Genius Sports Limited,Communication Services,Internet Content & Information,United Kingdom,2041993728.0,4,"2022,2023,2024,2025",-0.15208407068352675,0.051043221811538364,-0.19104874702370683,-0.04746542712580258,2.0,4.0,0.2521337203795322,-250064000.0,-70860000.0,0.0,True,0.2805819916357408,0.1643005125972531,0.09523814971200548,,NYQ,USD,7.63,2041993728.0,48072083.0,0.0,0.0,89.3,100,0,7.0,29.4,1311,2026-09-04
SPHR,Sphere Entertainment Co.,Communication Services,Entertainment,United States,5135645696.0,4,"2022,2023,2024,2025",-0.0035875187832659916,0.07953491802272539,0.032944354302511976,-0.7532538054047724,1.0,4.0,0.2598986758677848,322672000.0,464172000.0,0.6951561059262514,False,0.32237629543132384,0.46539716396304043,0.04034815548299042,,NYQ,USD,143.0,5135645696.0,104762372.0,0.0,0.0,89.7,85,0,20.4,29.3,1312,2026-09-04
MP,MP Materials Corp.,Basic Materials,Other Industrial Metals & Mining,United States,9578302464.0,4,"2022,2023,2024,2025",0.028776728422446506,-0.16871841296111992,-0.02113178601832814,-0.7662142004602723,1.0,4.0,-0.24787417762232056,-823116000.0,2974000.0,0.0,True,-0.12057876336705864,0.155108356785732,0.4672842849273859,,NYQ,USD,53.78,9578302464.0,317574181.0,16.0,0.0,1.3,100,100,0.5,29.3,1313,2026-09-04
SPB,"Spectrum Brands Holdings, Inc.",Consumer Defensive,Household & Personal Products,United States,2033040768.0,4,"2022,2023,2024,2025",0.013650911629961012,0.035614449930008174,0.037370035518243465,-0.024831006643465645,2.0,4.0,-0.035682118905648874,444300000.0,215200000.0,2.0645910780669143,False,-0.36674816625916873,0.34361643656473945,0.02730648184693613,,NYQ,USD,88.41,2033040768.0,32513043.0,22.6,0.0,14.8,45,100,30.7,29.2,1314,2026-09-04
FM.TO,First Quantum Minerals Ltd.,Basic Materials,Copper,Canada,37572644864.0,4,"2022,2023,2024,2025",0.04791755500954545,-0.03447397619709081,0.05312188836174076,0.10736703428227153,4.0,4.0,-0.11774270577909629,5192000000.0,1785000000.0,2.9086834733893556,False,0.2009633658351455,0.2620367997753766,0.03593514737964355,,TOR,CAD,45.04,27245507590.0,90042114.0,24.3,60.8,5.0,45,0,22.9,29.2,1315,2026-09-04
PEG,Public Service Enterprise Group Incorporated,Utilities,Utilities - Regulated Electric,United States,36788379648.0,4,"2022,2023,2024,2025",0.0657685034904967,0.03584962248628902,0.0722139273187841,-0.054392594111564156,2.0,4.0,0.07480837487525593,23942000000.0,4794000000.0,4.994159365874009,False,0.0,0.34660005619157075,0.057737246822055874,,NYQ,USD,73.81,36788379648.0,213854584.0,46.1,0.0,56.8,10,55,13.9,29.1,1316,2026-09-04
VFC,V.F. Corporation,Consumer Cyclical,Apparel Manufacturing,United States,5165788160.0,4,"2023,2024,2025,2026",0.045005285490676034,-0.0030561829885177028,0.07053452665455613,0.022375002587131675,3.0,4.0,-0.046764747259231965,2706066000.0,788518000.0,3.431837954238204,False,0.019324355640240043,0.530239344089245,0.012264020381196356,,NYQ,USD,13.14,5165788160.0,93335483.0,22.6,25.3,12.6,10,55,63.1,29.1,1317,2026-09-04
IDA,"IDACORP, Inc.",Utilities,Utilities - Regulated Electric,United States,7873458688.0,4,"2022,2023,2024,2025",0.06271405238978196,-0.013627143347788757,0.0538666035446714,-0.19747869007162405,0.0,4.0,0.03315804981386372,3231620000.0,737011000.0,4.384764949234136,False,0.08100751494112313,0.18993899671632344,0.009504620416379572,,NYQ,USD,136.12,7873458688.0,74766360.0,34.5,0.0,38.6,10,25,71.6,29.1,1318,2026-09-04
GKOS,Glaukos Corporation,Healthcare,Medical Devices,United States,10637753344.0,4,"2022,2023,2024,2025",-0.15715948068312033,-0.1966237226846803,-0.27909808505612244,-0.18128108654174807,0.0,4.0,0.21507737451005693,-174884000.0,-146062000.0,0.0,True,0.20542112806677348,0.7070082307970389,0.08649535293563536,,NYQ,USD,180.35,10637753344.0,152638501.0,0.0,0.0,85.8,100,0,8.1,29.1,1319,2026-09-04
TXG,"10x Genomics, Inc.",Healthcare,Medical Devices,United States,8237007872.0,4,"2022,2023,2024,2025",-0.16519318314858203,0.11874965238696411,-0.03958997948076542,-0.058309952088285204,1.0,4.0,0.0757198969204591,-439048000.0,3909000.0,0.0,True,0.09565542668664606,0.6993856899967545,0.04030507690624238,,NMS,USD,63.22,8237007872.0,201611615.0,0.0,0.0,57.2,100,25,20.4,29.1,1320,2026-09-04
F,Ford Motor Company,Consumer Cyclical,Auto Manufacturers,United States,57461256192.0,4,"2022,2023,2024,2025",0.0030367604011798093,-0.02954929679514018,-0.03634403476375898,0.0352111252075854,3.0,4.0,0.05815471849810683,139980000000.0,3638000000.0,38.477185266630016,False,-0.00871948181365223,0.07327584260452451,0.038189527916210046,,NYQ,USD,14.41,57461256192.0,717208151.0,11.0,30.1,50.4,10,80,21.2,29.0,1321,2026-09-04
SYNA,Synaptics Incorporated,Technology,Semiconductors,United States,3819970304.0,4,"2023,2024,2025,2026",5.381680827496946e-05,-0.08356456508559514,-0.01901743264659271,0.0924761536636876,3.0,4.0,-0.04045549887630362,394800000.0,93800000.0,4.208955223880597,False,-0.03233830845771146,0.4702742658106406,0.03381309602876036,,NMS,USD,97.68,3819970304.0,95438537.0,10.4,55.6,13.9,10,80,24.4,29.0,1322,2026-09-04
PRMB,Primo Brands Corporation,Consumer Defensive,Beverages - Non-Alcoholic,United States,7930186752.0,4,"2022,2023,2024,2025",0.04442907205669685,0.038958699786467724,0.045700877246794676,0.015099790483287315,3.0,4.0,0.14484883194233333,4781200000.0,1081700000.0,4.420079504483683,False,0.7147215691297149,0.2823687222176132,0.03510801910862173,,NYQ,USD,21.91,7930186752.0,79451225.0,32.2,22.6,76.1,10,0,23.5,29.0,1323,2026-09-04
WTTR,"Select Water Solutions, Inc.",Energy,Oil & Gas Equipment & Services,United States,2878939904.0,4,"2022,2023,2024,2025",0.04515043113355666,-0.040948490707712476,0.03375165008926749,0.013045512920563296,2.0,4.0,0.004764089947685735,298209000.0,227750000.0,1.3093699231613611,False,0.24285282116077722,0.13923693674348686,0.01375042108981509,,NYQ,USD,20.17,2878939904.0,35268254.0,22.8,4.4,26.9,65,0,57.4,29.0,1324,2026-09-04
URGN,UroGen Pharma Ltd.,Healthcare,Biotechnology,United States,2193759744.0,4,"2022,2023,2024,2025",-4.725399103332056,3.105357868994922,-6.517452796367113,-1.2115382719394445,0.0,4.0,0.1948673500544662,11465000.0,-135660000.0,,False,1.1097248488740994,0.8890697043374953,0.0076805491246921195,,NGM,USD,44.88,2193759744.0,36176197.0,0.0,0.0,83.9,30,0,78.8,28.9,1325,2026-09-04
GM,General Motors Company,Consumer Cyclical,Auto Manufacturers,United States,78886264832.0,4,"2022,2023,2024,2025",0.04178926318415979,-0.03981071879654418,0.01790614395285168,-0.019141490123491055,1.0,4.0,0.05685834354915076,109332000000.0,18432000000.0,5.931640625,False,-0.3308115543328748,0.10819314302692734,0.027472354159963977,,NYQ,USD,87.22,78886264832.0,620024041.0,21.4,0.0,49.9,10,100,30.4,28.9,1326,2026-09-04
CRNX,"Crinetics Pharmaceuticals, Inc.",Healthcare,Biotechnology,United States,9012787200.0,4,"2022,2023,2024,2025",-0.3397614909199336,0.007764410315298342,-0.41150539823784904,-85.73977801662151,0.0,4.0,0.1755846086494186,-979348000.0,-512879000.0,0.0,True,0.8094147974298795,0.9533957033957033,0.06590842832265466,,NMS,USD,84.95,9012787200.0,355245269.0,0.0,0.0,81.5,100,0,11.2,28.9,1327,2026-09-04
TRN,"Trinity Industries, Inc.",Industrials,Railroads,United States,2239509248.0,4,"2022,2023,2024,2025",0.05730521353123125,0.03588107296097763,0.07552445664677823,-0.2108116121970409,0.0,4.0,0.029403912822715705,5241200000.0,954700000.0,5.4898921127055615,False,-0.015439429928741144,0.2112921419280388,0.03468690675346515,,NYQ,USD,28.11,2239509248.0,20343235.0,40.5,0.0,36.9,10,80,23.7,28.7,1328,2026-09-04
TPZ.TO,Topaz Energy Corp.,Energy,Oil & Gas Midstream,Canada,4938198528.0,4,"2022,2023,2024,2025",0.05686969239218948,0.010829697181199013,0.07100192685170795,0.1770677030779088,2.0,4.0,-0.030860187177450427,570188000.0,332392000.0,1.715408313076127,False,0.07761536554698734,0.46810295765546006,0.12380541875326213,,TOR,CAD,31.89,3580895781.0,11601102.0,40.4,15.6,15.7,65,25,4.1,28.4,1329,2026-09-04
NMRK,"Newmark Group, Inc.",Real Estate,Real Estate Services,United States,3650236416.0,4,"2022,2023,2024,2025",0.051299964322452034,-0.012748796340325344,0.05962654064649564,0.07918645267711562,2.0,4.0,0.06780421024747785,1335076000.0,415305000.0,3.214688000385259,False,0.03374296936498933,,,,NMS,USD,14.915,3650236416.0,20595124.0,26.4,10.1,54.2,10,25,50.0,28.3,1330,2026-09-04
DUK,Duke Energy Corporation,Utilities,Utilities - Regulated Electric,United States,94655848448.0,4,"2022,2023,2024,2025",0.055397576556637664,0.009085719132952218,0.05895708276180662,-0.08346801195349658,1.0,4.0,0.03867971409471327,89591000000.0,17050000000.0,5.254604105571848,False,0.009090909090909038,0.4842009455904846,0.02369260547544947,,NYQ,USD,121.4,94655848448.0,487264880.0,38.8,0.0,41.3,10,55,35.8,28.3,1331,2026-09-04
INSM,Insmed Incorporated,Healthcare,Biotechnology,United States,27664568320.0,4,"2022,2023,2024,2025",-0.5376731238028561,-0.4390234782097546,-0.7370613466256231,-1.752244328624905,0.0,4.0,0.3520470779200269,30519000.0,-1177720000.0,,False,0.6175397244686471,0.7805015274405163,0.012182787849309363,,NMS,USD,126.68,27664568320.0,430297756.0,0.0,0.0,94.9,30,0,63.2,28.2,1332,2026-09-04
WLK,Westlake Corporation,Basic Materials,Specialty Chemicals,United States,9533622272.0,4,"2022,2023,2024,2025",0.04145234287706706,-0.25577320010923,-0.0913568447412354,0.05657915880594013,3.0,4.0,-0.1090492868144759,2860000000.0,-248000000.0,,False,-0.004542112207170934,0.1671709994084435,0.0657018382875302,,NYQ,USD,74.6,9533622272.0,79168952.0,21.2,39.1,5.8,30,80,11.3,28.2,1333,2026-09-04
KD,"Kyndryl Holdings, Inc.",Technology,Information Technology Services,United States,2905695488.0,4,"2023,2024,2025,2026",0.003665123682686495,0.18773622840493798,0.05733282674772037,0.006925965879554279,2.0,4.0,-0.03939526618533695,1466000000.0,1581000000.0,0.9272612270714737,False,0.03131892368769296,0.188376696047995,0.02729600905877591,,NYQ,USD,13.34,2905695488.0,56376467.0,21.2,4.0,14.1,85,25,30.7,28.1,1334,2026-09-04
WGS,GeneDx Holdings Corp.,Healthcare,Diagnostics & Research,United States,2606191872.0,4,"2022,2023,2024,2025",-0.5757790885507584,1.5505863229032875,-0.036053241895261844,-0.6040824398518502,1.0,4.0,0.2213062606935845,-58114000.0,12147000.0,0.0,True,1.797875228375927,0.4160490881614136,0.3199467155462996,,NMS,USD,87.39,2606191872.0,71400863.0,0.0,0.0,86.5,100,0,0.8,28.1,1335,2026-09-04
MDU,"MDU Resources Group, Inc.",Utilities,Utilities - Regulated Gas,United States,4150194688.0,4,"2022,2023,2024,2025",0.05627656614756216,0.020677705519077515,0.05304524336063968,-0.05386721657656029,1.0,4.0,0.023803303104838358,2648643000.0,525434000.0,5.0408671688546995,False,0.008845208845208896,0.30487621164277057,0.0210263736126684,,NYQ,USD,19.73,4150194688.0,29237532.0,39.8,0.0,34.6,10,55,40.0,28.1,1336,2026-09-04
TGTX,"TG Therapeutics, Inc.",Healthcare,Biotechnology,United States,8681369600.0,4,"2022,2023,2024,2025",-0.24741977422867129,1.419499844625774,0.11855944901053526,-15.890006814264396,0.0,4.0,5.048568486524871,166497000.0,134361000.0,1.2391765467658025,False,0.19201865771012927,0.890993309505198,0.037321393796421916,,NCM,USD,56.71,8681369600.0,139910942.0,0.0,0.0,99.7,65,0,21.7,28.0,1337,2026-09-04
PPL,PPL Corporation,Utilities,Utilities - Regulated Electric,United States,26421850112.0,4,"2022,2023,2024,2025",0.045975217141055055,0.0138403764554665,0.05341824661856212,-0.08492841138420135,0.0,4.0,0.045945748857909585,18279000000.0,3696000000.0,4.945616883116883,False,0.008747431815899542,0.39694690916387837,0.022057498101382137,,NYQ,USD,35.11,26421850112.0,309627647.0,33.4,0.0,45.0,10,55,38.3,27.8,1338,2026-09-04
SWK,"Stanley Black & Decker, Inc.",Industrials,Tools & Accessories,United States,14573106176.0,4,"2022,2023,2024,2025",0.03136719843176634,0.042922221459435514,0.06024147523511392,0.007770105735399191,3.0,4.0,-0.037097214175564996,5583600000.0,1446600000.0,3.8598092077975945,False,-0.029862091432294458,0.27475812394743965,0.024033114586556485,,NYQ,USD,96.5,14573106176.0,171705345.0,26.6,20.2,14.5,10,80,35.3,27.7,1339,2026-09-04
PKX,POSCO Holdings Inc.,Basic Materials,Steel,South Korea,19095758848.0,4,"2022,2023,2024,2025",0.032629483575774304,-0.034936345337843316,0.020437601891368052,-0.012333349950363146,1.0,4.0,-0.06722587684234105,20139632000000.0,6389843000000.0,3.1518195360981482,False,-0.04166818904049263,0.08070809334790628,0.006615237311137416,,NYQ,USD,63.13,19095758848.0,23083232.0,17.0,0.0,10.1,10,80,82.6,27.6,1340,2026-09-04
PPLI,People Incorporated,Communication Services,Internet Content & Information,United States,2901114624.0,4,"2022,2023,2024,2025",-0.03757657381031989,0.14327793104251338,0.00488878671859818,0.03435353959832649,3.0,4.0,-0.2296660685664471,465613000.0,168743000.0,2.759302608108188,False,-0.07274725475776178,0.6230891315944614,0.028416581737688594,,NMS,USD,38.96,2901114624.0,37196008.0,0.0,29.9,1.5,45,100,29.4,27.4,1341,2026-09-04
EIX,Edison International,Utilities,Utilities - Regulated Electric,United States,21665026048.0,4,"2022,2023,2024,2025",0.06565929987091973,0.07093473072309306,0.1028681921002262,-0.0876156218753346,0.0,4.0,0.03904776111316921,40230000000.0,10768000000.0,3.736069836552749,False,0.007832898172323688,0.4143139969511724,0.04444668689409449,,NYQ,USD,56.3,21665026048.0,209617399.0,45.9,0.0,41.5,10,55,17.8,27.4,1342,2026-09-04
AAP,"Advance Auto Parts, Inc.",Consumer Cyclical,Auto Parts,United States,2577263872.0,4,"2022,2023,2024,2025",-0.005158871234995728,-0.09565159694763227,0.0051336898395721925,-0.000465789787849032,2.0,4.0,-0.02037370532966909,289000000.0,320000000.0,0.903125,False,-0.001926972676515648,0.42267567498998115,0.031726831698223934,,NYQ,USD,42.72,2577263872.0,82516457.0,0.0,0.0,18.4,85,80,26.1,27.4,1343,2026-09-04
GLNG,Golar LNG Limited,Energy,Oil & Gas Midstream,Bermuda,5308023296.0,4,"2022,2023,2024,2025",0.05782964642068804,-0.15502867017756078,0.029486511627906976,-0.7128516298076275,0.0,4.0,0.13697762790507007,1606803000.0,190135000.0,8.45085334104715,False,0.008770798400619118,0.46013218970992065,0.07971560263072232,,NMS,USD,51.99,5308023296.0,64495155.0,31.0,0.0,74.4,10,55,8.6,27.2,1344,2026-09-04
MKSI,MKS Inc.,Technology,Scientific & Technical Instruments,United States,16880722944.0,4,"2022,2023,2024,2025",-0.0032197448105608407,0.024402363036954915,0.07474285187861272,0.10193033116305,4.0,4.0,0.034857659509934136,3526000000.0,877000000.0,4.020524515393387,False,0.13021702838063431,0.45827293539003683,0.015170666274787957,,NMS,USD,249.65,16880722944.0,358354351.0,0.0,58.7,39.3,10,0,53.2,27.1,1345,2026-09-04
CRGY,Crescent Energy Company,Energy,Oil & Gas E&P,United States,5491907584.0,4,"2022,2023,2024,2025",0.1129436770222249,-0.23314449115451694,0.0388113835987244,-0.07692213816502448,0.0,4.0,0.0540243297585028,5513971000.0,1667004000.0,3.3077131188647417,False,0.5486095082529931,0.7955217451551513,0.037159171045050045,,NYQ,USD,13.96,5491907584.0,81701752.0,59.7,0.0,48.6,10,0,21.8,27.0,1346,2026-09-04
APD,"Air Products and Chemicals, Inc.",Basic Materials,Specialty Chemicals,United States,67745394688.0,4,"2022,2023,2024,2025",0.08453623442669603,-0.11887403752391497,-0.005445239324884715,-0.16548805991136878,1.0,4.0,-0.01766923192508929,15842400000.0,1337500000.0,11.844785046728973,False,0.0008988764044943753,0.30065960837373695,0.02276858087266813,,NYQ,USD,304.22,67745394688.0,380406727.0,45.8,0.0,19.3,10,55,37.0,26.9,1347,2026-09-04
NVTS,Navitas Semiconductor Corporation,Technology,Semiconductors,United States,2898137856.0,4,"2022,2023,2024,2025",-0.24482615685533723,0.09652138495305593,-0.15975001183335927,-0.9074555154574933,0.0,4.0,0.06564068687343894,-230385000.0,-67326000.0,0.0,True,0.41051714319041044,0.339081811187012,0.03204235248178141,,NGM,USD,11.1,2898137856.0,197655202.0,0.0,0.0,53.2,100,0,25.9,26.9,1348,2026-09-04
CENX,Century Aluminum Company,Basic Materials,Aluminum,United States,4703171072.0,4,"2022,2023,2024,2025",0.08414857921376773,-0.024025281154693705,0.029408375803235097,-0.007874596514667345,2.0,4.0,-0.030876707231403788,414100000.0,142200000.0,2.912095639943741,False,0.04266958424507661,0.05894853976404199,0.032705318144939974,,NMS,USD,47.51,4703171072.0,103537165.0,45.5,0.0,15.7,45,25,25.3,26.8,1349,2026-09-04
ABCL,AbCellera Biologics Inc.,Healthcare,Biotechnology,Canada,3749227776.0,4,"2022,2023,2024,2025",-0.11144352056886947,-0.29533185928229033,-0.17326626572544948,-2.889173434247523,1.0,4.0,-0.4630998471024502,-390608000.0,-174392000.0,0.0,True,-0.051203232070870075,0.954379401650241,0.0645172689098046,,NMS,USD,11.57,3749227776.0,88503026.0,0.0,0.0,0.3,100,100,11.8,26.8,1350,2026-09-04
MIR,"Mirion Technologies, Inc.",Industrials,Specialty Industrial Machinery,United States,4173954816.0,4,"2022,2023,2024,2025",-0.0251339014668261,0.13496454798533888,0.022257926670146137,0.06343484383054779,4.0,4.0,0.08836695449307719,786900000.0,212900000.0,3.6961014560826677,False,0.4416530038807833,0.4538266434926402,0.016350584636988946,,NYQ,USD,16.76,4173954816.0,66913965.0,0.0,42.6,61.3,10,0,50.1,26.7,1351,2026-09-04
UAA,"Under Armour, Inc.",Consumer Cyclical,Apparel Manufacturing,United States,2229341440.0,4,"2023,2024,2025,2026",0.02303554991777911,-0.08700999671076716,-0.008152551977039348,-0.018655287799986698,1.0,4.0,-0.05597234615058411,881276000.0,74230000.0,11.87223494543985,False,-0.07569516520804576,0.46079865085339755,0.011637815845099448,,NYQ,USD,5.19,2229341440.0,43314780.0,14.8,0.0,11.6,10,100,64.8,26.7,1352,2026-09-04
AVAH,Aveanna Healthcare Holdings Inc.,Healthcare,Medical Care Facilities,United States,2977485056.0,4,"2022,2023,2024,2025",-0.05162947685588355,0.47947967955324244,0.08684592879326641,0.008797920537125145,3.0,4.0,0.10823565098044674,1277824000.0,269405000.0,4.743133943319537,False,0.15858541764347645,0.3176668150551637,0.009100647103602168,,NMS,USD,13.64,2977485056.0,36578824.0,0.0,20.5,67.4,10,0,73.0,26.7,1353,2026-09-04
HHH,Howard Hughes Holdings Inc.,Real Estate,Real Estate - Development,United States,3792882944.0,4,"2022,2023,2024,2025",0.03665232858757321,-0.01204360644975639,0.028606415956991357,0.11523500143350268,3.0,4.0,-0.0032776210722831323,3641321000.0,514985000.0,7.070732157247298,False,0.10857083133871948,0.44560281787882816,0.030697259680381162,,NYQ,USD,63.51,3792882944.0,26998292.0,19.2,63.4,23.9,10,0,27.0,26.6,1354,2026-09-04
AES,The AES Corporation,Utilities,Utilities - Diversified,United States,10544623616.0,4,"2022,2023,2024,2025",0.04286511978403126,0.004634248163063709,0.034475265017667844,-0.25658194143075913,0.0,4.0,-0.010249740650209005,28515000000.0,2939000000.0,9.702279686968357,False,0.0723076915613976,0.19220523772228854,0.008218236869232698,,NYQ,USD,14.78,10544623616.0,115314314.0,31.7,0.0,21.3,10,25,76.7,26.6,1355,2026-09-04
SNAP,Snap Inc.,Communication Services,Internet Content & Information,United States,9639826432.0,4,"2022,2023,2024,2025",-0.11610894521157522,0.12762733314614574,-0.044689676958519324,0.03351562895756291,4.0,4.0,0.0882854585693329,2506394000.0,-165505000.0,,False,0.053655279101463504,0.5587439619765315,0.027336837569725547,,NYQ,USD,5.7,9639826432.0,233851905.0,0.0,29.4,61.2,30,25,30.5,26.6,1356,2026-09-04
HIMS,"Hims & Hers Health, Inc.",Healthcare,Drug Manufacturers - Specialty & Generic,United States,6490779136.0,4,"2022,2023,2024,2025",-0.03254619660034501,0.2753880263778945,0.055126414924797223,0.037141506226256046,3.0,4.0,0.6454948211180809,743964000.0,160115000.0,4.646435374574525,False,0.26264153163085635,0.7821157918099402,0.02974137790529756,,NYQ,USD,27.82,6490779136.0,422815704.0,0.0,30.9,97.8,10,0,28.0,26.5,1357,2026-09-04
DRVN,Driven Brands Holdings Inc.,Consumer Cyclical,Auto & Truck Dealerships,United States,2240425728.0,4,"2022,2023,2024,2025",0.040708655480650224,0.03864334487335033,0.06490027252760469,-0.07508544158172864,1.0,4.0,-0.028817156878422345,2056536000.0,392561000.0,5.238767987650327,False,-0.017338059168900632,0.4931043155581539,0.018998144611718042,,NMS,USD,13.58,2240425728.0,12409784.0,31.0,0.0,16.2,10,80,44.6,26.4,1358,2026-09-04
OCUL,"Ocular Therapeutix, Inc.",Healthcare,Biotechnology,United States,2336712960.0,4,"2022,2023,2024,2025",-0.3857229801771519,0.2891451729033167,-0.2766392428263919,-2.211041299567893,0.0,4.0,0.0029495649686299696,-660092000.0,-249781000.0,0.0,True,1.265631843525214,0.9016605369436426,0.016306285955495752,,NGM,USD,10.64,2336712960.0,27982487.0,0.0,0.0,25.7,100,0,50.3,26.4,1359,2026-09-04
AEP,"American Electric Power Company, Inc.",Utilities,Utilities - Regulated Electric,United States,67891798016.0,4,"2022,2023,2024,2025",0.059307373358521376,0.010699811736352614,0.06945903361344538,-0.08273157913930637,0.0,4.0,0.036603082441915236,48633000000.0,9239000000.0,5.263881372442905,False,0.04670686439211269,0.60077556764603,0.021948070393239098,,NMS,USD,124.71,67891798016.0,566422843.0,41.9,0.0,40.1,10,25,38.5,26.3,1360,2026-09-04
WEC,"WEC Energy Group, Inc.",Utilities,Utilities - Regulated Electric,United States,34768125952.0,4,"2022,2023,2024,2025",0.06623202139277712,0.002888182798324798,0.06711224047834671,-0.005315215258413223,2.0,4.0,0.006991111598761979,21914600000.0,4047100000.0,5.414889674087618,False,0.024359379943055925,0.4027154094097568,0.036178061312403746,,NYQ,USD,106.7,34768125952.0,236932792.0,46.2,0.0,28.2,10,55,22.5,26.2,1361,2026-09-04
CWT,California Water Service Group,Utilities,Utilities - Regulated Water,United States,3124729600.0,4,"2022,2023,2024,2025",0.05476476243086275,0.0004373495726330001,0.05643490397559905,-0.17399540213197645,0.0,4.0,0.05719819282275296,1552418000.0,360174000.0,4.3101889642228475,False,0.09694093409120175,0.6342793722239074,0.025286433155447863,,NYQ,USD,50.53,3124729600.0,26628805.0,38.4,0.0,50.2,10,25,33.7,26.2,1362,2026-09-04
AEHR,"Aehr Test Systems, Inc.",Technology,Semiconductor Equipment & Materials,United States,2487961600.0,4,"2023,2024,2025,2026",0.04318839175921432,-0.21531906827462743,-0.03910875081430999,-0.0423292394268117,2.0,4.0,-0.08355023794173644,-106476000.0,-10613000.0,0.0,True,0.04976895430429584,0.438604170013768,0.06220674749160699,,NCM,USD,76.27,2487961600.0,191689391.0,21.8,0.0,8.0,100,25,12.7,26.1,1363,2026-09-04
VSAT,"Viasat, Inc.",Technology,Communication Equipment,United States,9879846912.0,4,"2023,2024,2025,2026",-0.014977315959891421,0.04213358768284692,0.025117738866455436,-0.10214934159031383,1.0,4.0,0.21988483055085717,4701770000.0,1819516000.0,2.5840773040742704,False,0.7755053384636283,0.3162090571710362,0.019861957813783603,,NMS,USD,71.72,9879846912.0,176906775.0,0.0,0.0,86.2,45,0,42.6,26.1,1364,2026-09-04
WFG,West Fraser Timber Co. Ltd.,Basic Materials,Lumber & Wood Production,Canada,5247139328.0,4,"2022,2023,2024,2025",0.020844324617522725,-0.3948792607782965,-0.1498780289477964,0.0390702244653674,3.0,4.0,-0.17425669014267464,98000000.0,-608000000.0,,False,-0.15946184150446518,0.31905282620650477,0.09008958406146518,,NYQ,USD,67.01,5247139328.0,14873138.0,14.2,31.8,2.6,30,100,7.7,26.0,1365,2026-09-04
SLG,SL Green Realty Corp.,Real Estate,REIT - Office,United States,4213146880.0,4,"2022,2023,2024,2025",-0.0033114277600553906,0.01546486028496844,0.016448927828417257,0.1972611029675965,4.0,4.0,0.007505264189739069,3875689000.0,418525000.0,9.26035242817036,False,0.10736680520759423,0.48127026568984,0.032098437423297155,,NYQ,USD,54.91,4213146880.0,58000884.0,0.0,81.6,28.6,10,0,25.8,26.0,1366,2026-09-04
AEE,Ameren Corporation,Utilities,Utilities - Regulated Electric,United States,29458892800.0,4,"2022,2023,2024,2025",0.060151711671104696,0.006502530314838412,0.06498239595558364,-0.1526689003674105,0.0,4.0,0.03409709923004489,19817000000.0,3945000000.0,5.023320659062104,False,0.04894026974951826,0.45890967090774143,0.023213951087209035,,NYQ,USD,106.41,29458892800.0,170786773.0,42.5,0.0,38.8,10,25,36.5,25.9,1367,2026-09-04
DKNG,DraftKings Inc.,Consumer Cyclical,Gambling,United States,12009224192.0,4,"2022,2023,2024,2025",-0.2664042707045512,0.5282194935318014,-0.005064823045347556,-0.0526549701421679,2.0,4.0,0.39288168996911654,708095000.0,259671000.0,2.7268928759853814,False,0.13720483690491037,0.3764520249071173,0.026654362556875345,,NMS,USD,24.19,12009224192.0,298115552.0,0.0,0.0,95.7,45,0,31.5,25.8,1368,2026-09-04
DAN,Dana Incorporated,Consumer Cyclical,Auto Parts,United States,3390817024.0,4,"2022,2023,2024,2025",-0.0004521984885567983,0.009701125003265702,0.029057022957294495,0.021147987415615122,4.0,4.0,-0.09611567070821114,2742000000.0,506000000.0,5.4189723320158105,False,-0.06894150417827294,0.06344758093349624,0.014366916806252758,,NYQ,USD,31.52,3390817024.0,53802118.0,0.0,24.8,6.8,10,100,55.5,25.8,1369,2026-09-04
ROIV,Roivant Sciences Ltd.,Healthcare,Biotechnology,United Kingdom,24855134208.0,4,"2023,2024,2025,2026",-0.22560306684455492,0.24599071244310441,-0.1703377015795042,-42.86855076096939,0.0,4.0,-0.3601394148159851,-4184395000.0,-1281955000.0,0.0,True,-0.026552779070485477,0.916992259835063,0.048146738107315075,,NMS,USD,34.41,24855134208.0,213414777.0,0.0,0.0,0.7,100,80,16.4,25.6,1370,2026-09-04
MRNA,"Moderna, Inc.",Healthcare,Biotechnology,United States,59434246144.0,4,"2022,2023,2024,2025",-0.09299450134709128,-0.6658432959517255,-0.2358030303030303,-0.6677043186909939,1.0,4.0,-0.5330301860051326,-4494000000.0,-2543000000.0,0.0,True,-0.06490384615384615,0.5272390470506014,0.1453680710983005,,NMS,USD,148.87,59434246144.0,2306541611.0,0.0,0.0,0.1,100,100,2.9,25.5,1371,2026-09-04
OPEN,Opendoor Technologies Inc.,Real Estate,Real Estate Services,United States,3039515136.0,4,"2022,2023,2024,2025",-0.1541511928871832,-0.2799265082043568,-0.3984081104400345,0.12339451761847528,3.0,4.0,-0.3451749365520528,351000000.0,-1123000000.0,,False,0.22233278318622873,0.06926531850354072,0.016073354844178194,,NMS,USD,3.13,3039515136.0,177493664.0,0.0,65.5,0.8,30,0,50.8,25.3,1372,2026-09-04
EVRG,"Evergy, Inc.",Utilities,Utilities - Regulated Electric,United States,18890369024.0,4,"2022,2023,2024,2025",0.05609117880868719,0.004400087193761754,0.05733117391389856,-0.07822561233385059,0.0,4.0,0.005797706437296046,15182400000.0,2725400000.0,5.5707052175827405,False,0.0143291359096831,0.49812801081891217,0.02951552687448746,,NMS,USD,81.93,18890369024.0,167092138.0,39.6,0.0,27.4,10,55,28.4,25.3,1373,2026-09-04
BAX,Baxter International Inc.,Healthcare,Medical Instruments & Supplies,United States,13219587072.0,4,"2022,2023,2024,2025",-0.025440314544749702,0.10999020630781427,-0.010884331944889459,0.06576867489940229,4.0,4.0,0.0378887286798415,7510000000.0,766000000.0,9.804177545691905,False,0.017857142857142794,0.357140106301292,0.03679462287304773,,NYQ,USD,25.57,13219587072.0,168680074.0,0.0,43.8,40.9,10,55,22.0,25.2,1374,2026-09-04
GME,GameStop Corp.,Consumer Cyclical,Specialty Retail,United States,8628332544.0,4,"2023,2024,2025,2026",-0.04542488494061379,0.1970499569203286,0.01785257110743389,0.040505673497260544,3.0,4.0,-0.1507901432708295,-4651900000.0,300500000.0,0.0,True,0.8050624589086128,0.2744554220364136,0.038744851429248356,,NYQ,USD,19.23,8628332544.0,107241787.0,0.0,32.4,3.3,100,0,21.0,25.1,1375,2026-09-04
SITM,SiTime Corporation,Technology,Semiconductors,United States,17208397824.0,4,"2022,2023,2024,2025",-0.06188755357872358,-0.06399347144230086,-0.04127783515052128,0.0062662911539194815,2.0,4.0,0.04823991184805565,-804797000.0,-20222000.0,0.0,True,0.10161489587010242,0.5666033837920174,0.04935658292072915,,NGM,USD,574.465,17208397824.0,299626582.0,0.0,4.0,45.8,100,0,15.8,25.0,1376,2026-09-04
EMA.TO,Emera Incorporated,Utilities,Utilities - Regulated Electric,Canada,21288566784.0,4,"2022,2023,2024,2025",0.053822390248488096,0.005553083694523481,0.060912899075431605,-0.14527299244793163,0.0,4.0,0.049678811571937986,21112000000.0,3487000000.0,6.054488098652136,False,0.1266917293233083,0.4174130036845627,0.017466739495380593,,TOR,CAD,69.31,15437236585.0,56082628.0,37.6,0.0,46.2,10,0,47.6,25.0,1377,2026-09-04
KRC,Kilroy Realty Corporation,Real Estate,REIT - Office,United States,4340676608.0,4,"2022,2023,2024,2025",0.029669799746745135,0.005853156473698228,0.03385087668999005,-0.0042019761554709795,3.0,4.0,0.004742043211637625,4410143000.0,784892000.0,5.618789591434235,False,0.013751919467667628,0.6830933307255426,0.016692947658529918,,NYQ,USD,36.96,4340676608.0,50415732.0,26.2,0.0,26.8,10,55,49.3,25.0,1378,2026-09-04
AER,AerCap Holdings N.V.,Industrials,Rental & Leasing Services,Ireland,23024320512.0,4,"2022,2023,2024,2025",,,,-0.04258144037512621,1.0,4.0,0.06686779811212284,42186141000.0,5341236000.0,7.898198282195357,False,-0.26767038724849357,0.339259588345575,0.024798899599407002,,NYQ,USD,146.48,23024320512.0,161200215.0,,0.0,53.8,10,100,34.2,24.7,1379,2026-09-04
AMC,"AMC Entertainment Holdings, Inc.",Communication Services,Entertainment,United States,2267215616.0,4,"2022,2023,2024,2025",-0.04624443561623447,0.14998859276016988,-0.03600457153519616,-0.11216491271824397,0.0,4.0,0.07424580252185842,3610000000.0,215700000.0,16.736207695873897,False,3.3199581387896044,0.6688316897880207,0.002552103836679122,,NYQ,USD,2.54,2267215616.0,103062293.0,0.0,0.0,56.5,10,0,96.7,24.5,1380,2026-09-04
ASND,Ascendis Pharma A/S,Healthcare,Biotechnology,Denmark,17783527424.0,4,"2022,2023,2024,2025",-0.4281042613159167,0.4129994350042463,-0.14709211315086076,-3.1284972070784764,1.0,4.0,1.4142796941541045,255745000.0,-114308000.0,,False,0.0816015817436051,0.8357173495853338,0.045235552410277304,,NMS,USD,271.12,17783527424.0,178507035.0,0.0,0.0,99.1,30,25,17.6,24.5,1381,2026-09-04
CRK,"Comstock Resources, Inc.",Energy,Oil & Gas E&P,United States,4389626880.0,4,"2022,2023,2024,2025",0.11178679308546269,-0.17815557321453618,0.11075146465938741,-0.17521061364327387,1.0,4.0,-0.1899646064813213,2785136000.0,1372696000.0,2.0289532423785017,False,0.06006523345286796,0.2343336235402757,0.26671962937234883,,NYQ,USD,14.95,4389626880.0,38595144.0,59.2,0.0,1.9,45,25,1.1,24.5,1382,2026-09-04
NWE,"NorthWestern Energy Group, Inc.",Utilities,Utilities - Regulated Electric,United States,4361615360.0,4,"2022,2023,2024,2025",0.0486109875638522,0.009344673248106908,0.051582092734808904,-0.09253283376145724,0.0,4.0,0.0290821246359092,3427226000.0,587442000.0,5.8341521375727305,False,0.0930980106571937,0.5495710538639972,0.01993114323767584,,NMS,USD,70.9,4361615360.0,31824316.0,34.7,0.0,36.7,10,25,42.3,24.5,1383,2026-09-04
HAS,"Hasbro, Inc.",Consumer Cyclical,Leisure,United States,13117134848.0,4,"2022,2023,2024,2025",-0.02851892097585843,-0.03660545983943087,0.012753325971499184,0.1105201305337388,4.0,4.0,-0.07063068574893083,2488700000.0,232700000.0,10.694886119467125,False,0.009359251259899226,0.6136752044113992,0.032758252763591116,,NMS,USD,93.0,13117134848.0,183188796.0,0.0,61.7,9.5,10,55,25.2,24.5,1384,2026-09-04
LION,Lionsgate Studios Corp.,,,,3302912512.0,4,"2023,2024,2025,2026",0.01575835784964571,-0.019608056718245545,0.022334272578970783,0.05072846379872211,3.0,4.0,-0.05146019732262308,3548600000.0,1140500000.0,3.1114423498465587,False,-0.001077348929425681,0.3522900119940204,0.04929972096223907,,NYQ,USD,11.1,3302912512.0,32482418.0,13.2,36.7,11.9,10,80,15.9,24.3,1385,2026-09-04
SO,The Southern Company,Utilities,Utilities - Regulated Electric,United States,102117720064.0,4,"2022,2023,2024,2025",0.06289250879468863,0.005600608462150908,0.0632524422919333,-0.04614214494394918,1.0,4.0,0.003109733900695355,70952000000.0,14267000000.0,4.973154832831009,False,0.02443738554124031,0.4535007908845854,0.05362130059319177,,NYQ,USD,88.77,102117720064.0,518655858.0,44.8,0.0,25.8,10,55,14.7,24.3,1386,2026-09-04
AXGN,"Axogen, Inc.",Healthcare,Medical Devices,United States,2532167168.0,4,"2022,2023,2024,2025",-0.07554952529515263,0.11685373225659929,-0.035663529571075527,-0.10505667971374633,1.0,4.0,0.17568300536441517,12839000.0,507000.0,25.323471400394478,False,0.09426916370873117,0.7631329570661582,0.015201493896763743,,NCM,USD,47.1,2532167168.0,58456469.0,0.0,0.0,81.5,10,25,53.1,24.2,1387,2026-09-04
KYMR,"Kymera Therapeutics, Inc.",Healthcare,Biotechnology,United States,9647169536.0,4,"2022,2023,2024,2025",-0.22742661888985805,0.09370427682560281,-0.15552357336750094,-3.8644933781198842,0.0,4.0,-0.05744445544292831,-766024000.0,-302668000.0,0.0,True,0.5665775360863337,,,,NGM,USD,117.28,9647169536.0,100729329.0,0.0,0.0,11.2,100,0,50.0,24.2,1388,2026-09-04
ENLT,Enlight Renewable Energy Ltd,Utilities,Utilities - Renewable,Israel,10831176704.0,4,"2022,2023,2024,2025",0.035320244514602375,0.011683469377562445,0.03951485780223831,-1.4593793685917906,1.0,4.0,0.4470269172670793,4349042000.0,480197000.0,9.056787110290152,False,0.3264807515459405,0.7335797943538395,0.09537331053667286,,NMS,USD,77.46,10831176704.0,17233688.0,28.3,0.0,96.4,10,0,6.9,24.1,1389,2026-09-04
PENN,"PENN Entertainment, Inc.",Consumer Cyclical,Resorts & Casinos,United States,2309348352.0,4,"2022,2023,2024,2025",0.01547717007412483,-0.18545706858902025,-0.0694268284933596,0.013310942070744377,2.0,4.0,0.028313265955572042,2200500000.0,32000000.0,68.765625,False,-0.18120045300113252,0.3676981999378135,0.040710976262804566,,NMS,USD,17.2,2309348352.0,53330612.0,13.1,4.4,36.4,10,100,20.1,24.1,1390,2026-09-04
GBTG,"Global Business Travel Group, Inc.",Consumer Cyclical,Travel Services,United Kingdom,4957323776.0,4,"2022,2023,2024,2025",-0.009360583035616593,0.16636328933810904,0.05805280898876405,-0.03397076654111664,3.0,4.0,0.13661751608621775,984000000.0,434000000.0,2.2672811059907834,False,0.10562073884285317,0.5831449912723032,0.02061675488545276,,NYQ,USD,9.49,4957323776.0,19402817.0,0.0,0.0,74.3,45,0,41.0,24.0,1391,2026-09-04
GH,"Guardant Health, Inc.",Healthcare,Diagnostics & Research,United States,21610950656.0,4,"2022,2023,2024,2025",-0.33832747979204,0.13577843458747935,-0.2935813946001012,-0.520665769244321,0.0,4.0,0.297532133489834,1125797000.0,-373907000.0,,False,0.2270156002270547,0.6255260285148165,0.023357049840829543,,NMS,USD,161.04,21610950656.0,413186448.0,0.0,0.0,92.4,30,0,36.2,23.8,1392,2026-09-04
DCO,Ducommun Incorporated,Industrials,Aerospace & Defense,United States,2514415360.0,4,"2022,2023,2024,2025",0.02525067835936991,-0.07850522946016592,-0.028314622515335074,1.5769054103973584e-06,3.0,4.0,0.04999505893829914,258501000.0,-913000.0,,False,0.2083131166100598,0.23439836126365018,0.02653411533008446,,NYQ,USD,166.52,2514415360.0,45601002.0,15.2,18.8,46.6,30,0,31.7,23.8,1393,2026-09-04
ALKT,"Alkami Technology, Inc.",Technology,Software - Application,United States,2148464384.0,4,"2022,2023,2024,2025",-0.10263974592271952,0.07491677194501616,-0.056046242774566477,-0.04713768407139012,2.0,4.0,0.29501572788631836,287773000.0,-22564000.0,,False,0.1422511971406646,0.560458764658251,0.02403321567505687,,NMS,USD,20.09,2148464384.0,32311410.0,0.0,0.0,92.2,30,0,35.2,23.6,1394,2026-09-04
DK,"Delek US Holdings, Inc.",Energy,Oil & Gas Refining & Marketing,United States,4433209856.0,4,"2022,2023,2024,2025",0.040410365071476384,-0.02059060414990256,0.08623650414819865,0.0004890703593007725,2.0,4.0,-0.18490472169335181,2607300000.0,782000000.0,3.334143222506394,False,-0.15119347305716524,0.02966314111630948,0.022094903798709657,,NYQ,USD,72.4,4433209856.0,98449737.0,20.8,3.8,2.1,10,100,38.0,23.5,1395,2026-09-04
CPK,Chesapeake Utilities Corporation,Utilities,Utilities - Regulated Gas,United States,3187837952.0,4,"2022,2023,2024,2025",0.05705247067339838,-0.005801461572357128,0.05997716114598223,-0.07778333183159392,2.0,4.0,0.10962372188818881,1617900000.0,373100000.0,4.336370946127044,False,0.31923231553017484,0.3923038347587146,0.029962139788130483,,NYQ,USD,132.24,3187837952.0,25640146.0,30.4,0.0,68.0,10,0,27.5,23.4,1396,2026-09-04
STLA,Stellantis N.V.,Consumer Cyclical,Auto Manufacturers,Netherlands,20682606592.0,4,"2022,2023,2024,2025",0.04572213758502732,-0.40092066086683265,-0.217254348542929,-0.012168029547236602,2.0,4.0,-0.05096693860387458,13347000000.0,-18148000000.0,,False,-0.08763545924583727,0.1286470790037754,0.08682164287014783,,NYQ,USD,5.49,20682606592.0,111883208.0,23.1,0.0,12.0,30,100,8.0,23.3,1397,2026-09-04
ORA,"Ormat Technologies, Inc.",Utilities,Utilities - Renewable,United States,6407366144.0,4,"2022,2023,2024,2025",0.0421647247558985,-0.0033404742227046424,0.036481966994806256,-0.2830666244192443,0.0,4.0,0.10462494897091368,2670250000.0,539723000.0,4.947445263588915,False,0.08599543387076802,0.3174908906422905,0.03234563034148914,,NYQ,USD,104.19,6407366144.0,87941153.0,21.5,0.0,66.0,10,25,25.5,23.1,1398,2026-09-04
CLDX,"Celldex Therapeutics, Inc.",Healthcare,Biotechnology,United States,3091707648.0,4,"2022,2023,2024,2025",-0.2894447029115059,-0.171278209824142,-0.4306430244800015,-55.41929349148987,0.0,4.0,-0.13132704523755545,-516237000.0,-283987000.0,0.0,True,0.4166097935505886,,,,NCM,USD,39.37,3091707648.0,40152124.0,0.0,0.0,4.3,100,0,50.0,23.1,1399,2026-09-04
CC,The Chemours Company,Basic Materials,Specialty Chemicals,United States,2329724416.0,4,"2022,2023,2024,2025",0.04509004315691269,-0.15019880134567543,-0.001439307674789342,-0.016693337239968395,3.0,4.0,-0.052642042389497545,3471000000.0,332000000.0,10.454819277108435,False,-0.0509523233503707,0.20089908233659753,0.029749460398524216,,NYQ,USD,15.48,2329724416.0,39921635.0,22.7,0.0,11.8,10,100,27.9,23.1,1400,2026-09-04
FTS.TO,Fortis Inc.,Utilities,Utilities - Regulated Electric,Canada,39119613952.0,4,"2022,2023,2024,2025",0.05445325617622419,0.005767224596978579,0.056528582560034,-0.10509366668365754,0.0,4.0,0.03292273225932019,33914000000.0,5889000000.0,5.758872474104262,False,0.0515657620041754,0.6888448180448363,0.033338061515559576,,TOR,CAD,76.57,28367280044.0,79865524.0,38.0,0.0,38.4,10,25,24.6,23.0,1401,2026-09-04
TTWO,"Take-Two Interactive Software, Inc.",Communication Services,Electronic Gaming & Multimedia,United States,40038125568.0,4,"2023,2024,2025,2026",-0.2874812600472262,0.0791693562713352,-0.003632503441755544,-0.00905548983981324,1.0,4.0,0.07555159639473397,972500000.0,1241500000.0,0.7833266210229561,False,0.150093808630394,0.4905306745180631,0.0682411406984214,,NMS,USD,214.13,40038125568.0,539209961.0,0.0,0.0,57.1,85,0,10.6,22.9,1402,2026-09-04
EXK,Endeavour Silver Corp.,Basic Materials,Silver,Canada,3396777216.0,4,"2022,2023,2024,2025",-0.011295852218488295,-0.1593307161074505,-0.10184712601774214,-0.4510811572104785,0.0,4.0,0.3054007317615459,28400000.0,-24800000.0,,False,0.5272649526785687,0.1969857541842128,0.027899896580976163,,NYQ,USD,11.47,3396777216.0,87159245.0,0.0,0.0,93.2,30,0,29.7,22.9,1403,2026-09-04
COMP,"Compass, Inc.",Real Estate,Real Estate Services,United States,8490149888.0,4,"2022,2023,2024,2025",-0.48095998762321446,0.7669352707706317,-0.07058518702622095,-0.004929018152099469,2.0,4.0,0.04974938170790444,277200000.0,54800000.0,5.0583941605839415,False,0.3129234920645152,0.18008028598430287,0.0026600855140354726,,NYQ,USD,11.06,8490149888.0,141139646.0,0.0,0.0,46.3,10,0,96.1,22.9,1404,2026-09-04
CCL,Carnival Corporation Ltd.,Consumer Cyclical,Travel Services,United States,32159361024.0,4,"2022,2023,2024,2025",0.03543536224715748,0.19030026352693635,0.10541465910492241,-0.08681111638165259,3.0,4.0,0.2981448600373693,24712000000.0,6911000000.0,3.575748806250904,False,0.18813559322033901,0.28669605387095354,0.14774090036635482,,NYQ,USD,23.48,32159361024.0,491772540.0,28.4,0.0,92.6,10,0,2.8,22.9,1405,2026-09-04
PCG,PG&E Corporation,Utilities,Utilities - Regulated Electric,United States,30745042944.0,4,"2022,2023,2024,2025",0.03899141675030199,0.02164303973029496,0.04688700405034624,-0.17312683680616517,0.0,4.0,0.04773157336794509,60170000000.0,10085000000.0,5.966286564204264,False,0.03283302063789861,0.3586239213679818,0.028403113206118828,,NYQ,USD,13.96,30745042944.0,394326361.0,30.0,0.0,45.6,10,25,29.4,22.8,1406,2026-09-04
ALGT,Allegiant Travel Company,Industrials,Airlines,United States,2073842176.0,4,"2022,2023,2024,2025",0.013556768568479847,-0.00350461376134829,0.022217898020995736,-0.013764479220391822,2.0,4.0,0.04231569716036687,1626920000.0,326942000.0,4.976173143860379,False,0.0008872130420316537,0.16328217826876862,0.020353234891717437,,NMS,USD,75.86,2073842176.0,43271454.0,12.6,0.0,43.1,10,55,41.4,22.8,1407,2026-09-04
LASR,"nLIGHT, Inc.",Technology,Semiconductors,United States,2392412416.0,4,"2022,2023,2024,2025",-0.1656950487608424,0.07994496368152615,-0.06942423272232107,-0.032985501308823675,2.0,4.0,0.02586436129837444,-97426000.0,-7427000.0,0.0,True,0.12474120082815743,0.2235640326551545,0.04761697429165356,,NMS,USD,41.47,2392412416.0,55429797.0,0.0,0.0,35.3,100,0,16.6,22.8,1408,2026-09-04
ZYME,Zymeworks Inc.,Healthcare,Biotechnology,United States,2138126208.0,4,"2022,2023,2024,2025",-0.15094802878645697,-0.5156418140596991,-0.2722621144800206,-0.7772361696497271,1.0,4.0,-0.364299606381038,-210530000.0,-81425000.0,0.0,True,0.15577531207133566,,,,NMS,USD,29.9,2138126208.0,18382520.0,0.0,0.0,0.7,100,0,50.0,22.6,1409,2026-09-04
IMNM,"Immunome, Inc.",Healthcare,Biotechnology,United States,3084768512.0,3,"2023,2024,2025",-0.37919633189896057,-0.08979436743388688,-0.2791065243882253,-16.191109774877937,0.0,3.0,-0.29633168749618133,-649627000.0,-221158000.0,0.0,True,3.4019599014314457,,,,NCM,USD,27.16,3084768512.0,36775536.0,0.0,0.0,0.9,100,0,50.0,22.6,1410,2026-09-04
ICUI,"ICU Medical, Inc.",Healthcare,Medical Instruments & Supplies,United States,4158420224.0,4,"2022,2023,2024,2025",0.007312656530822596,0.03020332186706337,0.02264339772544574,0.011549887623823182,3.0,4.0,-0.007176386705258664,976704000.0,298437000.0,3.2727309281355863,False,0.04340539634657281,0.3370520691269385,0.023030584586540816,,NMS,USD,166.29,4158420224.0,50195967.0,21.8,21.4,22.7,10,25,36.7,22.6,1411,2026-09-04
OGE,OGE Energy Corp.,Utilities,Utilities - Regulated Electric,United States,9686595584.0,4,"2022,2023,2024,2025",0.07140524419781676,-0.024331960544869538,0.06559872162428913,-0.019184671773021095,2.0,4.0,-0.011547753728548549,5661000000.0,1390600000.0,4.070904645476773,False,0.008466135458167434,0.4369393903977786,0.04565682111219538,,NYQ,USD,46.89,9686595584.0,65091244.0,39.5,0.0,20.9,10,55,17.5,22.6,1412,2026-09-04
DNTH,"Dianthus Therapeutics, Inc.",Healthcare,Biotechnology,United States,6032522240.0,4,"2022,2023,2024,2025",-0.05241233463083763,-0.8138102840096247,-0.28489417329920286,-23.420903218274386,0.0,4.0,-0.31795152095868184,-402909000.0,-177505000.0,0.0,True,1.606179096620933,,,,NCM,USD,107.85,6032522240.0,111987018.0,0.0,0.0,0.9,100,0,50.0,22.6,1413,2026-09-04
NAMS,NewAmsterdam Pharma Company N.V.,Healthcare,Biotechnology,Netherlands,3021967872.0,4,"2022,2023,2024,2025",-0.23913210395117332,-0.2198244643102948,-0.2608742799199919,-4.998903797952022,1.0,4.0,-0.3971187415629688,-636039000.0,-225463000.0,0.0,True,5.031736188020448,,,,NGM,USD,25.85,3021967872.0,27936586.0,0.0,0.0,0.5,100,0,50.0,22.6,1414,2026-09-04
CVNA,Carvana Co.,Consumer Cyclical,Auto & Truck Dealerships,United States,81394491392.0,4,"2022,2023,2024,2025",-0.013246953388242262,0.20851936045528852,-0.0355481533426835,0.008936086957539035,3.0,4.0,0.1431413679257303,2788000000.0,-110000000.0,,False,1.2243523624390051,0.16706764650481917,0.047843592045292496,,NYQ,USD,73.43,81394491392.0,747086880.0,0.0,20.7,75.7,30,0,16.5,22.5,1415,2026-09-04
ASH,Ashland Inc.,Basic Materials,Specialty Chemicals,United States,3352074496.0,4,"2022,2023,2024,2025",-0.020893355158414565,-0.23224580711936232,-0.17972019464720196,0.006113490378829309,2.0,4.0,-0.08627588710574363,1169000000.0,-511000000.0,,False,-0.1785714285714286,0.311370175155829,0.021130783412139458,,NYQ,USD,73.2,3352074496.0,64193399.0,0.0,4.0,7.6,30,100,39.8,22.4,1416,2026-09-04
IFF,International Flavors & Fragrances Inc.,Basic Materials,Specialty Chemicals,United States,22060265472.0,4,"2022,2023,2024,2025",-0.022154402707481362,0.02766304066935247,-0.007911107802263251,0.03747922638133882,3.0,4.0,-0.043387980933718207,5404000000.0,779000000.0,6.937098844672657,False,0.0039215686274509665,0.3437696726795032,0.017241063299828465,,NYQ,USD,86.46,22060265472.0,154290464.0,0.0,31.1,13.1,10,55,47.8,22.4,1417,2026-09-04
GFL,GFL Environmental Inc.,Industrials,Waste Management,United States,15691511808.0,4,"2022,2023,2024,2025",0.01238167327885005,0.03315526850782224,0.03664749344669754,0.03049491660682004,3.0,4.0,-0.007220253326774451,7337000000.0,1999200000.0,3.669967987194878,False,0.031370426291749354,0.16935452822471714,0.032574406741118486,,NYQ,USD,43.48,15691511808.0,119458387.0,22.4,28.2,22.6,10,25,25.4,22.4,1418,2026-09-04
NEO,"NeoGenomics, Inc.",Healthcare,Diagnostics & Research,United States,2243181056.0,4,"2022,2023,2024,2025",-0.0708623458135142,0.001057788339506316,-0.08855310118633425,-0.08085967400708217,0.0,4.0,0.12580904857395536,182240000.0,-38691000.0,,False,0.03126786188685937,0.4133345916902833,0.0274754637918921,,NCM,USD,17.46,2243181056.0,49903509.0,0.0,0.0,71.6,30,25,30.3,22.3,1419,2026-09-04
NVCR,NovoCure Limited,Healthcare,Medical Devices,Switzerland,2054104576.0,4,"2022,2023,2024,2025",-0.1344975891802251,-0.16095708714155627,-0.222570054135007,-0.10237472997586206,1.0,4.0,0.06808889048632816,101499000.0,-104563000.0,,False,0.06508201816318904,0.7633174552260081,0.017228215290166705,,NMS,USD,17.64,2054104576.0,28721977.0,0.0,0.0,54.4,30,25,47.8,22.3,1420,2026-09-04
NWN,Northwest Natural Holding Company,Utilities,Utilities - Regulated Gas,United States,2078999680.0,4,"2022,2023,2024,2025",0.04704685458738945,0.004259172420161751,0.04980055927923618,-0.13634539913090066,0.0,4.0,0.07518421233352779,2568145000.0,466936000.0,5.499993575136635,False,0.1699810555946517,0.34726598546428067,0.033480379625190126,,NYQ,USD,49.39,2078999680.0,12435661.0,33.8,0.0,56.9,10,0,24.5,22.2,1421,2026-09-04
AXTI,"AXT, Inc.",Technology,Semiconductor Equipment & Materials,United States,3685214464.0,4,"2022,2023,2024,2025",-0.014911030196060007,-0.12244512681979777,-0.0481928649181787,-0.18742623207587156,0.0,4.0,-0.14460104223313408,-55450000.0,-11179000.0,0.0,True,0.028514573334894155,0.2280563980068215,0.090827259837346,,NMS,USD,56.2,3685214464.0,581310770.0,0.0,0.0,3.7,100,55,7.7,22.2,1422,2026-09-04
KALU,Kaiser Aluminum Corporation,Basic Materials,Aluminum,United States,2628443648.0,4,"2022,2023,2024,2025",0.05055380807262201,0.07472005939355067,0.0795858301956833,-0.0124535637909992,1.0,4.0,-0.005367301854062312,1052600000.0,322600000.0,3.262864228146311,False,0.04501445995221931,0.10945909231806009,0.02223002361066796,,NMS,USD,160.77,2628443648.0,44375575.0,36.0,0.0,23.3,10,25,37.7,22.1,1423,2026-09-04
BTDR,Bitdeer Technologies Group,Technology,Software - Application,Singapore,3236926464.0,4,"2022,2023,2024,2025",-0.34410381275661367,0.24378940584240924,0.0843189789500888,-1.8715328589280045,0.0,4.0,0.22996554457073604,851739000.0,338281000.0,2.5178446321253634,False,1.1055075674638926,0.18725894269414364,0.05565218297179712,,NCM,USD,11.91,3236926464.0,142782201.0,0.0,0.0,87.8,45,0,14.3,22.1,1424,2026-09-04
ATRO,Astronics Corporation,Industrials,Aerospace & Defense,United States,3205465600.0,4,"2022,2023,2024,2025",0.03145784853691601,0.20674613846607653,0.14798509667562298,-0.00881718346654657,2.0,4.0,0.17246892567552852,316271000.0,98250000.0,3.2190432569974554,False,0.1322329265277462,0.24088616568148155,0.06397898233841606,,NMS,USD,74.53,3205465600.0,54421806.0,26.7,0.0,81.0,10,0,12.0,22.1,1425,2026-09-04
TVTX,"Travere Therapeutics, Inc.",Healthcare,Biotechnology,United States,6272132096.0,4,"2022,2023,2024,2025",-0.4330432558969879,0.533127887606904,-0.07135062079183781,-1.4173626584656442,0.0,4.0,0.6489030891174139,218689000.0,22218000.0,9.842875146277793,False,0.3992140971288305,0.9566260074381805,0.021606343953922826,,NGM,USD,66.54,6272132096.0,117428129.0,0.0,0.0,97.9,10,0,38.9,22.0,1426,2026-09-04
NCLH,Norwegian Cruise Line Holdings Ltd.,Consumer Cyclical,Travel Services,United States,7158738432.0,4,"2022,2023,2024,2025",0.026346998918026526,0.1885814191072766,0.08114708525032968,-0.11064029492882325,1.0,4.0,0.2659644216614605,14396283000.0,2544335000.0,5.658171192079659,False,0.13809627839624206,0.3263859468757164,0.12197192371334484,,NYQ,USD,15.59,7158738432.0,248230029.0,25.6,0.0,90.0,10,0,4.3,22.0,1427,2026-09-04
BEP,Brookfield Renewable Partners L.P.,Utilities,Utilities - Renewable,Canada,15129231360.0,4,"2022,2023,2024,2025",0.042344853082142295,0.021204045404875964,0.054986580919586796,-0.38915153948229064,0.0,4.0,0.10793395702960407,32919000000.0,4980000000.0,6.610240963855421,False,0.11123384312283524,0.6049374132119153,0.05842820694447405,,NYQ,USD,31.1,15129231360.0,27319764.0,31.6,0.0,67.4,10,0,13.6,21.5,1428,2026-09-04
DOW,Dow Inc.,Basic Materials,Chemicals,United States,21930264576.0,4,"2022,2023,2024,2025",0.046523901032238565,-0.19401413753567262,-0.04846890415519172,0.02910357441835014,2.0,4.0,-0.11108214737616817,13219000000.0,1188000000.0,11.127104377104377,False,-0.019294377067254675,0.10761230097515034,0.030821409940518393,,NYQ,USD,30.36,21930264576.0,320738402.0,23.5,5.5,5.6,10,80,26.9,21.4,1429,2026-09-04
PI,"Impinj, Inc.",Technology,Semiconductors,United States,5350383104.0,4,"2022,2023,2024,2025",-0.024237435414204273,0.0395869447500581,-0.015946849425749362,0.04115501840696505,2.0,4.0,0.11884906248640603,232680000.0,7177000.0,32.42023129441271,False,0.14659931868906373,0.5175557516502519,0.015067311022427725,,NMS,USD,175.11,5350383104.0,72504996.0,0.0,6.5,70.4,10,0,53.5,21.4,1430,2026-09-04
NWL,Newell Brands Inc.,Consumer Defensive,Household & Personal Products,United States,2585213184.0,4,"2022,2023,2024,2025",0.004564747267377438,-0.03213039230223975,0.0026807587768969423,0.012826846617393526,3.0,4.0,-0.0867784326819998,4470000000.0,331000000.0,13.50453172205438,False,0.001916626736943039,0.31564332224328767,0.021498535988417566,,NMS,USD,6.07,2585213184.0,68360182.0,11.3,21.8,7.4,10,55,39.1,21.2,1431,2026-09-04
AVAV,"AeroVironment, Inc.",Industrials,Aerospace & Defense,United States,7481597440.0,4,"2023,2024,2025,2026",-0.04341302351306104,0.1871041391895715,-0.05410186578577825,-0.032980972108111274,0.0,4.0,0.5406926060983144,351642000.0,-34972000.0,,False,0.9599752140966451,0.33967338397473085,0.057814296965590796,,NMS,USD,147.21,7481597440.0,233763297.0,0.0,0.0,97.3,30,0,13.7,21.2,1432,2026-09-04
AVA,Avista Corporation,Utilities,Utilities - Diversified,United States,3151619072.0,4,"2022,2023,2024,2025",0.04795266246617827,0.01611247570984939,0.054969507030323564,-0.06810072420907673,1.0,4.0,0.04724539102193903,3175000000.0,654000000.0,4.8547400611620795,False,0.10887499486954977,0.6013270029989077,0.02905435914741074,,NYQ,USD,37.63,3151619072.0,27049197.0,34.4,0.0,45.4,10,0,28.8,21.2,1433,2026-09-04
ESTA,Establishment Labs Holdings Inc.,Healthcare,Medical Devices,United States,2154676992.0,4,"2022,2023,2024,2025",-0.21992700687222744,0.18667503852280912,-0.10171397125743434,-0.4845564339783006,0.0,4.0,0.09288956304146678,184363000.0,-22292000.0,,False,0.21106683665202342,0.664952560112616,0.016968589322046018,,NCM,USD,72.3,2154676992.0,43798762.0,0.0,0.0,62.3,30,0,48.6,21.1,1434,2026-09-04
SR,Spire Inc.,Utilities,Utilities - Regulated Gas,United States,4925870592.0,4,"2022,2023,2024,2025",0.050933433824197384,0.006754532370797393,0.05276939901217358,-0.10722352611099727,1.0,4.0,0.04047450198228408,5168200000.0,833700000.0,6.199112390548159,False,0.12667946257197693,0.37563338200519214,0.02920595829647287,,NYQ,USD,83.33,4925870592.0,46983621.0,36.2,0.0,41.9,10,0,28.6,21.1,1435,2026-09-04
CLMT,"Calumet, Inc.",Basic Materials,Specialty Chemicals,United States,4702555648.0,4,"2022,2023,2024,2025",0.049959753648035135,0.04244081930011451,0.04705890191897655,-0.044306627317948086,1.0,4.0,-0.04069808707577571,2108400000.0,238200000.0,8.851385390428211,False,0.09358714221587627,0.07439143732065584,0.020796413136870966,,NMS,USD,53.5,4702555648.0,59701827.0,35.4,0.0,13.8,10,25,40.5,21.0,1436,2026-09-04
PSKY,Paramount Skydance Corporation,Communication Services,Entertainment,United States,12386280448.0,4,"2021,2022,2023,2024",-0.04133574221739213,-0.21036690328919727,-0.16399411086596802,0.009510318254183282,3.0,4.0,0.007258458559833203,11840000000.0,-4925000000.0,,False,0.013740458015267132,0.31562621803503166,0.05025620263169193,,NMS,USD,11.04,12386280448.0,115675089.0,0.0,20.8,28.5,30,55,15.7,20.8,1437,2026-09-04
WTRG,"Essential Utilities, Inc.",Utilities,Utilities - Regulated Water,United States,11875713024.0,4,"2022,2023,2024,2025",0.05010695049967766,0.017596391877336845,0.06230036637730601,-0.19227119412220567,0.0,4.0,0.026475328882500593,8247350000.0,1366366000.0,6.03597425579969,False,0.0675281890530608,0.5452496799463527,0.04637409312011519,,NYQ,USD,41.87,11875713024.0,86940250.0,35.6,0.0,35.6,10,25,17.2,20.8,1438,2026-09-04
APLD,Applied Digital Corporation,Technology,Information Technology Services,United States,7366311424.0,4,"2023,2024,2025,2026",-0.2109971740001427,0.29891600629293813,-0.013626768043930945,-2.5277271535406527,0.0,4.0,1.2264095428372328,3383950000.0,-84629000.0,,False,1.9283441803844168,0.1530896667207312,0.08024492688508215,,NMS,USD,25.91,7366311424.0,494883539.0,0.0,0.0,98.9,30,0,8.5,20.6,1439,2026-09-04
LUMN,"Lumen Technologies, Inc.",Communication Services,Telecom Services,United States,7127287296.0,4,"2022,2023,2024,2025",-0.08745722906350696,-0.06484826601461299,-0.05614310218083803,0.03694094899915695,3.0,4.0,-0.10806474438339786,16438000000.0,1317000000.0,12.481397114654518,False,-0.012872239376606087,0.5031175654909489,0.03122792031820024,,NYQ,USD,6.91,7127287296.0,91215420.0,0.0,30.7,5.9,10,80,26.7,20.5,1440,2026-09-04
CLF,Cleveland-Cliffs Inc.,Basic Materials,Steel,United States,7006231552.0,4,"2022,2023,2024,2025",0.021257558814520055,-0.20739381804834855,-0.07488219014137183,0.013087548644209383,2.0,4.0,-0.06801533969673612,7196000000.0,-175000000.0,,False,-0.029662921784421203,0.03225579662995063,0.058902109164439415,,NYQ,USD,12.28,7006231552.0,250971112.0,14.3,4.4,10.0,30,80,13.4,20.5,1441,2026-09-04
NI,NiSource Inc.,Utilities,Utilities - Regulated Gas,United States,19978473472.0,4,"2022,2023,2024,2025",0.05770327390107192,-0.0025322373357699393,0.06089346779095684,-0.1355467361597622,0.0,4.0,0.04320705110154299,16103400000.0,3045900000.0,5.286910272825766,False,0.07183194036593621,0.46333403112771554,0.05160791111217464,,NYQ,USD,41.66,19978473472.0,214253131.0,30.8,0.0,43.6,10,25,15.3,20.5,1442,2026-09-04
PL,Planet Labs PBC,Industrials,Aerospace & Defense,United States,6539986432.0,4,"2023,2024,2025,2026",-0.22352263135460854,0.015403003194217835,-0.2254966433973698,-0.2474048105910734,1.0,4.0,0.17179105417526497,217443000.0,-196944000.0,,False,0.1522591070361543,0.5339128068220824,0.033279745557071236,,NYQ,USD,18.35,6539986432.0,185475928.0,0.0,0.0,80.7,30,0,24.8,20.3,1443,2026-09-04
NEOG,Neogen Corporation,Healthcare,Medical Devices,United States,2538753792.0,4,"2023,2024,2025,2026",-0.07899166985379208,0.008112391468240259,0.014778636042402826,-0.031905054578224616,1.0,4.0,0.019069148461464458,608200000.0,170500000.0,3.5671554252199416,False,0.005801272138373781,0.4839655148857658,0.014130101673914812,,NMS,USD,11.64,2538753792.0,22770692.0,0.0,0.0,32.5,10,55,56.2,20.3,1444,2026-09-04
CAR,"Avis Budget Group, Inc.",Industrials,Rental & Leasing Services,United States,4892969472.0,4,"2022,2023,2024,2025",0.037999570944811656,-0.1837886530356641,-0.01809732514006868,-0.7485542610176195,0.0,4.0,-0.04276152515868614,24742000000.0,3462000000.0,7.146735990756788,False,-0.2727272727272727,0.7333868509865522,0.06239942580736396,,NMS,USD,138.51,4892969472.0,72571345.0,19.6,0.0,13.2,10,100,12.5,20.2,1445,2026-09-04
AAOI,"Applied Optoelectronics, Inc.",Technology,Communication Equipment,United States,8522892800.0,4,"2022,2023,2024,2025",-0.15970525604533198,0.10431492881393484,-0.03795929050516333,-0.3480071393667864,0.0,4.0,0.26934891855818166,41942000.0,-15511000.0,,False,1.1613158083746318,0.24247534577146812,0.05605518263772332,,NGM,USD,100.38,8522892800.0,1154483931.0,0.0,0.0,90.4,30,0,14.2,20.2,1446,2026-09-04
BBIO,"BridgeBio Pharma, Inc.",Healthcare,Biotechnology,United States,14742127616.0,4,"2022,2023,2024,2025",-0.3570750979370257,2.5750313169938432,1.8701075424959426,-16.41102907764475,0.0,4.0,0.8630008912183318,1282351000.0,-548828000.0,,False,0.29872846756108884,0.9084055015355618,0.09946889499831346,,NMS,USD,75.41,14742127616.0,229636798.0,0.0,0.0,98.2,30,0,6.3,20.2,1447,2026-09-04
SMTC,Semtech Corporation,Technology,Semiconductors,United States,12636289024.0,4,"2023,2024,2025,2026",-0.18907555845065158,-0.03726019606209953,-0.003939662923938856,0.047947503440567286,3.0,4.0,0.11545064930905613,296055000.0,39494000.0,7.4962019547273,False,0.3805633230750003,0.4979959301865874,0.10381354639932819,,NMS,USD,135.4,12636289024.0,453220223.0,0.0,35.7,69.7,10,0,6.0,20.0,1448,2026-09-04
LQDA,Liquidia Corporation,Healthcare,Drug Manufacturers - Specialty & Generic,United States,6142994944.0,4,"2022,2023,2024,2025",-0.3760379161589109,0.12726422243705882,-0.14974895060760984,-3.0993735658801254,0.0,4.0,1.1497827369994096,661000.0,-43224000.0,,False,0.4117570140991149,0.7879381241204838,0.12551661594936753,,NCM,USD,68.63,6142994944.0,129354579.0,0.0,0.0,98.7,30,0,4.0,19.9,1449,2026-09-04
ALA.TO,AltaGas Ltd.,Energy,Oil & Gas Midstream,Canada,16292931584.0,4,"2022,2023,2024,2025",0.0558840868715378,0.010771365584845788,0.06084017429662704,-0.00861505307551282,2.0,4.0,-0.033833329756798425,9770000000.0,2011000000.0,4.858279462953754,False,0.06424285210024716,0.24559051807529483,0.03199396991369167,,TOR,CAD,52.22,11814691054.0,33550320.0,39.2,0.0,15.0,10,25,26.0,19.9,1450,2026-09-04
EFR.TO,Energy Fuels Inc.,Energy,Uranium,United States,5239868928.0,4,"2022,2023,2024,2025",-0.10654671080601819,0.12255332086598386,-0.07386646559726695,-2.2047672636497917,0.0,4.0,0.7399355982144395,610952000.0,-95724000.0,,False,0.4282404869608325,0.34666266338357415,0.1161226256408577,,TOR,CAD,19.79,3799649696.0,10897272.0,0.0,0.0,97.9,30,0,4.7,19.9,1451,2026-09-04
RDW,Redwire Corporation,Industrials,Aerospace & Defense,United States,2592423424.0,4,"2022,2023,2024,2025",-0.16260402376024313,1.5483480972478962,-0.1663675767070338,-0.23581202066596754,0.0,4.0,0.2783318711878786,28616000.0,-179223000.0,,False,0.9127814939733374,0.1535566574507951,0.0674317072750284,,NYQ,USD,10.37,2592423424.0,244584819.0,0.0,0.0,91.5,30,0,11.0,19.9,1452,2026-09-04
CIFR,Cipher Digital Inc.,Technology,Information Technology Services,United States,7209083904.0,4,"2022,2023,2024,2025",-0.09657971235080759,-0.13585543952598647,-0.22127603843176438,-22.20835648254345,0.0,4.0,3.1933738912812544,2121178000.0,-588379000.0,,False,0.5373114121806783,0.3435921950549151,0.24175627809047973,,NMS,USD,17.37,7209083904.0,509484281.0,0.0,0.0,99.5,30,0,1.2,19.6,1453,2026-09-04
RIG,Transocean Ltd.,Energy,Oil & Gas Drilling,Switzerland,6723618304.0,4,"2022,2023,2024,2025",-0.04854965814324314,-0.1718571176079007,-0.1719006725753723,0.0038288804046859165,2.0,4.0,0.1547518129532952,5037000000.0,-1734000000.0,,False,0.37339055793991416,0.7689855185140803,0.04642462521210747,,NYQ,USD,6.02,6723618304.0,235017188.0,0.0,3.8,78.2,30,0,17.0,19.5,1454,2026-09-04
PTON,"Peloton Interactive, Inc.",Consumer Cyclical,Leisure,United States,2361130496.0,4,"2023,2024,2025,2026",-0.22569733198645353,0.7559454156157192,0.09672244264274625,0.021190346909085743,2.0,4.0,-0.04408935608877096,92500000.0,244100000.0,0.3789430561245391,False,0.054448313787257785,0.4529520268586211,0.07699550594113883,,NMS,USD,5.38,2361130496.0,46237764.0,0.0,5.0,13.0,85,25,9.0,19.5,1455,2026-09-04
SRPT,"Sarepta Therapeutics, Inc.",Healthcare,Biotechnology,United States,2428365312.0,4,"2022,2023,2024,2025",-0.15505095063672203,-0.005636148630189741,-0.2663628226296154,-0.29634267967013167,0.0,4.0,0.3306452035436125,27692000.0,-619564000.0,,False,0.11346634840507552,0.7948311097863568,0.10342325055189447,,NMS,USD,22.99,2428365312.0,76921183.0,0.0,0.0,94.2,30,0,6.0,19.5,1456,2026-09-04
BEPC,Brookfield Renewable Corporation,Utilities,Utilities - Renewable,United States,5847752192.0,4,"2022,2023,2024,2025",0.06675533648520897,-0.18972528407443984,-0.045759590792838874,-0.00163927337394211,2.0,4.0,-0.004431110948571293,14627000000.0,556000000.0,26.307553956834532,False,0.04289151422401605,0.6230199945034192,0.04325126759255727,,NYQ,USD,31.5,5847752192.0,52202745.0,36.5,0.0,23.7,10,25,18.6,19.5,1457,2026-09-04
ATO,Atmos Energy Corporation,Utilities,Utilities - Regulated Gas,United States,28579344384.0,4,"2022,2023,2024,2025",0.05638572181063582,0.009913460737934948,0.05931838177327551,-0.20165187463845757,1.0,4.0,0.03827025829324082,8793260000.0,2384457000.0,3.6877410664147017,False,0.16276358475263586,0.5181042043559692,0.0646965383683451,,NYQ,USD,169.12,28579344384.0,199325001.0,39.9,0.0,41.1,10,0,11.7,19.4,1458,2026-09-04
FSLY,"Fastly, Inc.",Technology,Software - Application,United States,3364416256.0,4,"2022,2023,2024,2025",-0.08579860573192581,0.02280740066842392,-0.06514324962424996,-0.09269616580663945,1.0,4.0,0.12978302076548176,181276000.0,-28638000.0,,False,0.20685490827534658,0.5315731304390736,0.03130094047312755,,NMS,USD,21.12,3364416256.0,118425437.0,0.0,0.0,72.6,30,0,26.6,19.4,1459,2026-09-04
ECHO,EchoStar Corporation,Communication Services,Telecom Services,United States,26083162112.0,4,"2022,2023,2024,2025",-0.09784700793840939,-0.4788037964674705,-0.4202587588128202,-0.1778468618418003,0.0,4.0,-0.06966087453923675,24096797000.0,-15786052000.0,,False,-0.06545934300188805,0.28925839961096583,0.036109104551988395,,NMS,USD,89.79,26083162112.0,663555732.0,0.0,0.0,9.6,30,100,22.7,19.3,1460,2026-09-04
DJT,Trump Media & Technology Group Corp.,Communication Services,Internet Content & Information,United States,2646001152.0,4,"2022,2023,2024,2025",-2.918009775195516,11.60676803305585,-0.20845658303424222,-8.799339616281674,1.0,4.0,0.3579897960397156,812559400.0,-676099600.0,,False,0.8620040559739237,0.8242684681217918,0.17002172079916567,,NGM,USD,9.52,2646001152.0,44577676.0,0.0,0.0,95.1,30,0,2.0,19.1,1461,2026-09-04
RIVN,"Rivian Automotive, Inc.",Consumer Cyclical,Auto Manufacturers,United States,23035461632.0,4,"2022,2023,2024,2025",-0.3159458021070142,0.0557626851560038,-0.29350877192982455,-1.5596120767602089,0.0,4.0,0.48111057614478514,861000000.0,-2562000000.0,,False,0.2990142387732748,-0.6390345640691945,0.7387632965962488,,NMS,USD,15.91,23035461632.0,486662240.0,0.0,0.0,96.8,30,0,0.2,19.1,1462,2026-09-04
ARQT,"Arcutis Biotherapeutics, Inc.",Healthcare,Biotechnology,United States,2973871872.0,4,"2022,2023,2024,2025",-0.3849698377727573,0.5660333377109122,-0.007642223845488846,-20.25651721016656,0.0,4.0,3.6727429360218915,66052000.0,1780000.0,37.10786516853933,False,1.311989157633254,0.879219757400042,0.048695239210184676,,NMS,USD,23.66,2973871872.0,39732238.0,0.0,0.0,99.6,10,0,16.1,18.9,1463,2026-09-04
CMS,CMS Energy Corporation,Utilities,Utilities - Regulated Electric,United States,21508255744.0,4,"2022,2023,2024,2025",0.06051150664368522,-0.0012493591532467888,0.05934826427771556,-0.1630390423690712,0.0,4.0,-0.002215234024431356,18254000000.0,3352000000.0,5.445704057279237,False,0.051867490559560636,0.3867848186614296,0.04100887946439252,,NYQ,USD,68.59,21508255744.0,245547056.0,33.1,0.0,24.5,10,25,19.9,18.9,1464,2026-09-04
RXO,"RXO, Inc.",Industrials,Trucking,United States,3298522624.0,4,"2022,2023,2024,2025",-0.011617891147200375,-0.1270253516818063,-0.03566066838046272,0.011299440278681771,2.0,4.0,0.061845517167264275,387000000.0,36000000.0,10.75,False,0.46063207179087007,0.1608798057244193,0.013629038460759035,,NYQ,USD,20.0,3298522624.0,37752760.0,0.0,4.2,51.6,10,0,57.8,18.8,1465,2026-09-04
SBSW,Sibanye Stillwater Limited,Basic Materials,Other Precious Metals & Mining,South Africa,9490618368.0,4,"2022,2023,2024,2025",-0.04759880938031558,-0.1551976387367919,0.029108995808318133,-0.05774602132004986,1.0,4.0,-0.02120257146003901,26079000000.0,12668000000.0,2.058651720871487,False,-7.55975117820995e-05,0.16390474826137547,0.08215251417287027,,NYQ,USD,13.12,9490618368.0,71120332.0,0.0,0.0,17.9,45,80,8.5,18.7,1466,2026-09-04
NJR,New Jersey Resources Corporation,Utilities,Utilities - Regulated Gas,United States,5450857984.0,4,"2022,2023,2024,2025",0.07060755917009724,0.0019247598066911148,0.07184410804482104,-0.08099692421353234,0.0,4.0,-0.11177213807341768,3603588000.0,743885000.0,4.844281038063679,False,0.04456512726971229,0.3134781946426942,0.06762547611061683,,NYQ,USD,53.72,5450857984.0,36769728.0,48.9,0.0,5.4,10,25,10.9,18.7,1467,2026-09-04
ETR,Entergy Corporation,Utilities,Utilities - Regulated Electric,United States,51494854656.0,4,"2022,2023,2024,2025",0.04867628215403909,0.018192624888553395,0.0588782118630045,-0.14539762026595363,0.0,4.0,-0.020204385975384764,29006019000.0,6145069000.0,4.720210464683147,False,0.09500653906999568,0.44554981216455386,0.03978320214828076,,NYQ,USD,107.78,51494854656.0,301394375.0,34.8,0.0,18.5,10,25,20.8,18.6,1468,2026-09-04
UTZ,"Utz Brands, Inc.",Consumer Defensive,Packaged Foods,United States,2047142656.0,4,"2022,2023,2024,2025",0.022869971993167024,0.01832592857934376,0.02049810606060606,-0.0020773091104702365,2.0,4.0,0.007143532334565661,749900000.0,123500000.0,6.0720647773279355,False,0.09589490949119783,0.2684265881595292,0.02983753411992277,,NYQ,USD,14.22,2047142656.0,51268802.0,24.7,0.0,28.3,10,25,27.7,18.6,1469,2026-09-04
UGI,UGI Corporation,Utilities,Utilities - Regulated Gas,United States,8107909120.0,4,"2022,2023,2024,2025",0.03499814380315398,-0.012405206303019348,0.09052287801192176,0.028311494145072495,3.0,4.0,-0.10328075216055344,6799000000.0,1668000000.0,4.0761390887290165,False,0.015471154336232251,0.41026780922767303,0.11502024222883761,,NYQ,USD,37.8,8107909120.0,67058447.0,18.1,27.1,6.4,10,55,4.8,18.6,1470,2026-09-04
MRCY,"Mercury Systems, Inc.",Industrials,Aerospace & Defense,United States,5094131712.0,4,"2023,2024,2025,2026",-0.017290569406098855,0.00910567650201984,0.00021687690044442748,0.04233222332816758,3.0,4.0,0.003322684753544358,227585000.0,73384000.0,3.101289109342636,False,0.0513845174523464,0.2811619502463284,0.032178521348704456,,NMS,USD,84.71,5094131712.0,63020767.0,0.0,33.1,26.0,10,25,25.7,18.4,1471,2026-09-04
SMG,The Scotts Miracle-Gro Company,Basic Materials,Agricultural Inputs,United States,3451879936.0,4,"2022,2023,2024,2025",-0.0049109668770251705,0.2418975815796237,0.13126965521184744,0.07652118304951869,3.0,4.0,-0.045440548356154964,2069800000.0,425500000.0,4.864394829612221,False,0.057657657657657735,0.2382168335778363,0.04375828508595408,,NYQ,USD,59.29,3451879936.0,55206579.0,0.0,48.8,12.6,10,25,18.2,18.4,1472,2026-09-04
DTE,DTE Energy Company,Utilities,Utilities - Regulated Electric,United States,28522633216.0,4,"2022,2023,2024,2025",0.060447187927482826,0.00523187388661208,0.06414329713927751,-0.06488295486423393,0.0,4.0,-0.06307993398170852,25801000000.0,4447000000.0,5.801888913874522,False,0.05612244897959173,0.29539824255756997,0.06273961181560325,,NYQ,USD,137.07,28522633216.0,181868588.0,43.0,0.0,10.5,10,25,12.1,18.2,1473,2026-09-04
BKH,Black Hills Corporation,Utilities,Utilities - Regulated Gas,United States,5589355520.0,4,"2022,2023,2024,2025",0.05673355994074055,0.0016130740837889887,0.05636552605956808,0.02100341230433426,1.0,4.0,-0.032639279574066205,4518300000.0,834200000.0,5.416327019899304,False,0.12579012934282763,0.35603903419809985,0.03666297736500889,,NYQ,USD,73.3,5589355520.0,65437695.0,40.2,4.9,15.2,10,0,22.1,18.1,1474,2026-09-04
CNP,"CenterPoint Energy, Inc.",Utilities,Utilities - Regulated Electric,United States,26335635456.0,4,"2022,2023,2024,2025",0.05398943141214973,-0.002540034485517678,0.052910672955790584,-0.21740471022186175,0.0,4.0,0.0012857616218755474,22942000000.0,3680000000.0,6.234239130434783,False,0.03740673618556922,0.4247290346408668,0.037244046431384334,,NYQ,USD,39.98,26335635456.0,255786483.0,27.9,0.0,25.2,10,25,21.8,18.0,1475,2026-09-04
OGS,"ONE Gas, Inc.",Utilities,Utilities - Regulated Gas,United States,5062444032.0,4,"2022,2023,2024,2025",0.05392210026094847,0.0072747892177848494,0.05600132278591641,0.06859999657751359,2.0,4.0,-0.01986130759425797,3363058000.0,781524000.0,4.303205019935408,False,0.11364054621075481,0.32214053673148213,0.047693636629911156,,NYQ,USD,80.54,5062444032.0,47850586.0,37.8,9.1,18.5,10,0,16.6,18.0,1476,2026-09-04
BKD,Brookdale Senior Living Inc.,Healthcare,Medical Care Facilities,United States,2851477760.0,4,"2022,2023,2024,2025",0.0011553716962391665,0.001451183338918578,-0.00616220751533049,-0.02499378023669923,1.0,4.0,0.05181314031266493,4013375000.0,343942000.0,11.668755197097186,False,0.23476475745945402,0.23762986870033415,0.02971306702010862,,NYQ,USD,11.94,2851477760.0,61954905.0,20.6,0.0,47.6,10,0,28.0,18.0,1477,2026-09-04
SEDG,"SolarEdge Technologies, Inc.",Technology,Solar,Israel,2079570176.0,4,"2022,2023,2024,2025",-0.3319719927180817,-0.4461147552878589,-0.394892276275485,-0.14404659198738018,1.0,4.0,-0.27516627036967667,-77247000.0,-348898000.0,0.0,True,0.06870882989554916,-0.07483919555939188,0.5200087164160626,,NMS,USD,33.8,2079570176.0,100673875.0,0.0,0.0,1.1,100,25,0.5,17.7,1478,2026-09-04
KEEL,Keel Infrastructure Corp.,Technology,Information Technology Services,United States,2068870144.0,4,"2022,2023,2024,2025",-0.19895189192506985,0.4109973137289018,-0.12631454070597573,-2.208880877639448,0.0,4.0,0.1719823559397149,96007000.0,-74012000.0,,False,1.6539563740367669,-0.08129720683352548,0.09868431830142452,,NGM,USD,3.35,2068870144.0,149197905.0,0.0,0.0,80.8,30,0,6.6,17.6,1479,2026-09-04
KEP,Korea Electric Power Corporation,Utilities,Utilities - Regulated Electric,South Korea,15407138816.0,4,"2022,2023,2024,2025",-0.01095126144568346,0.205913874527102,0.06694703919159278,-0.14582142909868895,2.0,4.0,0.11033222489095729,127528481000000.0,29715281000000.0,4.291680129156443,False,0.0,-0.044205175825901694,0.23352475632651803,,NYQ,USD,12.0,15407138816.0,13706400.0,0.0,0.0,68.4,10,55,1.4,17.5,1480,2026-09-04
BBUC,Brookfield Business Corporation,Industrials,Conglomerates,Bermuda,5610621440.0,4,"2022,2023,2024,2025",0.06706660993391036,0.024040418275100624,0.07129096713941316,0.011408610114673801,2.0,4.0,-0.21785927563283913,40203000000.0,7185000000.0,5.595407098121085,False,0.1649492430278885,0.12515765273289728,0.04632497572945567,,NYQ,USD,27.31,5610621440.0,12724384.0,46.8,4.2,1.5,10,0,17.3,16.9,1481,2026-09-04
INTC,Intel Corporation,Technology,Semiconductors,United States,484577247232.0,4,"2022,2023,2024,2025",0.0032590658979525294,-0.03251328001872983,0.013004115226337449,-0.20025965433858645,0.0,4.0,-0.05712887978236014,32320000000.0,14354000000.0,2.2516371743068135,False,0.09871452825612415,0.37518710647006537,0.039806437022956595,,NMS,USD,91.67,484577247232.0,10495249623.0,11.1,0.0,11.3,45,25,20.7,16.8,1482,2026-09-04
MXL,"MaxLinear, Inc.",Technology,Semiconductors,United States,5391710208.0,4,"2022,2023,2024,2025",-0.09712932754614387,-0.38596994192442136,-0.22052127406331395,0.03578377584070305,2.0,4.0,-0.25263581097617693,50812000.0,-86846000.0,,False,0.07094444169593817,0.5612512273091096,0.014734018752524392,,NMS,USD,59.45,5391710208.0,201801360.0,0.0,6.1,1.2,30,25,54.3,16.5,1483,2026-09-04
XEL,Xcel Energy Inc.,Utilities,Utilities - Regulated Electric,United States,47684579328.0,4,"2022,2023,2024,2025",0.04560526364826192,-0.00532389474622514,0.0428170875947958,-0.1877666587268435,0.0,4.0,-0.014155451358960125,33609000000.0,6198000000.0,5.4225556631171346,False,0.07678244972577697,0.43326428226668723,0.03460123617966245,,NMS,USD,76.34,47684579328.0,412312951.0,23.0,0.0,20.3,10,25,23.9,16.4,1484,2026-09-04
W,Wayfair Inc.,Consumer Cyclical,Internet Retail,United States,13283163136.0,4,"2022,2023,2024,2025",-1.0358546645269873,1.4405421896186072,-0.298265306122449,-0.014850582883999677,2.0,4.0,0.006478374366408746,1796000000.0,120000000.0,14.966666666666667,False,0.2075471698113207,0.2972280202382235,0.010292808380076655,,NYQ,USD,96.98,13283163136.0,319844501.0,0.0,0.0,28.0,10,0,69.5,16.1,1485,2026-09-04
NKTR,Nektar Therapeutics,Healthcare,Biotechnology,United States,2607500288.0,4,"2022,2023,2024,2025",-1.3932593084819536,-0.7138084541032981,-1.4379474686080684,-2.7723105443992537,0.0,4.0,-0.15657242487836953,-160001000.0,-128277000.0,0.0,True,0.35228528424399563,0.7696303316453097,0.14190299337315546,,NCM,USD,76.37,2607500288.0,65534624.0,0.0,0.0,3.1,100,0,3.1,15.9,1486,2026-09-04
RGTI,"Rigetti Computing, Inc.",Technology,Computer Hardware,United States,5066609664.0,4,"2022,2023,2024,2025",-0.5636986298332474,-0.020659596326058183,-0.3127173429464353,-7.025374659566339,0.0,4.0,-0.18517932910877144,-436344000.0,-208041000.0,0.0,True,2.027961096550789,0.5916819715319164,0.20047321046543268,,NCM,USD,15.18,5066609664.0,369614283.0,0.0,0.0,2.0,100,0,1.8,15.6,1487,2026-09-04
BE,Bloom Energy Corporation,Industrials,Electrical Equipment & Parts,United States,69375918080.0,4,"2022,2023,2024,2025",-0.09488246811574122,0.2664111655687946,-0.00711870592820949,-0.13718284907093403,2.0,4.0,0.19064306780764095,163771000.0,20050000.0,8.168129675810475,False,0.2931304361858349,0.20919065477384413,0.07391932460421774,,NYQ,USD,235.55,69375918080.0,3475895695.0,0.0,0.0,83.5,10,0,9.8,15.5,1488,2026-09-04
QURE,uniQure N.V.,Healthcare,Biotechnology,Netherlands,3111777536.0,4,"2022,2023,2024,2025",-1.0282431350289487,-0.19296470826645107,-0.3920302976669348,-7.360543503993876,0.0,4.0,-0.46728219192238785,-559148000.0,-116587000.0,0.0,True,0.2303843507586223,0.5819704836036591,0.3569287618374335,,NMS,USD,44.86,3111777536.0,82976062.0,0.0,0.0,0.2,100,0,0.6,15.1,1489,2026-09-04
AQN,Algonquin Power & Utilities Corp.,Utilities,Utilities - Diversified,Canada,4311450624.0,4,"2022,2023,2024,2025",0.020986496880360354,0.038209107725009565,0.033165272937386824,-0.14432053111419826,0.0,4.0,-0.04166502178558018,6500200000.0,927000000.0,7.012081984897518,False,0.13947512934586714,0.713865259114433,0.02525052294824437,,NYQ,USD,5.6,4311450624.0,22342600.0,24.2,0.0,13.6,10,0,33.8,14.7,1490,2026-09-04
SRE,Sempra,Utilities,Utilities - Diversified,United States,55300354048.0,4,"2022,2023,2024,2025",0.03934555076832271,-0.0096057876715911,0.024733318321699317,-0.2786135720559953,0.0,4.0,-0.017312084045800646,34992000000.0,5264000000.0,6.64741641337386,False,0.03329877551536464,0.42125177777357137,0.04461498771873699,,NYQ,USD,84.57,55300354048.0,334463948.0,20.1,0.0,19.4,10,25,17.7,14.6,1491,2026-09-04
TXNM,"TXNM Energy, Inc.",Utilities,Utilities - Regulated Electric,United States,5991100928.0,4,"2022,2023,2024,2025",0.04557520574050397,0.001585199492822091,0.04730997007768341,-0.2703016982618932,0.0,4.0,-0.012597376638278868,5581708000.0,934913000.0,5.970296701404302,False,0.1882735308534298,0.5786279655554083,0.0643702226297874,,NYQ,USD,58.14,5991100928.0,83259852.0,33.0,0.0,20.5,10,0,11.9,14.6,1492,2026-09-04
ALB,Albemarle Corporation,Basic Materials,Specialty Chemicals,United States,15595548672.0,4,"2022,2023,2024,2025",0.018622521136596466,-0.2175538998800517,-0.02593390591377019,-0.011939267954738653,2.0,4.0,-0.11101948515436078,1575540000.0,314256000.0,5.01355582709638,False,-0.0010951414769977408,0.17124808149207987,0.1511307452628305,,NYQ,USD,132.16,15595548672.0,303954916.0,13.8,0.0,5.6,10,80,2.7,14.2,1493,2026-09-04
BATRK,"Atlanta Braves Holdings, Inc.",Communication Services,Entertainment,United States,3258445568.0,4,"2022,2023,2024,2025",-0.015855200606959705,0.01887140284752409,0.017054773496241345,-0.046228021325278305,1.0,4.0,0.07564872879812712,638747000.0,97962000.0,6.520354831465262,False,0.19061613967194924,0.2545235489829686,0.030034425168793275,,NMS,USD,50.78,3258445568.0,29506582.0,0.0,0.0,57.1,10,0,27.4,14.2,1494,2026-09-04
BA,The Boeing Company,Industrials,Aerospace & Defense,United States,166380797952.0,4,"2022,2023,2024,2025",-0.036159114531046074,0.12495499451227607,0.07743372935779816,-0.036543300192937896,2.0,4.0,0.10333066303739025,42927000000.0,7359000000.0,5.833265389319201,False,0.2807459677419355,0.0425734773046519,0.04639788120429411,,NYQ,USD,210.51,166380797952.0,1187722471.0,0.0,0.0,65.5,10,0,17.2,13.9,1495,2026-09-04
RUN,Sunrun Inc.,Technology,Solar,United States,2130245120.0,4,"2022,2023,2024,2025",-0.09617919824842898,0.01235600963302271,-0.008641339921373977,-1.3597154622675338,0.0,4.0,0.08400743927489218,13866734000.0,546036000.0,25.395274304258326,False,0.20673763557632197,0.16637959954781348,0.08531406638087229,,NMS,USD,8.93,2130245120.0,89094449.0,0.0,0.0,60.1,10,0,8.2,11.8,1496,2026-09-04
NN,NextNav Inc.,Technology,Software - Infrastructure,United States,2653691648.0,4,"2022,2023,2024,2025",-0.4497072547267686,0.3586485115905777,-0.29614142212069133,-9.636912333293477,0.0,4.0,0.05216447758335696,228832000.0,-62482000.0,,False,0.31512733967474693,-1.518810362105589,0.643026955795993,,NCM,USD,15.72,2653691648.0,41602398.0,0.0,0.0,47.8,30,0,0.3,11.7,1497,2026-09-04
NGG,National Grid plc,Utilities,Utilities - Regulated Electric,United Kingdom,78589526016.0,4,"2023,2024,2025,2026",0.051048471828240405,-0.002384977840912572,0.0530963967778678,-0.07919896108528732,1.0,4.0,-0.06530068408234768,45487000000.0,8078000000.0,5.63097301312206,False,0.24290430501583726,0.727015137153333,0.07569839529221732,,NYQ,USD,78.17,78589526016.0,70841562.0,26.3,0.0,10.4,10,0,9.4,11.1,1498,2026-09-04
MSTR,Strategy Inc,Technology,Software - Application,United States,57534332928.0,4,"2022,2023,2024,2025",-0.15830393457705266,0.42976140245439065,-0.07265501344745581,-24.868049212235448,0.0,4.0,-0.014930804375807294,5888685000.0,-5435469000.0,,False,1.4526101934458087,0.744932502681939,0.04318645766974918,,NMS,USD,144.82,57534332928.0,3372278520.0,0.0,0.0,20.1,30,0,18.7,10.3,1499,2026-09-04
COLD,"Americold Realty Trust, Inc.",Real Estate,REIT - Industrial,United States,4047409408.0,4,"2022,2023,2024,2025",-0.0030846102347754797,-0.008492377886399343,0.001459350599449625,-0.009877567806309401,2.0,4.0,-0.03714511699451484,3987371000.0,379405000.0,10.509537301827862,False,0.06001150000927424,0.2917919209284015,0.03330233438054024,,NYQ,USD,14.11,4047409408.0,57617310.0,0.0,0.0,14.4,10,25,24.7,9.9,1500,2026-09-04
SWX,"Southwest Gas Holdings, Inc.",Utilities,Utilities - Regulated Gas,United States,6425223168.0,4,"2022,2023,2024,2025",0.03386425950456469,0.05320028910216078,0.0507565525360313,-0.029106889413082683,1.0,4.0,-0.268633986214716,2931367000.0,864678000.0,3.390125572756564,False,0.10340461881082397,0.32040100546763095,0.0940351819625583,,NYQ,USD,88.69,6425223168.0,45921642.0,27.6,0.0,1.1,10,0,7.2,9.6,1501,2026-09-04
PLUG,Plug Power Inc.,Industrials,Electrical Equipment & Parts,United States,2948081920.0,4,"2022,2023,2024,2025",-0.5250091478961341,-0.647236858078734,-0.7649225066664129,-1.6217900635086293,0.0,4.0,0.004013202797929161,334955000.0,-1583625000.0,,False,0.9780199072682239,-0.5453676477313926,0.28080729052888553,,NCM,USD,2.11,2948081920.0,117486600.0,0.0,0.0,26.5,30,0,1.0,8.6,1502,2026-09-04
DML.TO,Denison Mines Corp.,Energy,Uranium,Canada,4245658112.0,4,"2022,2023,2024,2025",-0.09202279262743919,-0.32246115568959133,-0.30492313483714556,-14.562935173574132,0.0,4.0,-0.18162889759966339,146246000.0,-190904000.0,,False,0.08188986829324207,-0.2570487998920949,0.5836019319624265,,TOR,CAD,4.69,3078705551.0,10292381.0,0.0,0.0,2.3,30,25,0.4,7.4,1503,2026-09-04
CYTK,"Cytokinetics, Incorporated",Healthcare,Biotechnology,United States,10280781824.0,4,"2022,2023,2024,2025",-0.9938880719459209,-0.550563512260627,-1.0814446563773146,-21.5536225385318,0.0,4.0,-0.023633164036754417,1034644000.0,-670962000.0,,False,0.3370776509880322,-16.371155868826175,16.442001659497652,,NMS,USD,73.95,10280781824.0,153294874.0,0.0,0.0,17.5,30,0,0.1,7.2,1504,2026-09-04
PGEN,"Precigen, Inc.",Healthcare,Biotechnology,United States,2556371456.0,4,"2022,2023,2024,2025",-1.5556112397586765,-1.2779662232466902,-1.7088125520445283,-10.607599602011774,0.0,4.0,-0.28870065732098626,62940000.0,-243573000.0,,False,0.5620846452810253,0.29907115296637143,0.3487206764727364,,NMS,USD,7.14,2556371456.0,37246374.0,0.0,0.0,1.0,30,0,0.7,4.8,1505,2026-09-04
