ticker,name,exchange,currency,price,market_cap_usd,dollar_volume_usd,first_trade,fifty_two_week_high,pulled,source
NVDA,NVIDIA Corporation,NMS,USD,228.45,5516382175232.0,31283844081.0,1999-01-22,236.54,2026-09-04,Yahoo Finance screener via yfinance
AAPL,Apple Inc.,NMS,USD,328.21,4789955985408.0,17948205204.0,1980-12-12,344.57,2026-09-04,Yahoo Finance screener via yfinance
GOOGL,Alphabet Inc.,NMS,USD,342.48,4188508258304.0,10440532938.0,2004-08-19,408.61,2026-09-04,Yahoo Finance screener via yfinance
MSFT,Microsoft Corporation,NMS,USD,510.12,3787919458304.0,18921819435.0,1986-03-13,553.72,2026-09-04,Yahoo Finance screener via yfinance
AMZN,"Amazon.com, Inc.",NMS,USD,258.9,2792576516096.0,12573731445.0,1997-05-15,287.2,2026-09-04,Yahoo Finance screener via yfinance
TSM,Taiwan Semiconductor Manufacturing Company Limited,NYQ,USD,417.01,2162811600896.0,5498076685.0,1997-10-09,479.0,2026-09-04,Yahoo Finance screener via yfinance
AVGO,Broadcom Inc.,NMS,USD,357.16,1699217408000.0,8677890447.0,2009-08-06,495.0,2026-09-04,Yahoo Finance screener via yfinance
META,"Meta Platforms, Inc.",NMS,USD,610.68,1555711000576.0,11022157824.0,2012-05-18,790.8,2026-09-04,Yahoo Finance screener via yfinance
TSLA,"Tesla, Inc.",NMS,USD,376.365,1486471430144.0,15601628838.0,2010-06-29,498.83,2026-09-04,Yahoo Finance screener via yfinance
MU,"Micron Technology, Inc.",NMS,USD,958.16,1082139344896.0,42352951463.0,1984-06-01,1255.0,2026-09-04,Yahoo Finance screener via yfinance
LLY,Eli Lilly and Company,NYQ,USD,1159.6,1034063249408.0,3326920230.0,1972-06-01,1292.65,2026-09-04,Yahoo Finance screener via yfinance
JPM,JPMorgan Chase & Co.,NYQ,USD,362.06,962422898688.0,2994521141.0,1980-03-17,366.5,2026-09-04,Yahoo Finance screener via yfinance
WMT,Walmart Inc.,NMS,USD,108.42,862814928896.0,2663721215.0,1972-08-25,135.16,2026-09-04,Yahoo Finance screener via yfinance
AMD,"Advanced Micro Devices, Inc.",NMS,USD,456.16,744669773824.0,12229524156.0,1980-03-17,584.73,2026-09-04,Yahoo Finance screener via yfinance
V,Visa Inc.,NYQ,USD,378.75,707144187904.0,2947131772.0,2008-03-19,385.57,2026-09-04,Yahoo Finance screener via yfinance
JNJ,Johnson & Johnson,NYQ,USD,278.43,670988042240.0,2194368641.0,1962-01-02,281.07,2026-09-04,Yahoo Finance screener via yfinance
XOM,ExxonMobil Holdings Corporation,NYQ,USD,162.21,666993295360.0,2532902337.0,1962-01-02,176.41,2026-09-04,Yahoo Finance screener via yfinance
ASML,ASML Holding N.V.,NMS,USD,1646.19,632301551616.0,3012484899.0,1995-03-15,1999.96,2026-09-04,Yahoo Finance screener via yfinance
MA,Mastercard Incorporated,NYQ,USD,585.71,513087799296.0,1970259912.0,2006-05-25,601.62,2026-09-04,Yahoo Finance screener via yfinance
INTC,Intel Corporation,NMS,USD,91.67,484577247232.0,10495249623.0,1980-03-17,142.35,2026-09-04,Yahoo Finance screener via yfinance
ABBV,AbbVie Inc.,NYQ,USD,260.21,459821580288.0,1682752309.0,2013-01-02,267.47,2026-09-04,Yahoo Finance screener via yfinance
ORCL,Oracle Corporation,NYQ,USD,154.04,443707752448.0,4849770406.0,1986-03-12,345.72,2026-09-04,Yahoo Finance screener via yfinance
BAC,Bank of America Corporation,NYQ,USD,63.04,440822890496.0,2059580407.0,1973-02-21,65.23,2026-09-04,Yahoo Finance screener via yfinance
PLTR,Palantir Technologies Inc.,NMS,USD,182.53,438630252544.0,7490630729.0,2020-09-30,207.52,2026-09-04,Yahoo Finance screener via yfinance
CSCO,"Cisco Systems, Inc.",NMS,USD,108.61,428204359680.0,2416043461.0,1990-02-16,130.37,2026-09-04,Yahoo Finance screener via yfinance
CVX,Chevron Corporation,NYQ,USD,211.32,414526013440.0,1795516304.0,1962-01-02,214.71,2026-09-04,Yahoo Finance screener via yfinance
COST,Costco Wholesale Corporation,NMS,USD,925.41,410399703040.0,2021176876.0,1986-07-09,1096.5,2026-09-04,Yahoo Finance screener via yfinance
KO,The Coca-Cola Company,NYQ,USD,88.81,382109351936.0,1564143745.0,1962-01-02,92.49,2026-09-04,Yahoo Finance screener via yfinance
MRK,"Merck & Co., Inc.",NYQ,USD,152.34,375848894464.0,1643031536.0,1962-01-02,156.92,2026-09-04,Yahoo Finance screener via yfinance
CAT,Caterpillar Inc.,NYQ,USD,800.14,367804252160.0,2555820790.0,1962-01-02,1073.46,2026-09-04,Yahoo Finance screener via yfinance
LRCX,Lam Research Corporation,NMS,USD,292.66,366211596288.0,3316627397.0,1984-05-04,438.5,2026-09-04,Yahoo Finance screener via yfinance
HSBC,HSBC Holdings plc,NYQ,USD,106.46,364732678144.0,144475056.0,1999-07-16,107.92,2026-09-04,Yahoo Finance screener via yfinance
UNH,UnitedHealth Group Incorporated,NYQ,USD,400.94,359881670656.0,2178497466.0,1984-10-17,461.62,2026-09-04,Yahoo Finance screener via yfinance
AMAT,"Applied Materials, Inc.",NMS,USD,435.91,345937051648.0,4125788327.0,1980-03-17,739.67,2026-09-04,Yahoo Finance screener via yfinance
NFLX,"Netflix, Inc.",NMS,USD,82.67,344232886272.0,3452289528.0,2002-05-23,126.71,2026-09-04,Yahoo Finance screener via yfinance
PG,The Procter & Gamble Company,NYQ,USD,146.92,341247033344.0,1333151786.0,1962-01-02,167.25,2026-09-04,Yahoo Finance screener via yfinance
MS,Morgan Stanley,NYQ,USD,217.15,341048459264.0,1169917991.0,1993-02-23,232.25,2026-09-04,Yahoo Finance screener via yfinance
DELL,Dell Technologies Inc.,NYQ,USD,516.39,333661470720.0,3843752063.0,2016-08-17,530.78,2026-09-04,Yahoo Finance screener via yfinance
HD,"The Home Depot, Inc.",NYQ,USD,318.07,317335142400.0,1348949183.0,1981-09-22,426.75,2026-09-04,Yahoo Finance screener via yfinance
NVS,Novartis AG,NYQ,USD,163.09,309987573760.0,314926464.0,1996-11-07,170.46,2026-09-04,Yahoo Finance screener via yfinance
GS,"The Goldman Sachs Group, Inc.",NYQ,USD,1037.93,302215528448.0,2152446779.0,1999-05-04,1153.99,2026-09-04,Yahoo Finance screener via yfinance
RY.TO,Royal Bank of Canada,TOR,CAD,292.37,293512687182.0,675670792.0,1995-01-12,306.38,2026-09-04,Yahoo Finance screener via yfinance
PM,Philip Morris International Inc.,NYQ,USD,186.17,290167062528.0,924336843.0,2008-03-17,207.76,2026-09-04,Yahoo Finance screener via yfinance
BABA,Alibaba Group Holding Limited,NYQ,USD,111.81,277917564928.0,1422044639.0,2014-09-19,192.67,2026-09-04,Yahoo Finance screener via yfinance
RTX,RTX Corporation,NYQ,USD,202.13,272422354944.0,1000951803.0,1962-04-02,226.88,2026-09-04,Yahoo Finance screener via yfinance
MUFG,"Mitsubishi UFJ Financial Group, Inc.",NYQ,USD,24.13,271601598464.0,75403523.0,2001-04-02,24.26,2026-09-04,Yahoo Finance screener via yfinance
PANW,"Palo Alto Networks, Inc.",NMS,USD,331.94,270531100672.0,2254368850.0,2012-07-20,398.88,2026-09-04,Yahoo Finance screener via yfinance
WFC,Wells Fargo & Company,NYQ,USD,89.19,269710491648.0,1314218396.0,1972-06-01,97.76,2026-09-04,Yahoo Finance screener via yfinance
AZN,AstraZeneca PLC,NYQ,USD,164.77,255541116928.0,511449375.0,1993-05-12,212.71,2026-09-04,Yahoo Finance screener via yfinance
SHEL,Shell plc,NYQ,USD,92.33,253975707648.0,588928013.0,1984-03-12,94.9,2026-09-04,Yahoo Finance screener via yfinance
SAP,SAP SE,NYQ,USD,217.03,250496958464.0,618441309.0,1995-09-18,281.37,2026-09-04,Yahoo Finance screener via yfinance
ANET,"Arista Networks, Inc.",NYQ,USD,191.44,241448861696.0,1442923674.0,2014-06-06,214.89,2026-09-04,Yahoo Finance screener via yfinance
AMGN,Amgen Inc.,NMS,USD,444.12,240105488384.0,1200461689.0,1983-06-17,447.03,2026-09-04,Yahoo Finance screener via yfinance
TM,Toyota Motor Corporation,NYQ,USD,199.87,236682739712.0,91960787.0,1980-03-17,248.9,2026-09-04,Yahoo Finance screener via yfinance
BHP,BHP Group Limited,NYQ,USD,92.71,235620319232.0,252537034.0,1980-03-17,98.71,2026-09-04,Yahoo Finance screener via yfinance
TXN,Texas Instruments Incorporated,NMS,USD,253.83,231809662976.0,2047861858.0,1972-06-01,334.03,2026-09-04,Yahoo Finance screener via yfinance
C,Citigroup Inc.,NYQ,USD,138.14,231721123840.0,1610826365.0,1977-01-03,147.96,2026-09-04,Yahoo Finance screener via yfinance
TMO,Thermo Fisher Scientific Inc.,NYQ,USD,618.43,228662820864.0,1261687491.0,1980-03-17,647.0,2026-09-04,Yahoo Finance screener via yfinance
KLAC,KLA Corporation,NMS,USD,172.94,225954201600.0,2185707897.0,1980-10-08,307.37,2026-09-04,Yahoo Finance screener via yfinance
AXP,American Express Company,NYQ,USD,329.82,222730698752.0,948036587.0,1972-06-01,387.49,2026-09-04,Yahoo Finance screener via yfinance
LIN,Linde plc,NMS,USD,482.19,222280024064.0,1072925309.0,1992-06-17,548.2,2026-09-04,Yahoo Finance screener via yfinance
IBM,International Business Machines Corporation,NYQ,USD,234.71,221128376320.0,2141851738.0,1962-01-02,332.46,2026-09-04,Yahoo Finance screener via yfinance
CRWD,"CrowdStrike Holdings, Inc.",NMS,USD,214.97,220115271680.0,2207863573.0,2019-06-12,233.88,2026-09-04,Yahoo Finance screener via yfinance
SAN,"Banco Santander, S.A.",NYQ,USD,15.05,218559184896.0,192350980.0,1987-07-30,15.05,2026-09-04,Yahoo Finance screener via yfinance
CRM,"Salesforce, Inc.",NYQ,USD,264.43,217625886720.0,4009208595.0,2004-06-23,269.11,2026-09-04,Yahoo Finance screener via yfinance
VZ,Verizon Communications Inc.,NYQ,USD,50.59,210190090240.0,1351483975.0,1983-11-21,51.68,2026-09-04,Yahoo Finance screener via yfinance
NVO,Novo Nordisk A/S,NYQ,USD,47.51,210043125760.0,575215875.0,1981-04-30,64.16,2026-09-04,Yahoo Finance screener via yfinance
APH,Amphenol Corporation,NYQ,USD,82.07,202381901824.0,1210880641.0,1991-11-08,89.26,2026-09-04,Yahoo Finance screener via yfinance
TD.TO,The Toronto-Dominion Bank,TOR,CAD,169.9,201867241726.0,590674158.0,1995-01-12,175.33,2026-09-04,Yahoo Finance screener via yfinance
TMUS,"T-Mobile US, Inc.",NMS,USD,188.02,201683714048.0,972376641.0,2007-04-19,256.69,2026-09-04,Yahoo Finance screener via yfinance
TTE,TotalEnergies SE,NYQ,USD,89.25,197480595456.0,144598655.0,1991-10-25,94.17,2026-09-04,Yahoo Finance screener via yfinance
PEP,"PepsiCo, Inc.",NMS,USD,140.02,191267323904.0,1183224308.0,1972-06-01,171.48,2026-09-04,Yahoo Finance screener via yfinance
SCHW,The Charles Schwab Corporation,NYQ,USD,110.38,190884069376.0,1016164792.0,1987-09-22,114.53,2026-09-04,Yahoo Finance screener via yfinance
SHOP,Shopify Inc.,NMS,USD,145.88,189301866496.0,1305133509.0,2015-05-20,182.19,2026-09-04,Yahoo Finance screener via yfinance
ABT,Abbott Laboratories,NYQ,USD,108.79,188248408064.0,1245502768.0,1980-03-17,137.49,2026-09-04,Yahoo Finance screener via yfinance
MRVL,"Marvell Technology, Inc.",NMS,USD,208.83,187676491776.0,7575851417.0,2000-06-30,329.88,2026-09-04,Yahoo Finance screener via yfinance
GILD,"Gilead Sciences, Inc.",NMS,USD,151.22,187506032640.0,1100394218.0,1992-01-22,157.29,2026-09-04,Yahoo Finance screener via yfinance
DE,Deere & Company,NYQ,USD,694.41,187230568448.0,861033680.0,1972-06-01,705.88,2026-09-04,Yahoo Finance screener via yfinance
DIS,The Walt Disney Company,NYQ,USD,107.16,185031770112.0,1123283054.0,1962-01-02,119.78,2026-09-04,Yahoo Finance screener via yfinance
MCD,McDonald's Corporation,NYQ,USD,259.63,183724982272.0,1193164975.0,1966-07-05,341.75,2026-09-04,Yahoo Finance screener via yfinance
BLK,"BlackRock, Inc.",NYQ,USD,1126.15,182972563456.0,841467163.0,1999-10-01,1219.94,2026-09-04,Yahoo Finance screener via yfinance
STX,Seagate Technology Holdings plc,NMS,USD,798.61,181000568832.0,3817148960.0,2002-12-11,1145.0,2026-09-04,Yahoo Finance screener via yfinance
QCOM,QUALCOMM Incorporated,NMS,USD,168.57,180042956800.0,2528891860.0,1991-12-13,259.92,2026-09-04,Yahoo Finance screener via yfinance
T,AT&T Inc.,NYQ,USD,26.19,179463995392.0,1597888095.0,1983-11-21,29.79,2026-09-04,Yahoo Finance screener via yfinance
NEE,"NextEra Energy, Inc.",NYQ,USD,84.06,175347318784.0,925801199.0,1973-02-21,98.75,2026-09-04,Yahoo Finance screener via yfinance
SMFG,"Sumitomo Mitsui Financial Group, Inc.",NYQ,USD,27.56,174524153856.0,48227244.0,2006-01-27,27.615,2026-09-04,Yahoo Finance screener via yfinance
WELL,Welltower Inc.,NYQ,USD,241.12,173744324608.0,768184449.0,1980-03-19,255.2,2026-09-04,Yahoo Finance screener via yfinance
ADI,"Analog Devices, Inc.",NMS,USD,356.5,172747587584.0,1571282662.0,1980-03-17,445.91,2026-09-04,Yahoo Finance screener via yfinance
UNP,Union Pacific Corporation,NYQ,USD,289.15,171776933888.0,801506740.0,1980-01-02,315.99,2026-09-04,Yahoo Finance screener via yfinance
UBS,UBS Group AG,NYQ,USD,55.68,170477797376.0,104393541.0,2000-05-16,55.985,2026-09-04,Yahoo Finance screener via yfinance
SCCO,Southern Copper Corporation,NYQ,USD,199.53,168471887872.0,252266577.0,1996-01-05,220.78,2026-09-04,Yahoo Finance screener via yfinance
RIO,Rio Tinto Group,NYQ,USD,102.84,167254786048.0,272431901.0,1990-06-28,112.58,2026-09-04,Yahoo Finance screener via yfinance
BA,The Boeing Company,NYQ,USD,210.51,166380797952.0,1187722471.0,1962-01-02,254.35,2026-09-04,Yahoo Finance screener via yfinance
BX,Blackstone Inc.,NYQ,USD,137.68,164568596480.0,650051852.0,2007-06-22,190.09,2026-09-04,Yahoo Finance screener via yfinance
PFE,Pfizer Inc.,NYQ,USD,28.81,164207591424.0,1225203677.0,1972-06-01,29.21,2026-09-04,Yahoo Finance screener via yfinance
BBVA,"Banco Bilbao Vizcaya Argentaria, S.A.",NYQ,USD,29.64,163562569728.0,46933547.0,1988-12-15,29.64,2026-09-04,Yahoo Finance screener via yfinance
COP,ConocoPhillips,NYQ,USD,135.72,163045523456.0,966622134.0,1981-12-31,137.42,2026-09-04,Yahoo Finance screener via yfinance
WDC,Western Digital Corporation,NMS,USD,441.57,159204065280.0,3748530121.0,1978-10-31,799.87,2026-09-04,Yahoo Finance screener via yfinance
IBKR,"Interactive Brokers Group, Inc.",NMS,USD,92.95,158369644544.0,421096032.0,2007-05-04,98.75,2026-09-04,Yahoo Finance screener via yfinance
BUD,Anheuser-Busch InBev SA/NV,NYQ,USD,80.22,157963321344.0,167963433.0,2009-07-01,86.6,2026-09-04,Yahoo Finance screener via yfinance
UBER,"Uber Technologies, Inc.",NYQ,USD,75.96,155152859136.0,1468248918.0,2019-05-10,101.99,2026-09-04,Yahoo Finance screener via yfinance
ETN,Eaton Corporation plc,NYQ,USD,397.12,154241400832.0,897641708.0,1972-06-01,478.0,2026-09-04,Yahoo Finance screener via yfinance
NOW,"ServiceNow, Inc.",NYQ,USD,145.59,150519971840.0,3282651652.0,2012-06-29,194.726,2026-09-04,Yahoo Finance screener via yfinance
DHR,Danaher Corporation,NYQ,USD,211.03,148351139840.0,988532894.0,1978-12-29,242.8,2026-09-04,Yahoo Finance screener via yfinance
BKNG,Booking Holdings Inc.,NMS,USD,195.13,146616877056.0,1304254774.0,1999-03-31,226.1004,2026-09-04,Yahoo Finance screener via yfinance
SONY,Sony Group Corporation,NYQ,USD,24.96,145821122560.0,127588731.0,1973-02-21,30.34,2026-09-04,Yahoo Finance screener via yfinance
TJX,"The TJX Companies, Inc.",NYQ,USD,132.19,145405575168.0,819121416.0,1987-06-26,170.0,2026-09-04,Yahoo Finance screener via yfinance
VRTX,Vertex Pharmaceuticals Incorporated,NMS,USD,557.96,141421068288.0,838068195.0,1991-07-24,560.25,2026-09-04,Yahoo Finance screener via yfinance
BMY,Bristol-Myers Squibb Company,NYQ,USD,68.09,139088429056.0,786705868.0,1972-06-01,68.64,2026-09-04,Yahoo Finance screener via yfinance
UL,Unilever PLC,NYQ,USD,64.24,138325721088.0,272796188.0,1980-03-25,74.98,2026-09-04,Yahoo Finance screener via yfinance
NEM,Newmont Corporation,NYQ,USD,130.43,137433079808.0,1086947796.0,1980-03-17,135.29,2026-09-04,Yahoo Finance screener via yfinance
MFG,"Mizuho Financial Group, Inc.",NYQ,USD,11.32,137006546944.0,42197892.0,2006-11-08,11.32,2026-09-04,Yahoo Finance screener via yfinance
COF,Capital One Financial Corporation,NYQ,USD,220.5,135273414656.0,920086304.0,1994-11-16,259.64,2026-09-04,Yahoo Finance screener via yfinance
PLD,"Prologis, Inc.",NYQ,USD,138.35,134488850432.0,591553748.0,1997-11-21,153.35,2026-09-04,Yahoo Finance screener via yfinance
CB,Chubb Limited,NYQ,USD,348.25,134354804736.0,618970496.0,1993-03-25,365.91,2026-09-04,Yahoo Finance screener via yfinance
SPGI,S&P Global Inc.,NYQ,USD,450.58,132830978048.0,996851928.0,1973-02-21,522.46924,2026-09-04,Yahoo Finance screener via yfinance
ISRG,"Intuitive Surgical, Inc.",NMS,USD,369.83,132501962752.0,1115368818.0,2000-06-16,603.88,2026-09-04,Yahoo Finance screener via yfinance
PBR,Petróleo Brasileiro S.A. - Petrobras,NYQ,USD,20.51,132173955072.0,337785179.0,2000-08-10,22.24,2026-09-04,Yahoo Finance screener via yfinance
PGR,The Progressive Corporation,NYQ,USD,223.87,130090860544.0,660926700.0,1980-03-17,249.71,2026-09-04,Yahoo Finance screener via yfinance
GLW,Corning Incorporated,NYQ,USD,146.0,125762699264.0,1980050102.0,1981-12-31,271.78,2026-09-04,Yahoo Finance screener via yfinance
CVS,CVS Health Corporation,NYQ,USD,97.2,124315918336.0,773200825.0,1973-02-21,110.68,2026-09-04,Yahoo Finance screener via yfinance
SNOW,Snowflake Inc.,NYQ,USD,356.47,123552505856.0,1928984291.0,2020-09-16,384.55,2026-09-04,Yahoo Finance screener via yfinance
LMT,Lockheed Martin Corporation,NYQ,USD,532.95,122999930880.0,636899233.0,1962-01-02,692.0,2026-09-04,Yahoo Finance screener via yfinance
BMO.TO,Bank of Montreal,TOR,CAD,243.56,122764138883.0,382886408.0,1995-01-12,259.2,2026-09-04,Yahoo Finance screener via yfinance
PH,Parker-Hannifin Corporation,NYQ,USD,964.52,121575309312.0,619129246.0,1980-03-17,1099.94,2026-09-04,Yahoo Finance screener via yfinance
SBUX,Starbucks Corporation,NMS,USD,105.82,120634802176.0,762720930.0,1992-06-26,110.51,2026-09-04,Yahoo Finance screener via yfinance
BTI,British American Tobacco p.l.c.,NYQ,USD,55.97,120539947008.0,244599702.0,1980-04-14,67.3,2026-09-04,Yahoo Finance screener via yfinance
HDB,HDFC Bank Limited,NYQ,USD,23.28,119613095936.0,220506973.0,2001-07-20,37.45,2026-09-04,Yahoo Finance screener via yfinance
MDT,Medtronic plc,NYQ,USD,93.1,119166214144.0,792428284.0,1973-05-02,106.33,2026-09-04,Yahoo Finance screener via yfinance
ACN,Accenture plc,NYQ,USD,193.12,118178250752.0,1622186757.0,2001-07-19,291.09,2026-09-04,Yahoo Finance screener via yfinance
SYK,Stryker Corporation,NYQ,USD,307.99,118136659968.0,751716121.0,1980-03-17,396.37,2026-09-04,Yahoo Finance screener via yfinance
PDD,PDD Holdings Inc.,NMS,USD,81.63,116191854592.0,581985166.0,2018-07-26,139.41,2026-09-04,Yahoo Finance screener via yfinance
MO,"Altria Group, Inc.",NYQ,USD,69.49,116030496768.0,606053560.0,1962-01-02,77.06,2026-09-04,Yahoo Finance screener via yfinance
BNS.TO,The Bank of Nova Scotia,TOR,CAD,130.77,115577795053.0,378067198.0,1995-01-12,131.72,2026-09-04,Yahoo Finance screener via yfinance
SPOT,Spotify Technology S.A.,NYQ,USD,560.11,115149766656.0,1015446944.0,2018-04-03,745.0,2026-09-04,Yahoo Finance screener via yfinance
FTNT,"Fortinet, Inc.",NMS,USD,156.36,114723471360.0,874767122.0,2009-11-18,173.89,2026-09-04,Yahoo Finance screener via yfinance
ADBE,Adobe Inc.,NMS,USD,285.75,113585627136.0,1777617889.0,1986-08-13,370.86,2026-09-04,Yahoo Finance screener via yfinance
LOW,"Lowe's Companies, Inc.",NYQ,USD,201.9,113276805120.0,614523030.0,1980-03-17,293.06,2026-09-04,Yahoo Finance screener via yfinance
ADP,"Automatic Data Processing, Inc.",NMS,USD,283.53,112635904000.0,706740771.0,1980-03-17,302.68,2026-09-04,Yahoo Finance screener via yfinance
BP,BP p.l.c.,NYQ,USD,43.58,112236134400.0,398586036.0,1962-01-02,48.27,2026-09-04,Yahoo Finance screener via yfinance
HOOD,"Robinhood Markets, Inc.",NMS,USD,124.72,112133545984.0,3049111532.0,2021-07-29,153.86,2026-09-04,Yahoo Finance screener via yfinance
BNY,The Bank of New York Mellon Corporation,NYQ,USD,164.33,111498584064.0,572541496.0,1973-05-03,165.69,2026-09-04,Yahoo Finance screener via yfinance
ABNB,"Airbnb, Inc.",NMS,USD,185.25,110925045760.0,808329112.0,2020-12-10,193.453,2026-09-04,Yahoo Finance screener via yfinance
ENB.TO,Enbridge Inc.,TOR,CAD,69.7,110388934360.0,399092998.0,1995-01-12,80.65,2026-09-04,Yahoo Finance screener via yfinance
IBN,ICICI Bank Limited,NYQ,USD,30.52,109524443136.0,202955803.0,2000-03-28,33.03,2026-09-04,Yahoo Finance screener via yfinance
MPC,Marathon Petroleum Corporation,NYQ,USD,387.71,108878569472.0,921606056.0,2011-06-24,398.32,2026-09-04,Yahoo Finance screener via yfinance
MCK,McKesson Corporation,NYQ,USD,921.38,107424022528.0,951343278.0,1994-11-10,999.0,2026-09-04,Yahoo Finance screener via yfinance
CM.TO,Canadian Imperial Bank of Commerce,TOR,CAD,163.0,107316304688.0,287958156.0,1995-01-12,172.87,2026-09-04,Yahoo Finance screener via yfinance
VLO,Valero Energy Corporation,NYQ,USD,370.69,106731831296.0,1052267694.0,1982-01-04,375.11,2026-09-04,Yahoo Finance screener via yfinance
SNY,Sanofi,NMS,USD,44.33,106220781568.0,146621741.0,2002-07-01,52.68,2026-09-04,Yahoo Finance screener via yfinance
ING,ING Groep N.V.,NYQ,USD,37.09,105811787776.0,113661452.0,1994-05-18,37.095,2026-09-04,Yahoo Finance screener via yfinance
CNQ.TO,Canadian Natural Resources Limited,TOR,CAD,70.55,105463825843.0,711668366.0,1995-01-12,72.29,2026-09-04,Yahoo Finance screener via yfinance
APP,AppLovin Corporation,NMS,USD,313.58,105343909888.0,1892699579.0,2021-04-15,745.61,2026-09-04,Yahoo Finance screener via yfinance
AEM,Agnico Eagle Mines Limited,NYQ,USD,207.13,104883355648.0,651344933.0,1973-02-21,255.24,2026-09-04,Yahoo Finance screener via yfinance
FCX,Freeport-McMoRan Inc.,NYQ,USD,72.56,104197431296.0,1075770497.0,1995-07-10,80.24,2026-09-04,Yahoo Finance screener via yfinance
VRT,Vertiv Holdings Co,NYQ,USD,268.83,103496359936.0,1594192547.0,2018-08-02,379.935,2026-09-04,Yahoo Finance screener via yfinance
EQIX,"Equinix, Inc.",NMS,USD,1040.83,102700449792.0,626835704.0,2000-08-11,1128.68,2026-09-04,Yahoo Finance screener via yfinance
SO,The Southern Company,NYQ,USD,88.77,102117720064.0,518655858.0,1981-12-31,100.84,2026-09-04,Yahoo Finance screener via yfinance
PSX,Phillips 66,NYQ,USD,254.66,102102114304.0,699794475.0,2012-04-12,260.68,2026-09-04,Yahoo Finance screener via yfinance
GSK,GSK plc,NYQ,USD,50.87,101882724352.0,197251528.0,1980-03-28,61.7,2026-09-04,Yahoo Finance screener via yfinance
CME,CME Group Inc.,NMS,USD,282.05,101419327488.0,824240356.0,2002-12-06,329.16,2026-09-04,Yahoo Finance screener via yfinance
KKR,KKR & Co. Inc.,NYQ,USD,109.76,101373296640.0,484220399.0,2010-07-15,152.1,2026-09-04,Yahoo Finance screener via yfinance
NET,"Cloudflare, Inc.",NYQ,USD,284.51,101308243968.0,1000797782.0,2019-09-13,332.22,2026-09-04,Yahoo Finance screener via yfinance
EQNR,Equinor ASA,NYQ,USD,42.66,101247795200.0,148881608.0,2001-06-18,44.33,2026-09-04,Yahoo Finance screener via yfinance
CEG,Constellation Energy Corporation,NMS,USD,285.05,100995317760.0,892432545.0,2022-01-19,412.7,2026-09-04,Yahoo Finance screener via yfinance
MELI,"MercadoLibre, Inc.",NMS,USD,1991.06,100940374016.0,875216217.0,2007-08-10,2548.5,2026-09-04,Yahoo Finance screener via yfinance
GD,General Dynamics Corporation,NYQ,USD,365.87,98988752896.0,423428668.0,1962-01-02,400.0,2026-09-04,Yahoo Finance screener via yfinance
USB,U.S. Bancorp,NYQ,USD,63.53,98983010304.0,520070302.0,1973-05-03,66.08,2026-09-04,Yahoo Finance screener via yfinance
TT,Trane Technologies plc,NYQ,USD,445.19,97952120832.0,538191527.0,1980-03-17,505.87,2026-09-04,Yahoo Finance screener via yfinance
PNC,"The PNC Financial Services Group, Inc.",NYQ,USD,245.18,97813012480.0,478876504.0,1975-11-17,258.96,2026-09-04,Yahoo Finance screener via yfinance
ASX,"ASE Technology Holding Co., Ltd.",NYQ,USD,37.43,97455194112.0,375680156.0,2000-10-02,45.52,2026-09-04,Yahoo Finance screener via yfinance
DASH,"DoorDash, Inc.",NMS,USD,222.0,96192143360.0,992503170.0,2020-12-09,285.5,2026-09-04,Yahoo Finance screener via yfinance
DUK,Duke Energy Corporation,NYQ,USD,121.4,94655848448.0,487264880.0,1980-03-17,134.49,2026-09-04,Yahoo Finance screener via yfinance
CMCSA,Comcast Corporation,NMS,USD,26.65,94571167744.0,869642187.0,1980-03-17,32.86,2026-09-04,Yahoo Finance screener via yfinance
INTU,Intuit Inc.,NMS,USD,344.3,94178779136.0,1599303798.0,1993-03-12,705.08,2026-09-04,Yahoo Finance screener via yfinance
PWR,"Quanta Services, Inc.",NYQ,USD,620.06,93221920768.0,767512128.0,1998-02-12,788.75,2026-09-04,Yahoo Finance screener via yfinance
ICE,"Intercontinental Exchange, Inc.",NYQ,USD,164.59,92399919104.0,701601743.0,2005-11-16,176.59,2026-09-04,Yahoo Finance screener via yfinance
CSX,CSX Corporation,NMS,USD,48.99,90752745472.0,581649844.0,1980-11-03,53.6,2026-09-04,Yahoo Finance screener via yfinance
ITUB,Itaú Unibanco Holding S.A.,NYQ,USD,8.22,90599792640.0,177251649.0,2002-02-25,9.6,2026-09-04,Yahoo Finance screener via yfinance
WMB,"The Williams Companies, Inc.",NYQ,USD,74.05,90575552512.0,527890084.0,1981-12-31,80.08,2026-09-04,Yahoo Finance screener via yfinance
BCS,Barclays PLC,NYQ,USD,26.9,90256719872.0,118402932.0,1986-09-09,28.69,2026-09-04,Yahoo Finance screener via yfinance
BN,Brookfield Corporation,NYQ,USD,40.42,90231644160.0,161955099.0,1983-12-30,49.57,2026-09-04,Yahoo Finance screener via yfinance
ELV,"Elevance Health, Inc.",NYQ,USD,414.78,89953042432.0,574455783.0,2001-10-30,436.24,2026-09-04,Yahoo Finance screener via yfinance
MRSH,"Marsh & McLennan Companies, Inc.",NYQ,USD,188.46,89935241216.0,459363900.0,1973-02-21,207.83,2026-09-04,Yahoo Finance screener via yfinance
WM,"Waste Management, Inc.",NYQ,USD,221.72,88624857088.0,467408597.0,1988-06-22,248.13,2026-09-04,Yahoo Finance screener via yfinance
HCA,"HCA Healthcare, Inc.",NYQ,USD,409.2,88592416768.0,629032470.0,2011-03-10,556.52,2026-09-04,Yahoo Finance screener via yfinance
LYG,Lloyds Banking Group plc,NYQ,USD,6.1,88270716928.0,116070770.0,2001-11-28,6.34,2026-09-04,Yahoo Finance screener via yfinance
UPS,"United Parcel Service, Inc.",NYQ,USD,103.5,88055889920.0,512487081.0,1999-11-10,122.41,2026-09-04,Yahoo Finance screener via yfinance
MAR,"Marriott International, Inc.",NMS,USD,336.07,87635730432.0,539918636.0,1998-03-23,410.98,2026-09-04,Yahoo Finance screener via yfinance
MCO,Moody's Corporation,NYQ,USD,504.3,87335174144.0,448471973.0,1994-10-31,546.88,2026-09-04,Yahoo Finance screener via yfinance
REGN,"Regeneron Pharmaceuticals, Inc.",NMS,USD,843.47,86839443456.0,724416740.0,1991-04-02,859.34,2026-09-04,Yahoo Finance screener via yfinance
MMM,3M Company,NYQ,USD,168.31,86801244160.0,578885077.0,1962-01-02,184.9,2026-09-04,Yahoo Finance screener via yfinance
MNST,Monster Beverage Corporation,NMS,USD,44.08,86355009536.0,497221078.0,1985-12-09,50.17,2026-09-04,Yahoo Finance screener via yfinance
JCI,Johnson Controls International plc,NYQ,USD,142.23,86154600448.0,559327724.0,1987-09-28,157.06,2026-09-04,Yahoo Finance screener via yfinance
SLB,SLB N.V.,NYQ,USD,57.41,85204664320.0,794164931.0,1981-12-31,60.46,2026-09-04,Yahoo Finance screener via yfinance
EPD,Enterprise Products Partners L.P.,NYQ,USD,39.17,84586717184.0,115782329.0,1998-07-28,40.17,2026-09-04,Yahoo Finance screener via yfinance
CDNS,"Cadence Design Systems, Inc.",NMS,USD,304.875,83960438784.0,712741348.0,1987-06-10,416.69,2026-09-04,Yahoo Finance screener via yfinance
EMR,Emerson Electric Co.,NYQ,USD,150.21,83787145216.0,408776387.0,1972-06-01,166.35,2026-09-04,Yahoo Finance screener via yfinance
AMT,American Tower Corporation,NYQ,USD,177.75,82824404992.0,528108404.0,1998-02-27,199.4,2026-09-04,Yahoo Finance screener via yfinance
CVNA,Carvana Co.,NYQ,USD,73.43,81394491392.0,747086880.0,2017-04-28,97.378,2026-09-04,Yahoo Finance screener via yfinance
SU.TO,Suncor Energy Inc.,TOR,CAD,94.21,80663363288.0,386643089.0,1995-01-12,96.53,2026-09-04,Yahoo Finance screener via yfinance
SHW,The Sherwin-Williams Company,NYQ,USD,332.26,80658825216.0,733417101.0,1980-03-17,377.77,2026-09-04,Yahoo Finance screener via yfinance
CTAS,Cintas Corporation,NMS,USD,201.05,80454090752.0,442925615.0,1983-08-19,219.17,2026-09-04,Yahoo Finance screener via yfinance
BAM,Brookfield Asset Management Ltd.,NYQ,USD,50.29,80325787648.0,125366332.0,2022-12-01,62.57,2026-09-04,Yahoo Finance screener via yfinance
SPG,"Simon Property Group, Inc.",NYQ,USD,211.52,80297959424.0,382009985.0,1993-12-14,238.5,2026-09-04,Yahoo Finance screener via yfinance
CP,Canadian Pacific Kansas City Limited,NYQ,USD,91.3,80259940352.0,233543483.0,1983-12-30,96.9,2026-09-04,Yahoo Finance screener via yfinance
SNPS,"Synopsys, Inc.",NMS,USD,416.31,79780249600.0,793495186.0,1992-02-26,615.79,2026-09-04,Yahoo Finance screener via yfinance
E,Eni S.p.A.,NYQ,USD,55.13,79424806912.0,23034196.0,1995-11-28,58.0,2026-09-04,Yahoo Finance screener via yfinance
APO,"Apollo Global Management, Inc.",NYQ,USD,134.49,79422152704.0,538499036.0,2011-03-30,153.29,2026-09-04,Yahoo Finance screener via yfinance
GM,General Motors Company,NYQ,USD,87.22,78886264832.0,620024041.0,2010-11-18,91.85,2026-09-04,Yahoo Finance screener via yfinance
NGG,National Grid plc,NYQ,USD,78.17,78589526016.0,70841562.0,2005-08-10,94.64,2026-09-04,Yahoo Finance screener via yfinance
MDLZ,"Mondelez International, Inc.",NMS,USD,61.45,78429134848.0,552469359.0,2001-06-13,66.65,2026-09-04,Yahoo Finance screener via yfinance
ECL,Ecolab Inc.,NYQ,USD,278.97,78203273216.0,417714893.0,1973-02-21,309.27,2026-09-04,Yahoo Finance screener via yfinance
MSI,"Motorola Solutions, Inc.",NYQ,USD,472.23,78151131136.0,480438774.0,1962-01-02,494.85,2026-09-04,Yahoo Finance screener via yfinance
DB,Deutsche Bank Aktiengesellschaft,NYQ,USD,41.56,78091247616.0,91659624.0,1996-11-18,41.56,2026-09-04,Yahoo Finance screener via yfinance
TRV,"The Travelers Companies, Inc.",NYQ,USD,374.34,78077976576.0,732055561.0,1975-11-17,398.7,2026-09-04,Yahoo Finance screener via yfinance
ITW,Illinois Tool Works Inc.,NYQ,USD,271.65,77365919744.0,361914949.0,1973-03-13,303.16,2026-09-04,Yahoo Finance screener via yfinance
DDOG,"Datadog, Inc.",NMS,USD,214.76,77114949632.0,1018053243.0,2019-09-19,292.72,2026-09-04,Yahoo Finance screener via yfinance
FDX,FedEx Corporation,NYQ,USD,324.31,76754583552.0,582261958.0,1978-04-12,345.37,2026-09-04,Yahoo Finance screener via yfinance
EOG,"EOG Resources, Inc.",NYQ,USD,145.96,76560285696.0,492960925.0,1989-10-04,153.67,2026-09-04,Yahoo Finance screener via yfinance
LITE,Lumentum Holdings Inc.,NMS,USD,847.37,76009086976.0,4180417700.0,2015-07-23,1085.68,2026-09-04,Yahoo Finance screener via yfinance
NU,Nu Holdings Ltd.,NYQ,USD,15.68,75745198080.0,1184208621.0,2021-12-09,18.98,2026-09-04,Yahoo Finance screener via yfinance
CI,The Cigna Group,NYQ,USD,286.26,75641479168.0,482876536.0,1982-03-31,315.47,2026-09-04,Yahoo Finance screener via yfinance
B,Barrick Mining Corporation,NYQ,USD,45.76,75315666944.0,495028980.0,1985-02-13,54.69,2026-09-04,Yahoo Finance screener via yfinance
NWG,NatWest Group plc,NYQ,USD,18.95,75233378304.0,80986274.0,2007-10-18,19.42,2026-09-04,Yahoo Finance screener via yfinance
CMI,Cummins Inc.,NYQ,USD,545.5,75095973888.0,558766014.0,1973-02-21,737.76,2026-09-04,Yahoo Finance screener via yfinance
NOC,Northrop Grumman Corporation,NYQ,USD,528.24,75043373056.0,467048678.0,1981-12-31,774.0,2026-09-04,Yahoo Finance screener via yfinance
NTES,"NetEase, Inc.",NMS,USD,117.05,74941284352.0,106950224.0,2000-06-30,159.55,2026-09-04,Yahoo Finance screener via yfinance
TGT,Target Corporation,NYQ,USD,164.01,74509205504.0,732753053.0,1973-02-21,170.75,2026-09-04,Yahoo Finance screener via yfinance
CNI,Canadian National Railway Company,NYQ,USD,123.17,74505527296.0,190670855.0,1996-11-26,131.55,2026-09-04,Yahoo Finance screener via yfinance
ROST,"Ross Stores, Inc.",NMS,USD,231.67,74315350016.0,658728161.0,1985-08-08,257.0,2026-09-04,Yahoo Finance screener via yfinance
MFC.TO,Manulife Financial Corporation,TOR,CAD,61.42,73900026859.0,238297343.0,1999-09-30,63.58,2026-09-04,Yahoo Finance screener via yfinance
ET,Energy Transfer LP,NYQ,USD,21.44,73824346112.0,189725948.0,2006-02-03,21.77,2026-09-04,Yahoo Finance screener via yfinance
NSC,Norfolk Southern Corporation,NYQ,USD,327.83,73633357824.0,379218336.0,1982-06-02,358.6,2026-09-04,Yahoo Finance screener via yfinance
RACE,Ferrari N.V.,NYQ,USD,417.93,73457393664.0,201401721.0,2015-10-21,504.49,2026-09-04,Yahoo Finance screener via yfinance
HPE,Hewlett Packard Enterprise Company,NYQ,USD,54.44,72267186176.0,1124404196.0,2015-10-19,64.25,2026-09-04,Yahoo Finance screener via yfinance
CL,Colgate-Palmolive Company,NYQ,USD,90.09,71817297920.0,426606781.0,1973-05-02,99.33,2026-09-04,Yahoo Finance screener via yfinance
WPM,Wheaton Precious Metals Corp.,NYQ,USD,156.63,71135076352.0,344995901.0,2005-07-06,165.76,2026-09-04,Yahoo Finance screener via yfinance
WBD,"Warner Bros. Discovery, Inc.",NMS,USD,28.37,71127474176.0,632696279.0,2005-07-08,30.0,2026-09-04,Yahoo Finance screener via yfinance
RCL,Royal Caribbean Cruises Ltd.,NYQ,USD,265.55,71021895680.0,587503086.0,1993-04-28,362.79,2026-09-04,Yahoo Finance screener via yfinance
DLR,"Digital Realty Trust, Inc.",NYQ,USD,187.79,70921469952.0,563930929.0,2004-10-29,208.14,2026-09-04,Yahoo Finance screener via yfinance
HLT,Hilton Worldwide Holdings Inc.,NYQ,USD,314.35,70749159424.0,667047556.0,2013-12-12,358.0,2026-09-04,Yahoo Finance screener via yfinance
ORLY,"O'Reilly Automotive, Inc.",NMS,USD,87.38,70686990336.0,647952147.0,1993-04-23,108.72,2026-09-04,Yahoo Finance screener via yfinance
KMI,"Kinder Morgan, Inc.",NYQ,USD,31.6,70366953472.0,323708188.0,2011-02-11,34.81,2026-09-04,Yahoo Finance screener via yfinance
AMX,"América Móvil, S.A.B. de C.V.",NYQ,USD,23.18,69425840128.0,46355457.0,2001-02-12,28.46,2026-09-04,Yahoo Finance screener via yfinance
BE,Bloom Energy Corporation,NYQ,USD,235.55,69375918080.0,3475895695.0,2018-07-25,351.28,2026-09-04,Yahoo Finance screener via yfinance
AON,Aon plc,NYQ,USD,327.0,69365022720.0,462392715.0,1980-06-02,382.34,2026-09-04,Yahoo Finance screener via yfinance
SE,Sea Limited,NYQ,USD,113.1,69272002560.0,495451289.0,2017-10-20,199.3,2026-09-04,Yahoo Finance screener via yfinance
RSG,"Republic Services, Inc.",NYQ,USD,225.12,68934664192.0,335926090.0,1998-07-01,235.18,2026-09-04,Yahoo Finance screener via yfinance
AJG,Arthur J. Gallagher & Co.,NYQ,USD,266.66,68355891200.0,428205828.0,1984-06-20,313.55,2026-09-04,Yahoo Finance screener via yfinance
BSX,Boston Scientific Corporation,NYQ,USD,46.95,68041330688.0,931976656.0,1992-05-19,109.5,2026-09-04,Yahoo Finance screener via yfinance
AEP,"American Electric Power Company, Inc.",NMS,USD,124.71,67891798016.0,566422843.0,1962-01-02,140.58,2026-09-04,Yahoo Finance screener via yfinance
APD,"Air Products and Chemicals, Inc.",NYQ,USD,304.22,67745394688.0,380406727.0,1980-03-17,314.87,2026-09-04,Yahoo Finance screener via yfinance
ALL,The Allstate Corporation,NYQ,USD,263.11,66529452032.0,452526046.0,1993-06-03,277.22,2026-09-04,Yahoo Finance screener via yfinance
HON,Honeywell International Inc.,NMS,USD,207.63,65806254080.0,854760802.0,1962-01-02,260.28317,2026-09-04,Yahoo Finance screener via yfinance
PCAR,PACCAR Inc,NMS,USD,124.51,65537703936.0,412701967.0,1980-03-17,139.24,2026-09-04,Yahoo Finance screener via yfinance
ARGX,argenx SE,NMS,USD,1053.46,65512329216.0,350490356.0,2017-05-18,1072.75,2026-09-04,Yahoo Finance screener via yfinance
TRP.TO,TC Energy Corporation,TOR,CAD,86.67,65473037945.0,236184234.0,1995-01-12,100.18,2026-09-04,Yahoo Finance screener via yfinance
VALE,Vale S.A.,NYQ,USD,15.31,65155727360.0,362053881.0,2002-03-21,17.94,2026-09-04,Yahoo Finance screener via yfinance
COR,"Cencora, Inc.",NYQ,USD,337.22,64350736384.0,489515296.0,1995-04-04,377.54,2026-09-04,Yahoo Finance screener via yfinance
TDG,TransDigm Group Incorporated,NYQ,USD,1157.83,64000815104.0,456337854.0,2006-03-15,1463.03,2026-09-04,Yahoo Finance screener via yfinance
IMO.TO,Imperial Oil Limited,TOR,CAD,182.0,63822567128.0,91582013.0,1995-01-12,191.76,2026-09-04,Yahoo Finance screener via yfinance
RELX,RELX PLC,NYQ,USD,36.65,63818039296.0,92967380.0,1994-10-06,48.4,2026-09-04,Yahoo Finance screener via yfinance
BKR,Baker Hughes Company,NMS,USD,63.64,63173775360.0,526836740.0,1987-04-06,70.41,2026-09-04,Yahoo Finance screener via yfinance
MET,"MetLife, Inc.",NYQ,USD,99.23,63058378752.0,362611128.0,2000-04-05,100.93,2026-09-04,Yahoo Finance screener via yfinance
TFC,Truist Financial Corporation,NYQ,USD,51.61,63048130560.0,425954310.0,1980-03-18,56.2,2026-09-04,Yahoo Finance screener via yfinance
TRGP,Targa Resources Corp.,NYQ,USD,293.54,62944083968.0,365881172.0,2010-12-07,307.94,2026-09-04,Yahoo Finance screener via yfinance
URI,"United Rentals, Inc.",NYQ,USD,993.87,61860941824.0,479362385.0,1997-12-18,1179.18,2026-09-04,Yahoo Finance screener via yfinance
GWW,"W.W. Grainger, Inc.",NYQ,USD,1312.84,61836001280.0,390224623.0,1973-02-21,1419.91,2026-09-04,Yahoo Finance screener via yfinance
CRH,CRH plc,NYQ,USD,92.04,61232783360.0,413019099.0,1989-07-13,131.55,2026-09-04,Yahoo Finance screener via yfinance
NA.TO,National Bank of Canada,TOR,CAD,217.9,60855788807.0,216957479.0,1995-01-12,237.13,2026-09-04,Yahoo Finance screener via yfinance
TEL,TE Connectivity plc,NYQ,USD,209.41,60626964480.0,509533899.0,2007-06-14,252.56,2026-09-04,Yahoo Finance screener via yfinance
OXY,Occidental Petroleum Corporation,NYQ,USD,60.61,60588023808.0,534535894.0,1981-12-31,67.45,2026-09-04,Yahoo Finance screener via yfinance
CVE,Cenovus Energy Inc.,NYQ,USD,32.8,60491235328.0,247350966.0,2009-11-17,33.4,2026-09-04,Yahoo Finance screener via yfinance
OKE,"ONEOK, Inc.",NYQ,USD,95.75,60357894144.0,352646771.0,1980-10-01,99.85,2026-09-04,Yahoo Finance screener via yfinance
MPLX,MPLX LP,NYQ,USD,59.34,60162347008.0,84136346.0,2012-10-26,60.95,2026-09-04,Yahoo Finance screener via yfinance
LNG,"Cheniere Energy, Inc.",NYQ,USD,290.85,60070461440.0,553008811.0,1994-04-04,300.89,2026-09-04,Yahoo Finance screener via yfinance
TAK,Takeda Pharmaceutical Company Limited,NYQ,USD,18.71,59750436864.0,59840305.0,2010-01-05,18.9,2026-09-04,Yahoo Finance screener via yfinance
MPWR,"Monolithic Power Systems, Inc.",NMS,USD,1213.65,59642404864.0,1123483087.0,2004-11-19,1714.09,2026-09-04,Yahoo Finance screener via yfinance
NUE,Nucor Corporation,NYQ,USD,262.47,59548061696.0,411548498.0,1980-03-17,280.11,2026-09-04,Yahoo Finance screener via yfinance
MRNA,"Moderna, Inc.",NMS,USD,148.87,59434246144.0,2306541611.0,2018-12-07,176.66,2026-09-04,Yahoo Finance screener via yfinance
GWO.TO,Great-West Lifeco Inc.,TOR,CAD,91.42,59345041299.0,90507086.0,2002-07-08,94.1,2026-09-04,Yahoo Finance screener via yfinance
AFL,Aflac Incorporated,NYQ,USD,118.36,59338993664.0,270293287.0,1980-03-17,130.22,2026-09-04,Yahoo Finance screener via yfinance
CTVA,"Corteva, Inc.",NYQ,USD,88.62,59126915072.0,402397632.0,2019-05-24,90.97,2026-09-04,Yahoo Finance screener via yfinance
D,"Dominion Energy, Inc.",NYQ,USD,66.79,58743537664.0,327633670.0,1980-03-17,72.99,2026-09-04,Yahoo Finance screener via yfinance
O,Realty Income Corporation,NYQ,USD,61.74,58419503104.0,350300165.0,1994-10-18,67.94,2026-09-04,Yahoo Finance screener via yfinance
CAH,"Cardinal Health, Inc.",NYQ,USD,248.61,57820651520.0,539796700.0,1983-08-04,258.3,2026-09-04,Yahoo Finance screener via yfinance
MSTR,Strategy Inc,NMS,USD,144.82,57534332928.0,3372278520.0,1998-06-11,365.21,2026-09-04,Yahoo Finance screener via yfinance
NKE,"NIKE, Inc.",NYQ,USD,38.77,57515245568.0,958803501.0,1980-12-02,76.97,2026-09-04,Yahoo Finance screener via yfinance
F,Ford Motor Company,NYQ,USD,14.41,57461256192.0,717208151.0,1972-06-01,17.78,2026-09-04,Yahoo Finance screener via yfinance
MT,ArcelorMittal S.A.,NYQ,USD,76.07,57359953920.0,122661278.0,1997-08-07,76.72,2026-09-04,Yahoo Finance screener via yfinance
PSA,Public Storage,NYQ,USD,305.73,57093779456.0,314647838.0,1980-11-18,335.55,2026-09-04,Yahoo Finance screener via yfinance
FANG,"Diamondback Energy, Inc.",NMS,USD,202.94,56827215872.0,438612396.0,2012-10-12,216.9,2026-09-04,Yahoo Finance screener via yfinance
NXPI,NXP Semiconductors N.V.,NMS,USD,224.99,56734420992.0,923086272.0,2010-08-06,339.95,2026-09-04,Yahoo Finance screener via yfinance
FAST,Fastenal Company,NMS,USD,49.23,56491307008.0,380619087.0,1987-08-20,52.92,2026-09-04,Yahoo Finance screener via yfinance
AU,AngloGold Ashanti plc,NYQ,USD,111.67,56479252480.0,361452339.0,1998-08-05,129.14,2026-09-04,Yahoo Finance screener via yfinance
FIX,"Comfort Systems USA, Inc.",NYQ,USD,1580.19,55613722624.0,767469840.0,1997-06-27,2073.99,2026-09-04,Yahoo Finance screener via yfinance
SRE,Sempra,NYQ,USD,84.57,55300354048.0,334463948.0,1998-06-29,101.04,2026-09-04,Yahoo Finance screener via yfinance
NDAQ,"Nasdaq, Inc.",NMS,USD,98.71,55176654848.0,381426496.0,2002-07-01,101.79,2026-09-04,Yahoo Finance screener via yfinance
KEYS,"Keysight Technologies, Inc.",NYQ,USD,322.62,54924361728.0,462389953.0,2014-10-20,374.963,2026-09-04,Yahoo Finance screener via yfinance
NOK,Nokia Oyj,NYQ,USD,9.77,54698762240.0,882267432.0,1994-07-01,17.45,2026-09-04,Yahoo Finance screener via yfinance
ATD.TO,Alimentation Couche-Tard Inc.,TOR,CAD,81.91,54523669363.0,96146543.0,1996-08-06,95.15,2026-09-04,Yahoo Finance screener via yfinance
AME,"AMETEK, Inc.",NYQ,USD,234.2,53692985344.0,291486257.0,1984-07-19,261.16,2026-09-04,Yahoo Finance screener via yfinance
DVN,Devon Energy Corporation,NYQ,USD,48.79,53668999168.0,593356560.0,1985-07-22,52.71,2026-09-04,Yahoo Finance screener via yfinance
GRMN,Garmin Ltd.,NYQ,USD,277.18,53454868480.0,258786612.0,2000-12-08,314.28,2026-09-04,Yahoo Finance screener via yfinance
STT,State Street Corporation,NYQ,USD,193.94,53275660288.0,406387694.0,1980-03-17,195.93,2026-09-04,Yahoo Finance screener via yfinance
TER,"Teradyne, Inc.",NMS,USD,338.59,52935413760.0,1352036934.0,1973-02-21,487.91,2026-09-04,Yahoo Finance screener via yfinance
L.TO,Loblaw Companies Limited,TOR,CAD,62.44,52323168335.0,59367217.0,1995-01-12,69.59,2026-09-04,Yahoo Finance screener via yfinance
FNV,Franco-Nevada Corporation,NYQ,USD,270.31,52135718912.0,235013731.0,2007-12-07,285.67,2026-09-04,Yahoo Finance screener via yfinance
DAL,"Delta Air Lines, Inc.",NYQ,USD,78.75,51787812864.0,514521709.0,2007-05-03,95.68,2026-09-04,Yahoo Finance screener via yfinance
COHR,Coherent Corp.,NYQ,USD,264.41,51780001792.0,1603707993.0,1987-10-02,440.0,2026-09-04,Yahoo Finance screener via yfinance
EW,Edwards Lifesciences Corporation,NYQ,USD,89.78,51749191680.0,387330223.0,2000-03-27,96.29,2026-09-04,Yahoo Finance screener via yfinance
ETR,Entergy Corporation,NYQ,USD,107.78,51494854656.0,301394375.0,1972-06-01,118.45,2026-09-04,Yahoo Finance screener via yfinance
BDX,"Becton, Dickinson and Company",NYQ,USD,187.62,51105214464.0,400515979.0,1973-02-21,193.07,2026-09-04,Yahoo Finance screener via yfinance
COIN,"Coinbase Global, Inc.",NMS,USD,192.7,50841374720.0,1644745758.0,2021-04-14,402.16,2026-09-04,Yahoo Finance screener via yfinance
DEO,Diageo plc,NYQ,USD,90.68,50409082880.0,106121716.0,1991-03-14,111.19,2026-09-04,Yahoo Finance screener via yfinance
VMRK,"AvalonBay Communities, Inc.",NYQ,USD,64.96,50264690688.0,248370403.0,1993-08-12,71.5,2026-09-04,Yahoo Finance screener via yfinance
XYZ,"Block, Inc.",NYQ,USD,83.37,50088280064.0,436323731.0,2015-11-19,86.92,2026-09-04,Yahoo Finance screener via yfinance
AMP,"Ameriprise Financial, Inc.",NYQ,USD,565.08,49915334656.0,329693666.0,2005-09-15,572.56,2026-09-04,Yahoo Finance screener via yfinance
WDAY,"Workday, Inc.",NMS,USD,206.92,49867718656.0,1011850388.0,2012-10-12,249.85,2026-09-04,Yahoo Finance screener via yfinance
FITB,Fifth Third Bancorp,NYQ,USD,54.97,49851883520.0,345172461.0,1980-03-17,59.5,2026-09-04,Yahoo Finance screener via yfinance
UMC,United Microelectronics Corporation,NYQ,USD,19.86,49807065088.0,318303231.0,2000-09-19,28.96,2026-09-04,Yahoo Finance screener via yfinance
ADSK,"Autodesk, Inc.",NMS,USD,237.52,49641680896.0,591703411.0,1985-06-28,329.09,2026-09-04,Yahoo Finance screener via yfinance
TEAM,Atlassian Corporation,NMS,USD,194.68,49281060864.0,896323852.0,2015-12-09,198.5999,2026-09-04,Yahoo Finance screener via yfinance
INFY,Infosys Limited,NYQ,USD,12.09,48968118272.0,258031538.0,1999-03-11,30.0,2026-09-04,Yahoo Finance screener via yfinance
HUM,Humana Inc.,NYQ,USD,406.52,48815042560.0,557068584.0,1981-12-31,428.88,2026-09-04,Yahoo Finance screener via yfinance
LHX,"L3Harris Technologies, Inc.",NYQ,USD,262.14,48814305280.0,402051982.0,1981-12-31,379.23,2026-09-04,Yahoo Finance screener via yfinance
CARR,Carrier Global Corporation,NYQ,USD,59.08,48701124608.0,361448959.0,2020-03-19,76.76,2026-09-04,Yahoo Finance screener via yfinance
PYPL,"PayPal Holdings, Inc.",NMS,USD,56.82,48607285248.0,905590796.0,2015-07-06,79.215,2026-09-04,Yahoo Finance screener via yfinance
TRI,Thomson Reuters Corporation,NMS,USD,111.76,48417177600.0,229828517.0,2002-06-12,180.0,2026-09-04,Yahoo Finance screener via yfinance
VST,Vistra Corp.,NYQ,USD,144.22,48405307392.0,632545603.0,2016-10-05,219.82,2026-09-04,Yahoo Finance screener via yfinance
CCEP,Coca-Cola Europacific Partners PLC,NMS,USD,109.15,48150888448.0,209109679.0,1986-11-24,113.67,2026-09-04,Yahoo Finance screener via yfinance
XEL,Xcel Energy Inc.,NMS,USD,76.34,47684579328.0,412312951.0,1973-02-21,84.23,2026-09-04,Yahoo Finance screener via yfinance
ROK,"Rockwell Automation, Inc.",NYQ,USD,428.28,47656407040.0,351312945.0,1981-12-31,497.36,2026-09-04,Yahoo Finance screener via yfinance
CMG,"Chipotle Mexican Grill, Inc.",NYQ,USD,37.57,47541751808.0,706309313.0,2006-01-26,42.82,2026-09-04,Yahoo Finance screener via yfinance
WAB,Westinghouse Air Brake Technologies Corporation,NYQ,USD,280.83,47435231232.0,260486956.0,1995-06-16,306.64,2026-09-04,Yahoo Finance screener via yfinance
VTR,"Ventas, Inc.",NYQ,USD,92.11,47247491072.0,330923136.0,1997-05-05,101.6,2026-09-04,Yahoo Finance screener via yfinance
NTRA,"Natera, Inc.",NMS,USD,327.67,47231725568.0,456811956.0,2015-07-01,343.18,2026-09-04,Yahoo Finance screener via yfinance
EBAY,eBay Inc.,NMS,USD,105.86,47107698688.0,413940865.0,1998-09-24,119.31,2026-09-04,Yahoo Finance screener via yfinance
ABEV,Ambev S.A.,NYQ,USD,3.04,46876794880.0,87227346.0,1997-03-05,3.45,2026-09-04,Yahoo Finance screener via yfinance
CSU.TO,Constellation Software Inc.,TOR,CAD,3041.38,46736493326.0,137458008.0,2007-10-25,4634.98,2026-09-04,Yahoo Finance screener via yfinance
ARES,Ares Management Corporation,NYQ,USD,141.52,46679896064.0,316300030.0,2014-05-02,186.85,2026-09-04,Yahoo Finance screener via yfinance
KB,KB Financial Group Inc.,NYQ,USD,132.36,46472404992.0,37284224.0,2001-11-13,133.08,2026-09-04,Yahoo Finance screener via yfinance
VEEV,Veeva Systems Inc.,NYQ,USD,284.38,46043639808.0,592302967.0,2013-10-16,310.5,2026-09-04,Yahoo Finance screener via yfinance
EXC,Exelon Corporation,NMS,USD,44.53,45877207040.0,361708462.0,1973-05-02,50.65,2026-09-04,Yahoo Finance screener via yfinance
STM,STMicroelectronics N.V.,NYQ,USD,51.28,45738074112.0,572944671.0,1994-12-08,81.42,2026-09-04,Yahoo Finance screener via yfinance
HEI,HEICO Corporation,NYQ,USD,325.7,45518991360.0,156139277.0,1980-03-17,376.86,2026-09-04,Yahoo Finance screener via yfinance
RVMD,"Revolution Medicines, Inc.",NMS,USD,210.87,45197119488.0,496111740.0,2020-02-13,224.31,2026-09-04,Yahoo Finance screener via yfinance
BSBR,Banco Santander (Brasil) S.A.,NYQ,USD,6.02,45074915328.0,18460763.0,2009-10-07,7.32,2026-09-04,Yahoo Finance screener via yfinance
CIEN,Ciena Corporation,NYQ,USD,317.46,45046779904.0,849576293.0,1997-02-07,637.51,2026-09-04,Yahoo Finance screener via yfinance
SLF.TO,Sun Life Financial Inc.,TOR,CAD,111.29,44927459335.0,148875957.0,2000-03-23,118.99,2026-09-04,Yahoo Finance screener via yfinance
KDP,Keurig Dr Pepper Inc.,NMS,USD,32.88,44743958528.0,450656272.0,2008-05-07,33.82,2026-09-04,Yahoo Finance screener via yfinance
IQV,IQVIA Holdings Inc.,NYQ,USD,271.62,44708651008.0,391170284.0,2013-05-09,271.69,2026-09-04,Yahoo Finance screener via yfinance
PAYX,"Paychex, Inc.",NMS,USD,125.08,44488810496.0,389129634.0,1983-08-26,138.19,2026-09-04,Yahoo Finance screener via yfinance
CCJ,Cameco Corporation,NYQ,USD,100.62,43823329280.0,334482916.0,1996-03-14,135.24,2026-09-04,Yahoo Finance screener via yfinance
AXON,"Axon Enterprise, Inc.",NMS,USD,538.15,43717918720.0,527200800.0,2001-06-19,792.16,2026-09-04,Yahoo Finance screener via yfinance
HLN,Haleon plc,NYQ,USD,9.86,43360575488.0,96296043.0,2022-07-25,11.28,2026-09-04,Yahoo Finance screener via yfinance
FERG,Ferguson Enterprises Inc.,NYQ,USD,223.23,43184451584.0,518364839.0,2010-01-05,271.64,2026-09-04,Yahoo Finance screener via yfinance
CBRE,"CBRE Group, Inc.",NYQ,USD,148.74,43071430656.0,261783590.0,2004-06-10,174.27,2026-09-04,Yahoo Finance screener via yfinance
GFI,Gold Fields Limited,NYQ,USD,48.16,42905575424.0,189216980.0,1980-03-17,61.64,2026-09-04,Yahoo Finance screener via yfinance
HMC,"Honda Motor Co., Ltd.",NYQ,USD,33.04,42875088896.0,46393413.0,1980-03-17,34.89,2026-09-04,Yahoo Finance screener via yfinance
IX,ORIX Corporation,NYQ,USD,41.19,42837032960.0,10866746.0,1998-09-16,42.39,2026-09-04,Yahoo Finance screener via yfinance
POW.TO,Power Corporation of Canada,TOR,CAD,94.02,42797125890.0,139628536.0,1995-01-12,97.66,2026-09-04,Yahoo Finance screener via yfinance
TEVA,Teva Pharmaceutical Industries Limited,NYQ,USD,36.62,42673143808.0,202938739.0,1982-02-16,38.37,2026-09-04,Yahoo Finance screener via yfinance
PRU,"Prudential Financial, Inc.",NYQ,USD,123.2,42503999488.0,226194707.0,2001-12-13,127.72,2026-09-04,Yahoo Finance screener via yfinance
A,"Agilent Technologies, Inc.",NYQ,USD,149.98,42289233920.0,332759876.0,1999-11-18,163.75,2026-09-04,Yahoo Finance screener via yfinance
WCN,"Waste Connections, Inc.",NYQ,USD,166.81,41964265472.0,237044683.0,1998-05-22,181.28,2026-09-04,Yahoo Finance screener via yfinance
FER,Ferrovial N.V.,NMS,USD,58.1,41872793600.0,90018978.0,2012-08-13,74.79,2026-09-04,Yahoo Finance screener via yfinance
MSCI,MSCI Inc.,NYQ,USD,574.65,41777057792.0,386415922.0,2007-11-15,644.77,2026-09-04,Yahoo Finance screener via yfinance
ROP,"Roper Technologies, Inc.",NMS,USD,422.35,41770782720.0,405318314.0,1992-02-13,530.0,2026-09-04,Yahoo Finance screener via yfinance
IDXX,"IDEXX Laboratories, Inc.",NMS,USD,529.29,41698058240.0,327920561.0,1991-06-21,769.98,2026-09-04,Yahoo Finance screener via yfinance
YUM,"Yum! Brands, Inc.",NYQ,USD,152.54,41628332032.0,387396838.0,1997-09-17,170.14,2026-09-04,Yahoo Finance screener via yfinance
LYV,"Live Nation Entertainment, Inc.",NYQ,USD,177.49,41347985408.0,388820421.0,2005-12-21,189.25,2026-09-04,Yahoo Finance screener via yfinance
FMX,"Fomento Económico Mexicano, S.A.B. de C.V.",NYQ,USD,121.08,41249714176.0,61273866.0,1998-05-11,141.47,2026-09-04,Yahoo Finance screener via yfinance
ONC,BeOne Medicines AG,NMS,USD,362.68,41027145728.0,131747137.0,2016-02-03,385.22,2026-09-04,Yahoo Finance screener via yfinance
RKLB,Rocket Lab Corporation,NMS,USD,63.81,40800817152.0,1398716412.0,2020-11-24,151.0,2026-09-04,Yahoo Finance screener via yfinance
ADM,Archer-Daniels-Midland Company,NYQ,USD,84.38,40667750400.0,310195225.0,1980-03-17,88.46,2026-09-04,Yahoo Finance screener via yfinance
WAT,Waters Corporation,NYQ,USD,413.56,40605741056.0,351749322.0,1995-11-17,426.22,2026-09-04,Yahoo Finance screener via yfinance
DHI,"D.R. Horton, Inc.",NYQ,USD,144.41,40391663616.0,329476181.0,1992-06-05,184.55,2026-09-04,Yahoo Finance screener via yfinance
RKT,"Rocket Companies, Inc.",NYQ,USD,14.22,40265953280.0,422643399.0,2020-08-06,24.36,2026-09-04,Yahoo Finance screener via yfinance
ED,"Consolidated Edison, Inc.",NYQ,USD,108.75,40218865664.0,246976035.0,1962-01-02,116.23,2026-09-04,Yahoo Finance screener via yfinance
AIG,"American International Group, Inc.",NYQ,USD,76.86,40189571072.0,287869907.0,1973-01-02,87.29,2026-09-04,Yahoo Finance screener via yfinance
TTWO,"Take-Two Interactive Software, Inc.",NMS,USD,214.13,40038125568.0,539209961.0,1997-04-15,265.94,2026-09-04,Yahoo Finance screener via yfinance
FLEX,Flex Ltd.,NMS,USD,107.89,39854886912.0,628839562.0,1994-03-18,166.86,2026-09-04,Yahoo Finance screener via yfinance
SHG,"Shinhan Financial Group Co., Ltd.",NYQ,USD,84.47,39773913088.0,20216796.0,2003-09-17,84.65,2026-09-04,Yahoo Finance screener via yfinance
MCHP,Microchip Technology Incorporated,NMS,USD,73.11,39699365888.0,825312251.0,1993-03-19,105.91,2026-09-04,Yahoo Finance screener via yfinance
CLS,Celestica Inc.,NYQ,USD,309.84,39074267136.0,737221832.0,1998-06-30,474.03,2026-09-04,Yahoo Finance screener via yfinance
SYY,Sysco Corporation,NYQ,USD,81.08,38845104128.0,265102411.0,1973-05-08,91.85,2026-09-04,Yahoo Finance screener via yfinance
ODFL,"Old Dominion Freight Line, Inc.",NMS,USD,185.75,38630109184.0,323911964.0,1991-10-24,252.03,2026-09-04,Yahoo Finance screener via yfinance
NTR,Nutrien Ltd.,NYQ,USD,80.73,38525169664.0,223450872.0,2018-01-02,85.36,2026-09-04,Yahoo Finance screener via yfinance
VOD,Vodafone Group Public Limited Company,NMS,USD,16.58,38316933120.0,66700478.0,1988-11-02,16.68,2026-09-04,Yahoo Finance screener via yfinance
HIG,"The Hartford Insurance Group, Inc.",NYQ,USD,140.0,37922078720.0,225705200.0,1995-12-15,146.07,2026-09-04,Yahoo Finance screener via yfinance
KGC,Kinross Gold Corporation,NYQ,USD,31.59,37473345536.0,277434152.0,1981-03-17,39.11,2026-09-04,Yahoo Finance screener via yfinance
JD,"JD.com, Inc.",NMS,USD,27.74,37462867968.0,227188214.0,2014-05-22,36.86,2026-09-04,Yahoo Finance screener via yfinance
TWLO,Twilio Inc.,NYQ,USD,240.48,36931768320.0,522077030.0,2016-06-23,258.353,2026-09-04,Yahoo Finance screener via yfinance
RPRX,Royalty Pharma plc,NMS,USD,63.88,36912128000.0,195554758.0,2020-06-16,63.94,2026-09-04,Yahoo Finance screener via yfinance
PEG,Public Service Enterprise Group Incorporated,NYQ,USD,73.81,36788379648.0,213854584.0,1980-01-02,87.63,2026-09-04,Yahoo Finance screener via yfinance
QSR,Restaurant Brands International Inc.,NYQ,USD,80.26,36767989760.0,230339940.0,2014-12-11,81.96,2026-09-04,Yahoo Finance screener via yfinance
BBD,Banco Bradesco S.A.,NYQ,USD,3.46,36638552064.0,107376744.0,2002-08-02,4.3,2026-09-04,Yahoo Finance screener via yfinance
EL,The Estée Lauder Companies Inc.,NYQ,USD,100.86,36491001856.0,320302716.0,1995-11-17,121.64,2026-09-04,Yahoo Finance screener via yfinance
NTAP,"NetApp, Inc.",NMS,USD,185.38,36412157952.0,499021271.0,1995-11-21,209.06,2026-09-04,Yahoo Finance screener via yfinance
KVUE,Kenvue Inc.,NYQ,USD,18.95,36398657536.0,385270479.0,2023-05-04,20.69,2026-09-04,Yahoo Finance screener via yfinance
EXPE,"Expedia Group, Inc.",NMS,USD,303.14,36383494144.0,477511888.0,2005-07-21,342.0,2026-09-04,Yahoo Finance screener via yfinance
MLM,"Martin Marietta Materials, Inc.",NYQ,USD,508.94,36144607232.0,314009364.0,1994-02-17,710.97,2026-09-04,Yahoo Finance screener via yfinance
UI,Ubiquiti Inc.,NYQ,USD,595.96,36072493056.0,74274495.0,2011-10-14,1099.99,2026-09-04,Yahoo Finance screener via yfinance
KMB,Kimberly-Clark Corporation,NMS,USD,107.95,35901906944.0,427307121.0,1980-03-17,131.53,2026-09-04,Yahoo Finance screener via yfinance
TKO,"TKO Group Holdings, Inc.",NYQ,USD,189.42,35851468800.0,243497516.0,1999-10-19,226.94,2026-09-04,Yahoo Finance screener via yfinance
KR,The Kroger Co.,NYQ,USD,58.51,35845992448.0,444662250.0,1962-01-02,76.58,2026-09-04,Yahoo Finance screener via yfinance
ALNY,"Alnylam Pharmaceuticals, Inc.",NMS,USD,264.5,35392512000.0,477533590.0,2004-06-01,495.55,2026-09-04,Yahoo Finance screener via yfinance
EC,Ecopetrol S.A.,NYQ,USD,17.2,35360358400.0,41961464.0,2008-09-18,18.19,2026-09-04,Yahoo Finance screener via yfinance
UAL,"United Airlines Holdings, Inc.",NMS,USD,108.66,35267747840.0,480206136.0,2006-02-06,138.77,2026-09-04,Yahoo Finance screener via yfinance
STLD,"Steel Dynamics, Inc.",NMS,USD,246.03,35263012864.0,306943092.0,1996-11-22,288.74,2026-09-04,Yahoo Finance screener via yfinance
HSY,The Hershey Company,NYQ,USD,175.06,35174047744.0,316119672.0,1980-03-17,239.48,2026-09-04,Yahoo Finance screener via yfinance
PUK,Prudential plc,NYQ,USD,28.35,34896404480.0,33355419.0,2000-06-29,34.03,2026-09-04,Yahoo Finance screener via yfinance
ALC,Alcon Inc.,NYQ,USD,72.08,34843471872.0,137132200.0,2019-04-09,87.64,2026-09-04,Yahoo Finance screener via yfinance
FFH.TO,Fairfax Financial Holdings Limited,TOR,CAD,2313.21,34838252533.0,102177510.0,1995-01-12,2700.0,2026-09-04,Yahoo Finance screener via yfinance
RJF,"Raymond James Financial, Inc.",NYQ,USD,181.1,34789310464.0,235025423.0,1983-07-01,182.73,2026-09-04,Yahoo Finance screener via yfinance
EQT,EQT Corporation,NYQ,USD,55.61,34784948224.0,401054704.0,1980-03-17,68.24,2026-09-04,Yahoo Finance screener via yfinance
WEC,"WEC Energy Group, Inc.",NYQ,USD,106.7,34768125952.0,236932792.0,1980-03-17,119.91,2026-09-04,Yahoo Finance screener via yfinance
MTB,M&T Bank Corporation,NYQ,USD,240.06,34668564480.0,265067050.0,1980-03-17,255.95,2026-09-04,Yahoo Finance screener via yfinance
HBAN,Huntington Bancshares Incorporated,NMS,USD,17.06,34468278272.0,398949158.0,1980-03-17,19.46,2026-09-04,Yahoo Finance screener via yfinance
IFC.TO,Intact Financial Corporation,TOR,CAD,268.79,34372394314.0,89012323.0,2004-12-10,305.52,2026-09-04,Yahoo Finance screener via yfinance
NTRS,Northern Trust Corporation,NMS,USD,187.445,34294122496.0,200197258.0,1980-03-17,195.78,2026-09-04,Yahoo Finance screener via yfinance
IRM,Iron Mountain Incorporated,NYQ,USD,114.98,34229870592.0,207742415.0,1996-02-01,134.68,2026-09-04,Yahoo Finance screener via yfinance
ACGL,Arch Capital Group Ltd.,NMS,USD,99.83,34064904192.0,198958195.0,1995-09-14,107.09,2026-09-04,Yahoo Finance screener via yfinance
DXCM,"DexCom, Inc.",NMS,USD,89.71,33853034496.0,438826692.0,2005-04-14,92.59,2026-09-04,Yahoo Finance screener via yfinance
TECK,Teck Resources Limited,NYQ,USD,68.82,33763092480.0,218756758.0,2002-07-18,71.93,2026-09-04,Yahoo Finance screener via yfinance
CCI,Crown Castle Inc.,NYQ,USD,77.26,33762621440.0,312329731.0,1998-08-18,100.5,2026-09-04,Yahoo Finance screener via yfinance
VMC,Vulcan Materials Company,NYQ,USD,260.23,33720274944.0,285264907.0,1973-02-21,331.09,2026-09-04,Yahoo Finance screener via yfinance
CNC,Centene Corporation,NYQ,USD,68.02,33601538048.0,333872633.0,2001-12-13,69.36,2026-09-04,Yahoo Finance screener via yfinance
ILMN,"Illumina, Inc.",NMS,USD,221.66,33470660608.0,428301648.0,2000-07-28,231.81,2026-09-04,Yahoo Finance screener via yfinance
BIIB,Biogen Inc.,NMS,USD,224.51,33172250624.0,254929982.0,1991-09-17,225.8,2026-09-04,Yahoo Finance screener via yfinance
ERIC,Telefonaktiebolaget LM Ericsson (publ),NMS,USD,10.13,33110239232.0,121145085.0,1981-08-24,13.77,2026-09-04,Yahoo Finance screener via yfinance
RMD,ResMed Inc.,NYQ,USD,229.19,33061185536.0,340512625.0,1995-06-02,284.87,2026-09-04,Yahoo Finance screener via yfinance
ESLT,Elbit Systems Ltd.,NMS,USD,701.22,32859951104.0,61499098.0,1996-11-27,1016.06,2026-09-04,Yahoo Finance screener via yfinance
EME,"EMCOR Group, Inc.",NYQ,USD,741.32,32699551744.0,323661053.0,1995-01-10,951.96,2026-09-04,Yahoo Finance screener via yfinance
P,"Everpure, Inc.",NYQ,USD,98.15,32625543168.0,302953520.0,2015-10-06,119.1,2026-09-04,Yahoo Finance screener via yfinance
BIDU,"Baidu, Inc.",NMS,USD,95.58,32419448832.0,247357790.0,2005-08-05,165.3,2026-09-04,Yahoo Finance screener via yfinance
CCL,Carnival Corporation Ltd.,NYQ,USD,23.48,32159361024.0,491772540.0,1987-07-24,34.03,2026-09-04,Yahoo Finance screener via yfinance
JBL,Jabil Inc.,NYQ,USD,305.92,32056467456.0,374868250.0,1993-05-03,428.93,2026-09-04,Yahoo Finance screener via yfinance
WTW,Willis Towers Watson Public Limited Company,NMS,USD,342.06,31767773184.0,202758801.0,2001-06-12,352.79,2026-09-04,Yahoo Finance screener via yfinance
ZTS,Zoetis Inc.,NYQ,USD,76.29,31524829184.0,486150015.0,2013-02-01,155.15,2026-09-04,Yahoo Finance screener via yfinance
GEHC,GE HealthCare Technologies Inc.,NMS,USD,69.72,31491565568.0,312701939.0,2022-12-15,89.77,2026-09-04,Yahoo Finance screener via yfinance
FTI,TechnipFMC plc,NYQ,USD,80.08,31404525568.0,294300406.0,2001-06-15,80.6999,2026-09-04,Yahoo Finance screener via yfinance
CPRT,"Copart, Inc.",NMS,USD,33.58,31088750592.0,400440896.0,1994-03-17,49.16,2026-09-04,Yahoo Finance screener via yfinance
HAL,Halliburton Company,NYQ,USD,37.29,31067432960.0,443821776.0,1972-06-01,43.59,2026-09-04,Yahoo Finance screener via yfinance
NMR,"Nomura Holdings, Inc.",NYQ,USD,10.62,31037937664.0,11024601.0,2001-12-17,10.63,2026-09-04,Yahoo Finance screener via yfinance
MDB,"MongoDB, Inc.",NGM,USD,384.45,30922055680.0,625604336.0,2017-10-19,473.1,2026-09-04,Yahoo Finance screener via yfinance
CRDO,Credo Technology Group Holding Ltd,NMS,USD,164.17,30856067072.0,1237187583.0,2022-01-27,308.67,2026-09-04,Yahoo Finance screener via yfinance
PCG,PG&E Corporation,NYQ,USD,13.96,30745042944.0,394326361.0,1972-06-01,19.16,2026-09-04,Yahoo Finance screener via yfinance
BAP,Credicorp Ltd.,NYQ,USD,384.19,30512109568.0,149112591.0,1995-10-25,413.25,2026-09-04,Yahoo Finance screener via yfinance
KHC,The Kraft Heinz Company,NMS,USD,25.42,30143639552.0,360218533.0,2015-07-06,28.09,2026-09-04,Yahoo Finance screener via yfinance
CFG,"Citizens Financial Group, Inc.",NYQ,USD,70.83,29831954432.0,296572930.0,2014-09-24,75.33,2026-09-04,Yahoo Finance screener via yfinance
OKTA,"Okta, Inc.",NMS,USD,170.42,29792983040.0,576140939.0,2017-04-07,174.85,2026-09-04,Yahoo Finance screener via yfinance
RBLX,Roblox Corporation,NYQ,USD,41.51,29653743616.0,500053204.0,2021-03-10,142.0,2026-09-04,Yahoo Finance screener via yfinance
AEE,Ameren Corporation,NYQ,USD,106.41,29458892800.0,170786773.0,1998-01-02,118.32,2026-09-04,Yahoo Finance screener via yfinance
IR,Ingersoll Rand Inc.,NYQ,USD,75.4,29255157760.0,309124241.0,2017-05-12,100.96,2026-09-04,Yahoo Finance screener via yfinance
BIP,Brookfield Infrastructure Partners L.P.,NYQ,USD,36.84,29170831360.0,31854995.0,2008-01-10,44.04,2026-09-04,Yahoo Finance screener via yfinance
CTSH,Cognizant Technology Solutions Corporation,NMS,USD,64.64,29116715008.0,675555420.0,1998-06-19,87.03,2026-09-04,Yahoo Finance screener via yfinance
DG,Dollar General Corporation,NYQ,USD,131.26,28958158848.0,348112021.0,2009-11-13,158.23,2026-09-04,Yahoo Finance screener via yfinance
LVS,Las Vegas Sands Corp.,NYQ,USD,44.51,28829177856.0,215885963.0,2004-12-15,70.45,2026-09-04,Yahoo Finance screener via yfinance
HPQ,HP Inc.,NYQ,USD,31.93,28794185728.0,500754422.0,1962-01-02,32.55,2026-09-04,Yahoo Finance screener via yfinance
ZS,"Zscaler, Inc.",NMS,USD,177.8,28751953920.0,511803523.0,2018-03-16,336.99,2026-09-04,Yahoo Finance screener via yfinance
ON,ON Semiconductor Corporation,NMS,USD,73.65,28673316864.0,809630473.0,2000-05-02,134.92,2026-09-04,Yahoo Finance screener via yfinance
ZM,"Zoom Communications, Inc.",NMS,USD,98.14,28635654144.0,345114708.0,2019-04-18,114.74,2026-09-04,Yahoo Finance screener via yfinance
ATO,Atmos Energy Corporation,NYQ,USD,169.12,28579344384.0,199325001.0,1983-12-28,192.51,2026-09-04,Yahoo Finance screener via yfinance
DTE,DTE Energy Company,NYQ,USD,137.07,28522633216.0,181868588.0,1962-01-02,155.75,2026-09-04,Yahoo Finance screener via yfinance
FOXA,Fox Corporation,NMS,USD,67.71,28467820544.0,461027843.0,2019-03-12,76.39,2026-09-04,Yahoo Finance screener via yfinance
TS,Tenaris S.A.,NYQ,USD,56.31,28426407936.0,72624922.0,2002-12-16,64.6,2026-09-04,Yahoo Finance screener via yfinance
LPLA,LPL Financial Holdings Inc.,NMS,USD,360.45,28382658560.0,297318264.0,2010-11-18,400.16,2026-09-04,Yahoo Finance screener via yfinance
FTS.TO,Fortis Inc.,TOR,CAD,76.57,28367280044.0,79865524.0,1995-01-12,83.75,2026-09-04,Yahoo Finance screener via yfinance
RYAAY,Ryanair Holdings plc,NMS,USD,54.7,28354738176.0,71144570.0,1997-05-29,74.24,2026-09-04,Yahoo Finance screener via yfinance
PPL.TO,Pembina Pipeline Corporation,TOR,CAD,67.06,28279873524.0,115215901.0,2003-10-09,72.72,2026-09-04,Yahoo Finance screener via yfinance
VICI,VICI Properties Inc.,NYQ,USD,25.65,28242636800.0,250511007.0,2018-01-02,33.82,2026-09-04,Yahoo Finance screener via yfinance
TDY,Teledyne Technologies Incorporated,NYQ,USD,607.87,28178223104.0,212526549.0,1999-11-23,697.67,2026-09-04,Yahoo Finance screener via yfinance
CASY,"Casey's General Stores, Inc.",NMS,USD,758.42,28065265664.0,344974921.0,1983-10-20,927.85,2026-09-04,Yahoo Finance screener via yfinance
FISV,"Fiserv, Inc.",NMS,USD,52.73,28040058880.0,414644359.0,1986-09-25,138.62,2026-09-04,Yahoo Finance screener via yfinance
AWK,"American Water Works Company, Inc.",NYQ,USD,140.89,27998926848.0,321920688.0,2008-04-23,145.64,2026-09-04,Yahoo Finance screener via yfinance
CPNG,"Coupang, Inc.",NYQ,USD,15.51,27879405568.0,326378279.0,2021-03-11,34.075,2026-09-04,Yahoo Finance screener via yfinance
ATI,ATI Inc.,NYQ,USD,204.54,27852290048.0,363573327.0,1999-11-29,243.57,2026-09-04,Yahoo Finance screener via yfinance
INSM,Insmed Incorporated,NMS,USD,126.68,27664568320.0,430297756.0,2000-06-01,212.75,2026-09-04,Yahoo Finance screener via yfinance
CPAY,"Corpay, Inc.",NYQ,USD,419.68,27556020224.0,248581500.0,2010-12-15,427.46,2026-09-04,Yahoo Finance screener via yfinance
WN.TO,George Weston Limited,TOR,CAD,100.5,27270745228.0,20875919.0,1995-01-12,107.94,2026-09-04,Yahoo Finance screener via yfinance
FM.TO,First Quantum Minerals Ltd.,TOR,CAD,45.04,27245507590.0,90042114.0,2000-06-30,49.27,2026-09-04,Yahoo Finance screener via yfinance
FE,FirstEnergy Corp.,NYQ,USD,47.04,27219222528.0,199944179.0,1997-11-10,52.34,2026-09-04,Yahoo Finance screener via yfinance
OTIS,Otis Worldwide Corporation,NYQ,USD,71.48,27210246144.0,262404796.0,2020-03-19,94.565,2026-09-04,Yahoo Finance screener via yfinance
MTD,Mettler-Toledo International Inc.,NYQ,USD,1356.23,27174182912.0,259412893.0,1997-11-14,1525.17,2026-09-04,Yahoo Finance screener via yfinance
ES,Eversource Energy,NYQ,USD,71.47,26920945664.0,171684948.0,1973-02-21,76.57,2026-09-04,Yahoo Finance screener via yfinance
LH,Labcorp Holdings Inc.,NYQ,USD,331.5,26884651008.0,224486828.0,1990-03-29,341.8,2026-09-04,Yahoo Finance screener via yfinance
CINF,Cincinnati Financial Corporation,NMS,USD,174.72,26815684608.0,134364922.0,1980-03-17,194.81,2026-09-04,Yahoo Finance screener via yfinance
VRSN,"VeriSign, Inc.",NMS,USD,293.35,26518841344.0,236619337.0,1998-01-30,312.48,2026-09-04,Yahoo Finance screener via yfinance
DGX,Quest Diagnostics Incorporated,NYQ,USD,239.4,26423382016.0,228385445.0,1996-12-17,247.19,2026-09-04,Yahoo Finance screener via yfinance
PPL,PPL Corporation,NYQ,USD,35.11,26421850112.0,309627647.0,1980-03-17,40.11,2026-09-04,Yahoo Finance screener via yfinance
CNP,"CenterPoint Energy, Inc.",NYQ,USD,39.98,26335635456.0,255786483.0,1962-01-02,45.26,2026-09-04,Yahoo Finance screener via yfinance
WSM,"Williams-Sonoma, Inc.",NYQ,USD,222.76,26236487680.0,246913867.0,1983-07-07,254.89,2026-09-04,Yahoo Finance screener via yfinance
ECHO,EchoStar Corporation,NMS,USD,89.79,26083162112.0,663555732.0,2008-01-02,147.25,2026-09-04,Yahoo Finance screener via yfinance
TCOM,Trip.com Group Limited,NMS,USD,41.4,26069796864.0,126190471.0,2003-12-09,78.99,2026-09-04,Yahoo Finance screener via yfinance
SYF,Synchrony Financial,NYQ,USD,79.85,25980862464.0,286719790.0,2014-07-31,88.77,2026-09-04,Yahoo Finance screener via yfinance
INCY,Incyte Corporation,NMS,USD,128.0,25945311232.0,233744256.0,1993-11-04,132.6,2026-09-04,Yahoo Finance screener via yfinance
RF,Regions Financial Corporation,NYQ,USD,30.44,25932736512.0,289325990.0,1980-03-17,32.47,2026-09-04,Yahoo Finance screener via yfinance
BNTX,BioNTech SE,NMS,USD,102.88,25843904512.0,124091181.0,2019-10-10,124.0,2026-09-04,Yahoo Finance screener via yfinance
WRB,W. R. Berkley Corporation,NYQ,USD,69.5,25800312832.0,132309444.0,1973-10-23,78.96,2026-09-04,Yahoo Finance screener via yfinance
DOV,Dover Corporation,NYQ,USD,191.07,25733351424.0,216463203.0,1980-03-17,237.54,2026-09-04,Yahoo Finance screener via yfinance
PHG,Koninklijke Philips N.V.,NYQ,USD,26.05,25461985280.0,27320328.0,1980-03-17,33.44,2026-09-04,Yahoo Finance screener via yfinance
PFG,"Principal Financial Group, Inc.",NMS,USD,118.51,25373540352.0,162413452.0,2001-10-23,121.18,2026-09-04,Yahoo Finance screener via yfinance
TPL,Texas Pacific Land Corporation,NYQ,USD,366.5,25279219712.0,139525817.0,1980-03-17,547.2,2026-09-04,Yahoo Finance screener via yfinance
XYL,Xylem Inc.,NYQ,USD,107.89,25190891520.0,202709558.0,2011-10-13,154.27,2026-09-04,Yahoo Finance screener via yfinance
SYM,Symbotic Inc.,NGM,USD,41.6,25183174656.0,75558538.0,2021-03-09,87.88,2026-09-04,Yahoo Finance screener via yfinance
AFRM,"Affirm Holdings, Inc.",NMS,USD,74.3,25070399488.0,326023199.0,2021-01-13,93.2,2026-09-04,Yahoo Finance screener via yfinance
JBHT,"J.B. Hunt Transport Services, Inc.",NMS,USD,266.28,25007669248.0,255280772.0,1983-11-22,299.76,2026-09-04,Yahoo Finance screener via yfinance
FCNCA,"First Citizens BancShares, Inc.",NMS,USD,2203.43,24883599360.0,167410001.0,1986-10-22,2296.3,2026-09-04,Yahoo Finance screener via yfinance
SMCI,"Super Micro Computer, Inc.",NMS,USD,37.87,24879278080.0,2154144971.0,2007-03-29,58.78,2026-09-04,Yahoo Finance screener via yfinance
ROIV,Roivant Sciences Ltd.,NMS,USD,34.41,24855134208.0,213414777.0,2020-12-08,37.97,2026-09-04,Yahoo Finance screener via yfinance
VRSK,"Verisk Analytics, Inc.",NMS,USD,190.6,24807737344.0,401333840.0,2009-10-07,273.83,2026-09-04,Yahoo Finance screener via yfinance
SN,"SharkNinja, Inc.",NYQ,USD,175.21,24795787264.0,298940674.0,2023-07-31,194.54,2026-09-04,Yahoo Finance screener via yfinance
DRI,"Darden Restaurants, Inc.",NYQ,USD,218.04,24756643840.0,286561468.0,1995-05-09,229.76,2026-09-04,Yahoo Finance screener via yfinance
PPG,"PPG Industries, Inc.",NYQ,USD,110.75,24619724800.0,198749624.0,1980-03-17,133.43,2026-09-04,Yahoo Finance screener via yfinance
NVT,nVent Electric plc,NYQ,USD,152.09,24616972288.0,348478342.0,2018-04-24,184.64,2026-09-04,Yahoo Finance screener via yfinance
DLTR,"Dollar Tree, Inc.",NMS,USD,131.04,24587073536.0,371170276.0,1995-03-07,142.4,2026-09-04,Yahoo Finance screener via yfinance
TPR,"Tapestry, Inc.",NYQ,USD,122.6,24445419520.0,361967305.0,2000-10-06,164.8,2026-09-04,Yahoo Finance screener via yfinance
GFS,GLOBALFOUNDRIES Inc.,NMS,USD,44.53,24433649664.0,168937513.0,2021-10-28,92.55,2026-09-04,Yahoo Finance screener via yfinance
EXPD,"Expeditors International of Washington, Inc.",NYQ,USD,187.13,24325146624.0,221417830.0,1984-09-26,192.28,2026-09-04,Yahoo Finance screener via yfinance
HUBB,Hubbell Incorporated,NYQ,USD,460.15,24310906880.0,265881572.0,1972-06-05,565.4999,2026-09-04,Yahoo Finance screener via yfinance
FWONK,Formula One Group,NMS,USD,96.94,24303681536.0,195027867.0,2014-07-08,109.363,2026-09-04,Yahoo Finance screener via yfinance
GPN,Global Payments Inc.,NYQ,USD,91.77,24284028928.0,310743406.0,2001-01-16,95.88,2026-09-04,Yahoo Finance screener via yfinance
BRO,"Brown & Brown, Inc.",NYQ,USD,72.56,24279326720.0,185527721.0,1981-02-11,96.55,2026-09-04,Yahoo Finance screener via yfinance
FICO,Fair Isaac Corporation,NYQ,USD,1118.93,24166244352.0,343166880.0,1987-07-22,1998.01,2026-09-04,Yahoo Finance screener via yfinance
WST,"West Pharmaceutical Services, Inc.",NYQ,USD,342.73,24119885824.0,241570499.0,1980-03-17,386.0,2026-09-04,Yahoo Finance screener via yfinance
CIB,Grupo Cibest S.A.,NYQ,USD,101.87,24058179584.0,34593320.0,1995-07-26,103.5,2026-09-04,Yahoo Finance screener via yfinance
SOFI,"SoFi Technologies, Inc.",NMS,USD,18.51,23906967552.0,1321204318.0,2021-01-04,32.73,2026-09-04,Yahoo Finance screener via yfinance
ULTA,"Ulta Beauty, Inc.",NMS,USD,557.11,23820613632.0,385366358.0,2007-10-25,714.97,2026-09-04,Yahoo Finance screener via yfinance
SW,Smurfit Westrock Plc,NYQ,USD,45.26,23739906048.0,249581925.0,2008-06-17,52.65,2026-09-04,Yahoo Finance screener via yfinance
PHM,"PulteGroup, Inc.",NYQ,USD,124.31,23679358976.0,207027863.0,1980-03-17,144.5,2026-09-04,Yahoo Finance screener via yfinance
TROW,"T. Rowe Price Group, Inc.",NMS,USD,110.88,23652460544.0,217837066.0,1986-04-02,122.0,2026-09-04,Yahoo Finance screener via yfinance
IHG,InterContinental Hotels Group PLC,NYQ,USD,160.77,23620392960.0,40380762.0,2003-04-10,175.89,2026-09-04,Yahoo Finance screener via yfinance
KEY,KeyCorp,NYQ,USD,22.12,23604885504.0,238880516.0,1987-11-05,24.07,2026-09-04,Yahoo Finance screener via yfinance
VNOM,"Viper Energy, Inc.",NMS,USD,44.89,23521675264.0,77586170.0,2014-06-18,51.13,2026-09-04,Yahoo Finance screener via yfinance
ROKU,"Roku, Inc.",NMS,USD,158.31,23510718464.0,691487790.0,2017-09-28,159.89,2026-09-04,Yahoo Finance screener via yfinance
NRG,"NRG Energy, Inc.",NYQ,USD,111.84,23509940224.0,308744721.0,2003-12-02,189.96,2026-09-04,Yahoo Finance screener via yfinance
CHD,"Church & Dwight Co., Inc.",NYQ,USD,98.59,23385931776.0,183150249.0,1980-03-17,106.04,2026-09-04,Yahoo Finance screener via yfinance
TSEM,Tower Semiconductor Ltd.,NMS,USD,206.16,23302520832.0,379625498.0,1994-10-26,319.94,2026-09-04,Yahoo Finance screener via yfinance
OMC,Omnicom Group Inc.,NYQ,USD,84.73,23245332480.0,299934371.0,1980-03-17,89.57,2026-09-04,Yahoo Finance screener via yfinance
HSAI,Hesai Group,NMS,USD,18.46,23206760448.0,32584706.0,2023-02-09,30.85,2026-09-04,Yahoo Finance screener via yfinance
CRS,Carpenter Technology Corporation,NYQ,USD,467.48,23167639552.0,377605100.0,1973-02-21,625.99,2026-09-04,Yahoo Finance screener via yfinance
BG,Bunge Global SA,NYQ,USD,120.12,23077349376.0,182505283.0,2001-08-02,134.87,2026-09-04,Yahoo Finance screener via yfinance
RIVN,"Rivian Automotive, Inc.",NMS,USD,15.91,23035461632.0,486662240.0,2021-11-10,22.69,2026-09-04,Yahoo Finance screener via yfinance
AER,AerCap Holdings N.V.,NYQ,USD,146.48,23024320512.0,161200215.0,2006-11-21,158.81,2026-09-04,Yahoo Finance screener via yfinance
H.TO,Hydro One Limited,TOR,CAD,52.91,23024050075.0,55273922.0,2015-11-17,60.57,2026-09-04,Yahoo Finance screener via yfinance
EXE,Expand Energy Corporation,NMS,USD,99.05,22930450432.0,349044177.0,2021-02-10,126.621,2026-09-04,Yahoo Finance screener via yfinance
MKL,Markel Group Inc.,NYQ,USD,1842.98,22834444288.0,128273251.0,1986-12-12,2207.59,2026-09-04,Yahoo Finance screener via yfinance
SQM,Sociedad Química y Minera de Chile S.A.,NYQ,USD,79.78,22788186112.0,79979769.0,1993-09-21,98.0,2026-09-04,Yahoo Finance screener via yfinance
TW,Tradeweb Markets Inc.,NMS,USD,105.34,22756415488.0,163878913.0,2019-04-04,127.69,2026-09-04,Yahoo Finance screener via yfinance
USFD,US Foods Holding Corp.,NYQ,USD,104.41,22587090944.0,267690326.0,2016-05-26,111.42,2026-09-04,Yahoo Finance screener via yfinance
IOT,Samsara Inc.,NYQ,USD,38.75,22580015104.0,223082239.0,2021-12-15,47.47,2026-09-04,Yahoo Finance screener via yfinance
L,Loews Corporation,NYQ,USD,110.04,22495225856.0,86402968.0,1980-03-17,121.01,2026-09-04,Yahoo Finance screener via yfinance
RGLD,"Royal Gold, Inc.",NMS,USD,264.85,22440173568.0,198222480.0,1981-06-09,306.25,2026-09-04,Yahoo Finance screener via yfinance
FSLR,"First Solar, Inc.",NMS,USD,207.42,22291384320.0,450060538.0,2006-11-17,320.95,2026-09-04,Yahoo Finance screener via yfinance
CNH,CNH Industrial N.V.,NYQ,USD,13.84,22256916480.0,213158158.0,2013-09-30,13.89,2026-09-04,Yahoo Finance screener via yfinance
CDE,"Coeur Mining, Inc.",NYQ,USD,21.65,22254792704.0,841623745.0,1980-03-17,27.77,2026-09-04,Yahoo Finance screener via yfinance
EFX,Equifax Inc.,NYQ,USD,189.09,22215219200.0,301883320.0,1980-03-17,271.84,2026-09-04,Yahoo Finance screener via yfinance
FFIV,"F5, Inc.",NMS,USD,392.15,22206349312.0,237865641.0,1999-06-04,435.0,2026-09-04,Yahoo Finance screener via yfinance
BCE.TO,BCE Inc.,TOR,CAD,32.83,22200099270.0,99940977.0,1996-05-06,36.25,2026-09-04,Yahoo Finance screener via yfinance
LUN.TO,Lundin Mining Corporation,TOR,CAD,35.94,22187220560.0,64679855.0,1996-08-08,45.74,2026-09-04,Yahoo Finance screener via yfinance
STE,STERIS plc,NYQ,USD,226.83,22115950592.0,171852079.0,1992-06-01,269.44,2026-09-04,Yahoo Finance screener via yfinance
IFF,International Flavors & Fragrances Inc.,NYQ,USD,86.46,22060265472.0,154290464.0,1974-12-17,89.32,2026-09-04,Yahoo Finance screener via yfinance
STZ,"Constellation Brands, Inc.",NYQ,USD,129.09,22049132544.0,275493164.0,1992-03-17,168.6,2026-09-04,Yahoo Finance screener via yfinance
DOW,Dow Inc.,NYQ,USD,30.36,21930264576.0,320738402.0,2019-03-20,42.74,2026-09-04,Yahoo Finance screener via yfinance
PAAS,Pan American Silver Corp.,NYQ,USD,52.6,21808906240.0,252723380.0,1995-06-12,69.99,2026-09-04,Yahoo Finance screener via yfinance
FIS,"Fidelity National Information Services, Inc.",NYQ,USD,42.28,21804046336.0,256778955.0,2001-06-20,70.27,2026-09-04,Yahoo Finance screener via yfinance
BCH,Banco de Chile,NYQ,USD,42.92,21678264320.0,13430269.0,2002-08-02,46.77,2026-09-04,Yahoo Finance screener via yfinance
EIX,Edison International,NYQ,USD,56.3,21665026048.0,209617399.0,1973-05-03,81.62,2026-09-04,Yahoo Finance screener via yfinance
XPO,"XPO, Inc.",NYQ,USD,184.8,21637578752.0,213577426.0,2003-10-07,232.05,2026-09-04,Yahoo Finance screener via yfinance
GH,"Guardant Health, Inc.",NMS,USD,161.04,21610950656.0,413186448.0,2018-10-04,176.58,2026-09-04,Yahoo Finance screener via yfinance
CMS,CMS Energy Corporation,NYQ,USD,68.59,21508255744.0,245547056.0,1973-02-21,80.36,2026-09-04,Yahoo Finance screener via yfinance
AMCR,Amcor plc,NYQ,USD,45.89,21217044480.0,165044440.0,2012-05-15,50.94,2026-09-04,Yahoo Finance screener via yfinance
THC,Tenet Healthcare Corporation,NYQ,USD,263.49,21215950848.0,310023915.0,1980-03-17,283.05,2026-09-04,Yahoo Finance screener via yfinance
GMAB,Genmab A/S,NMS,USD,34.41,21149157376.0,75259969.0,2009-06-01,35.43,2026-09-04,Yahoo Finance screener via yfinance
UTHR,United Therapeutics Corporation,NMS,USD,490.24,21026732032.0,255065499.0,1999-06-17,609.35,2026-09-04,Yahoo Finance screener via yfinance
CW,Curtiss-Wright Corporation,NYQ,USD,568.72,21005355008.0,178563862.0,1980-03-17,808.16,2026-09-04,Yahoo Finance screener via yfinance
GIS,"General Mills, Inc.",NYQ,USD,39.26,20989552640.0,381955907.0,1980-03-17,51.33,2026-09-04,Yahoo Finance screener via yfinance
LYB,LyondellBasell Industries N.V.,NYQ,USD,64.76,20919939072.0,310108441.0,2010-04-28,83.94,2026-09-04,Yahoo Finance screener via yfinance
PKG,Packaging Corporation of America,NYQ,USD,234.57,20899788800.0,148500872.0,2000-01-28,259.98,2026-09-04,Yahoo Finance screener via yfinance
CF,"CF Industries Holdings, Inc.",NYQ,USD,137.81,20855906304.0,359356388.0,2005-08-11,141.96,2026-09-04,Yahoo Finance screener via yfinance
TPG,TPG Inc.,NMS,USD,53.225,20787947520.0,136435900.0,2022-01-13,70.38,2026-09-04,Yahoo Finance screener via yfinance
STLA,Stellantis N.V.,NYQ,USD,5.49,20682606592.0,111883208.0,2010-06-09,12.22,2026-09-04,Yahoo Finance screener via yfinance
YPF,YPF Sociedad Anónima,NYQ,USD,52.41,20548655104.0,69743035.0,1993-06-29,57.49,2026-09-04,Yahoo Finance screener via yfinance
RCI,Rogers Communications Inc.,NYQ,USD,38.0,20528560128.0,46511088.0,1996-01-11,41.14,2026-09-04,Yahoo Finance screener via yfinance
RL,Ralph Lauren Corporation,NYQ,USD,344.2,20508207104.0,222692925.0,1997-06-12,421.6,2026-09-04,Yahoo Finance screener via yfinance
FTAI,FTAI Aviation Ltd.,NMS,USD,199.39,20478767104.0,269628916.0,2015-05-14,323.51,2026-09-04,Yahoo Finance screener via yfinance
CHTR,"Charter Communications, Inc.",NMS,USD,151.38,20402616320.0,488624515.0,2010-01-05,285.82,2026-09-04,Yahoo Finance screener via yfinance
BR,"Broadridge Financial Solutions, Inc.",NYQ,USD,178.91,20399640576.0,238672739.0,2007-03-22,255.74,2026-09-04,Yahoo Finance screener via yfinance
LEN,Lennar Corporation,NYQ,USD,84.45,20343592960.0,220697745.0,1980-03-17,144.24,2026-09-04,Yahoo Finance screener via yfinance
RS,"Reliance, Inc.",NYQ,USD,398.24,20331966464.0,146648296.0,1994-09-16,433.02,2026-09-04,Yahoo Finance screener via yfinance
WES,"Western Midstream Partners, LP",NYQ,USD,49.19,20324057088.0,43064861.0,2012-12-10,50.07,2026-09-04,Yahoo Finance screener via yfinance
SBAC,SBA Communications Corporation,NMS,USD,191.52,20317995008.0,191520192.0,1999-06-16,224.46,2026-09-04,Yahoo Finance screener via yfinance
WWD,"Woodward, Inc.",NMS,USD,342.56,20226736128.0,249291874.0,1994-04-04,450.92,2026-09-04,Yahoo Finance screener via yfinance
NI,NiSource Inc.,NYQ,USD,41.66,19978473472.0,214253131.0,1973-02-21,49.21,2026-09-04,Yahoo Finance screener via yfinance
ENTG,"Entegris, Inc.",NMS,USD,130.7,19970959360.0,395251700.0,2000-07-11,186.94,2026-09-04,Yahoo Finance screener via yfinance
PR,Permian Resources Corporation,NYQ,USD,23.74,19883603968.0,238489262.0,2016-04-15,24.09,2026-09-04,Yahoo Finance screener via yfinance
SNA,Snap-on Incorporated,NYQ,USD,384.19,19873044480.0,131506316.0,1973-02-21,423.02,2026-09-04,Yahoo Finance screener via yfinance
SSNC,"SS&C Technologies Holdings, Inc.",NMS,USD,84.63,19858851840.0,158704523.0,2010-03-31,90.26,2026-09-04,Yahoo Finance screener via yfinance
MTSI,"MACOM Technology Solutions Holdings, Inc.",NMS,USD,259.95,19852623872.0,413582010.0,2012-03-15,418.9,2026-09-04,Yahoo Finance screener via yfinance
BEKE,KE Holdings Inc.,NYQ,USD,17.91,19747475456.0,71054594.0,2020-08-13,20.98,2026-09-04,Yahoo Finance screener via yfinance
TOST,"Toast, Inc.",NYQ,USD,33.93,19611539456.0,380815187.0,2021-09-22,42.15,2026-09-04,Yahoo Finance screener via yfinance
VTRS,Viatris Inc.,NMS,USD,16.94,19457130496.0,164930940.0,1980-03-17,18.39,2026-09-04,Yahoo Finance screener via yfinance
IP,International Paper Company,NYQ,USD,36.44,19297525760.0,192256711.0,1962-01-02,50.25,2026-09-04,Yahoo Finance screener via yfinance
CDW,CDW Corporation,NMS,USD,153.92,19242682368.0,297690207.0,2013-06-27,171.55,2026-09-04,Yahoo Finance screener via yfinance
ESS,"Essex Property Trust, Inc.",NYQ,USD,278.65,19208148992.0,132645759.0,1994-06-07,303.35,2026-09-04,Yahoo Finance screener via yfinance
PKX,POSCO Holdings Inc.,NYQ,USD,63.13,19095758848.0,23083232.0,1994-10-14,92.4,2026-09-04,Yahoo Finance screener via yfinance
VIV,Telefônica Brasil S.A.,NYQ,USD,11.89,18997880832.0,16062796.0,1998-11-16,17.26,2026-09-04,Yahoo Finance screener via yfinance
GPC,Genuine Parts Company,NYQ,USD,137.62,18972260352.0,228084645.0,1980-03-17,151.57,2026-09-04,Yahoo Finance screener via yfinance
LUV,Southwest Airlines Co.,NYQ,USD,38.73,18947033088.0,217793275.0,1980-01-02,55.11,2026-09-04,Yahoo Finance screener via yfinance
EVRG,"Evergy, Inc.",NMS,USD,81.93,18890369024.0,167092138.0,1973-02-21,88.62,2026-09-04,Yahoo Finance screener via yfinance
DINO,HF Sinclair Corporation,NYQ,USD,106.15,18871756800.0,280925232.0,1980-03-17,108.25,2026-09-04,Yahoo Finance screener via yfinance
ZBH,"Zimmer Biomet Holdings, Inc.",NYQ,USD,98.92,18867773440.0,218960508.0,2001-07-25,106.88,2026-09-04,Yahoo Finance screener via yfinance
WF,Woori Financial Group Inc.,NYQ,USD,77.36,18773614592.0,11809700.0,2003-10-01,84.71,2026-09-04,Yahoo Finance screener via yfinance
GEN,Gen Digital Inc.,NMS,USD,31.33,18753730560.0,176165739.0,1989-06-23,31.6457,2026-09-04,Yahoo Finance screener via yfinance
MTZ,"MasTec, Inc.",NYQ,USD,232.28,18653233152.0,323636421.0,1973-02-21,441.43,2026-09-04,Yahoo Finance screener via yfinance
OWL,Blue Owl Capital Inc.,NYQ,USD,11.84,18555133952.0,242469714.0,2020-12-14,19.289,2026-09-04,Yahoo Finance screener via yfinance
U,Unity Software Inc.,NYQ,USD,42.08,18518943744.0,395895162.0,2020-09-18,52.15,2026-09-04,Yahoo Finance screener via yfinance
BBY,"Best Buy Co., Inc.",NYQ,USD,87.49,18440015872.0,334907783.0,1985-04-18,91.27,2026-09-04,Yahoo Finance screener via yfinance
NTNX,"Nutanix, Inc.",NMS,USD,68.08,18403420160.0,220627060.0,2016-09-30,82.42,2026-09-04,Yahoo Finance screener via yfinance
OVV,Ovintiv Inc.,NYQ,USD,65.91,18230706176.0,216531355.0,2002-04-08,67.51,2026-09-04,Yahoo Finance screener via yfinance
TSN,"Tyson Foods, Inc.",NYQ,USD,51.76,18209245184.0,168425850.0,1980-03-17,69.48,2026-09-04,Yahoo Finance screener via yfinance
SBS,Companhia de Saneamento Básico do Estado de São Paulo - SABESP,NYQ,USD,5.13,18040700928.0,42120799.0,2002-05-10,7.158,2026-09-04,Yahoo Finance screener via yfinance
TSCO,Tractor Supply Company,NMS,USD,34.6,18027986944.0,393294221.0,1994-02-17,60.87,2026-09-04,Yahoo Finance screener via yfinance
PAA,"Plains All American Pipeline, L.P.",NMS,USD,25.525,18009583616.0,61744439.0,1998-11-18,25.97,2026-09-04,Yahoo Finance screener via yfinance
WSP.TO,WSP Global Inc.,TOR,CAD,184.07,17994909442.0,82037579.0,2014-01-07,291.46,2026-09-04,Yahoo Finance screener via yfinance
MGA,Magna International Inc.,NYQ,USD,67.09,17947906048.0,83458216.0,1984-10-05,73.22,2026-09-04,Yahoo Finance screener via yfinance
EWBC,"East West Bancorp, Inc.",NMS,USD,130.61,17895118848.0,112747907.0,1999-02-03,137.47,2026-09-04,Yahoo Finance screener via yfinance
TOU.TO,Tourmaline Oil Corp.,TOR,CAD,63.29,17834581980.0,118960086.0,2010-11-23,70.57,2026-09-04,Yahoo Finance screener via yfinance
LUG.TO,Lundin Gold Inc.,TOR,CAD,101.58,17811830385.0,44528611.0,1996-08-08,124.15166,2026-09-04,Yahoo Finance screener via yfinance
WIT,Wipro Limited,NYQ,USD,1.8,17806977024.0,18621929.0,2000-10-19,3.09,2026-09-04,Yahoo Finance screener via yfinance
ASND,Ascendis Pharma A/S,NMS,USD,271.12,17783527424.0,178507035.0,2015-01-28,282.15,2026-09-04,Yahoo Finance screener via yfinance
FLUT,Flutter Entertainment plc,NYQ,USD,102.34,17759991808.0,300840097.0,2002-10-04,297.225,2026-09-04,Yahoo Finance screener via yfinance
DD,"DuPont de Nemours, Inc.",NYQ,USD,131.13,17708185600.0,190346866.0,1972-06-01,157.98,2026-09-04,Yahoo Finance screener via yfinance
NDSN,Nordson Corporation,NMS,USD,317.49,17683992576.0,127938945.0,1980-03-18,339.12,2026-09-04,Yahoo Finance screener via yfinance
LNT,Alliant Energy Corporation,NMS,USD,68.0,17631358976.0,168828360.0,1973-02-21,78.81,2026-09-04,Yahoo Finance screener via yfinance
FTV,Fortive Corporation,NYQ,USD,57.57,17387122688.0,153943447.0,2016-07-05,64.56,2026-09-04,Yahoo Finance screener via yfinance
APG,APi Group Corporation,NYQ,USD,40.03,17299376128.0,114561777.0,2020-04-29,49.99,2026-09-04,Yahoo Finance screener via yfinance
J,Jacobs Solutions Inc.,NYQ,USD,147.54,17267875840.0,153903843.0,1980-03-17,168.44,2026-09-04,Yahoo Finance screener via yfinance
SITM,SiTime Corporation,NGM,USD,574.465,17208397824.0,299626582.0,2019-11-20,901.81,2026-09-04,Yahoo Finance screener via yfinance
NLY,"Annaly Capital Management, Inc.",NYQ,USD,22.83,17207300096.0,169100486.0,1997-10-08,24.52,2026-09-04,Yahoo Finance screener via yfinance
JHX,James Hardie Industries plc,NYQ,USD,29.63,17200881664.0,215017591.0,2001-10-22,31.36,2026-09-04,Yahoo Finance screener via yfinance
ROL,"Rollins, Inc.",NYQ,USD,35.71,17181702144.0,183463517.0,1980-03-17,66.14,2026-09-04,Yahoo Finance screener via yfinance
CHRW,"C.H. Robinson Worldwide, Inc.",NMS,USD,146.685,17140326400.0,255330179.0,1997-10-16,210.33,2026-09-04,Yahoo Finance screener via yfinance
FUTU,Futu Holdings Limited,NGM,USD,122.01,17105130496.0,199358240.0,2019-03-08,202.53,2026-09-04,Yahoo Finance screener via yfinance
NVR,"NVR, Inc.",NYQ,USD,6373.95,17070413824.0,201455064.0,1985-07-22,8618.28,2026-09-04,Yahoo Finance screener via yfinance
BEN,Franklin Templeton Inc.,NYQ,USD,33.55,17045979136.0,141990008.0,1983-09-23,36.28,2026-09-04,Yahoo Finance screener via yfinance
CG,The Carlyle Group Inc.,NMS,USD,47.75,17014891520.0,174198542.0,2012-05-03,69.85,2026-09-04,Yahoo Finance screener via yfinance
ZBRA,Zebra Technologies Corporation,NMS,USD,357.5,16913560576.0,283260835.0,1991-08-15,386.23,2026-09-04,Yahoo Finance screener via yfinance
INVH,Invitation Homes Inc.,NYQ,USD,28.45,16900495360.0,133774005.0,2017-02-01,30.893,2026-09-04,Yahoo Finance screener via yfinance
BSAC,Banco Santander-Chile,NYQ,USD,35.86,16894195712.0,11915453.0,1994-10-31,37.72,2026-09-04,Yahoo Finance screener via yfinance
GWRE,"Guidewire Software, Inc.",NYQ,USD,202.86,16889387008.0,314582711.0,2012-01-25,272.6,2026-09-04,Yahoo Finance screener via yfinance
MKSI,MKS Inc.,NMS,USD,249.65,16880722944.0,358354351.0,1999-03-30,447.62,2026-09-04,Yahoo Finance screener via yfinance
CLH,"Clean Harbors, Inc.",NYQ,USD,318.65,16820656128.0,149901245.0,1987-11-24,335.94,2026-09-04,Yahoo Finance screener via yfinance
RGA,"Reinsurance Group of America, Incorporated",NYQ,USD,255.91,16711349248.0,91638300.0,2008-09-12,257.8084,2026-09-04,Yahoo Finance screener via yfinance
JLL,Jones Lang LaSalle Incorporated,NYQ,USD,362.3,16668591104.0,131461280.0,1997-07-17,393.84,2026-09-04,Yahoo Finance screener via yfinance
BALL,Ball Corporation,NYQ,USD,62.93,16657782784.0,144175839.0,1973-02-21,68.29,2026-09-04,Yahoo Finance screener via yfinance
NWSA,News Corporation,NMS,USD,30.945,16610620416.0,147784408.0,2013-06-19,31.66,2026-09-04,Yahoo Finance screener via yfinance
LDOS,"Leidos Holdings, Inc.",NYQ,USD,132.36,16610148352.0,214141141.0,2006-10-17,205.77,2026-09-04,Yahoo Finance screener via yfinance
WY,Weyerhaeuser Company,NYQ,USD,23.04,16605758464.0,124468946.0,1973-05-03,27.75,2026-09-04,Yahoo Finance screener via yfinance
MEDP,"Medpace Holdings, Inc.",NMS,USD,593.39,16562497536.0,179404346.0,2016-08-11,677.9,2026-09-04,Yahoo Finance screener via yfinance
RYAN,"Ryan Specialty Holdings, Inc.",NYQ,USD,42.34,16512857088.0,93861471.0,2021-07-22,59.185,2026-09-04,Yahoo Finance screener via yfinance
WCC,"WESCO International, Inc.",NYQ,USD,338.37,16489736192.0,214359764.0,1999-05-12,385.37,2026-09-04,Yahoo Finance screener via yfinance
IEX,IDEX Corporation,NYQ,USD,223.1,16446909440.0,151274294.0,1989-06-02,243.8,2026-09-04,Yahoo Finance screener via yfinance
IREN,IREN Limited,NMS,USD,41.65,16412544000.0,1858245113.0,2021-11-17,76.87,2026-09-04,Yahoo Finance screener via yfinance
PTC,PTC Inc.,NMS,USD,150.08,16284620800.0,253234486.0,1989-12-08,215.49,2026-09-04,Yahoo Finance screener via yfinance
TRU,TransUnion,NYQ,USD,84.92,16270671872.0,200233123.0,2015-06-25,95.505,2026-09-04,Yahoo Finance screener via yfinance
BURL,"Burlington Stores, Inc.",NYQ,USD,258.56,16241497088.0,236141814.0,2013-10-02,378.33,2026-09-04,Yahoo Finance screener via yfinance
LSCC,Lattice Semiconductor Corporation,NMS,USD,113.63,16138899456.0,207119992.0,1989-11-09,157.01,2026-09-04,Yahoo Finance screener via yfinance
NBIX,"Neurocrine Biosciences, Inc.",NMS,USD,158.35,16096148480.0,196045693.0,1996-05-23,186.12,2026-09-04,Yahoo Finance screener via yfinance
TIGO,Millicom International Cellular S.A.,NMS,USD,95.91,16085066752.0,138354875.0,2019-01-09,107.13,2026-09-04,Yahoo Finance screener via yfinance
JAZZ,Jazz Pharmaceuticals plc,NMS,USD,247.565,16070577152.0,226438793.0,2007-06-01,266.38,2026-09-04,Yahoo Finance screener via yfinance
KIM,Kimco Realty Corporation,NYQ,USD,23.92,16045282304.0,117976526.0,1991-11-22,26.65,2026-09-04,Yahoo Finance screener via yfinance
WPC,W. P. Carey Inc.,NYQ,USD,70.27,16008014848.0,101000266.0,1998-01-21,77.22,2026-09-04,Yahoo Finance screener via yfinance
WCP.TO,Whitecap Resources Inc.,TOR,CAD,18.12,15976410781.0,70481208.0,2002-01-17,18.44,2026-09-04,Yahoo Finance screener via yfinance
ZTO,ZTO Express (Cayman) Inc.,NYQ,USD,20.91,15848073216.0,34818391.0,2016-10-27,26.2,2026-09-04,Yahoo Finance screener via yfinance
IONQ,"IonQ, Inc.",NYQ,USD,39.02,15808393216.0,849205488.0,2021-01-04,84.64,2026-09-04,Yahoo Finance screener via yfinance
AGI,Alamos Gold Inc.,NYQ,USD,37.69,15777202176.0,184911851.0,2003-05-02,55.41,2026-09-04,Yahoo Finance screener via yfinance
GFL,GFL Environmental Inc.,NYQ,USD,43.48,15691511808.0,119458387.0,2020-03-03,48.57,2026-09-04,Yahoo Finance screener via yfinance
CX,"CEMEX, S.A.B. de C.V.",NYQ,USD,10.87,15684892672.0,63877762.0,1999-09-15,13.67,2026-09-04,Yahoo Finance screener via yfinance
ALB,Albemarle Corporation,NYQ,USD,132.16,15595548672.0,303954916.0,1994-02-22,221.0,2026-09-04,Yahoo Finance screener via yfinance
H,Hyatt Hotels Corporation,NYQ,USD,165.39,15585813504.0,137975119.0,2009-11-05,206.86,2026-09-04,Yahoo Finance screener via yfinance
PFGC,Performance Food Group Company,NYQ,USD,99.15,15573735424.0,162692459.0,2015-09-30,117.475,2026-09-04,Yahoo Finance screener via yfinance
EDV.TO,Endeavour Mining plc,TOR,CAD,89.03,15560476868.0,28025237.0,1996-08-08,98.71,2026-09-04,Yahoo Finance screener via yfinance
RBC,RBC Bearings Incorporated,NYQ,USD,490.78,15537723392.0,126110338.0,2005-08-10,667.69,2026-09-04,Yahoo Finance screener via yfinance
TYL,"Tyler Technologies, Inc.",NYQ,USD,379.27,15531967488.0,349992632.0,1980-03-17,566.58,2026-09-04,Yahoo Finance screener via yfinance
GIB,CGI Inc.,NYQ,USD,74.84,15497523200.0,35024222.0,1998-10-07,97.5,2026-09-04,Yahoo Finance screener via yfinance
CRBG,"Corebridge Financial, Inc.",NYQ,USD,34.75,15490458624.0,156345984.0,2022-09-16,34.81,2026-09-04,Yahoo Finance screener via yfinance
APA,APA Corporation,NMS,USD,44.18,15478530048.0,244356046.0,1979-05-15,45.66,2026-09-04,Yahoo Finance screener via yfinance
WMG,Warner Music Group Corp.,NMS,USD,29.55,15457893376.0,60314150.0,2020-06-03,35.42,2026-09-04,Yahoo Finance screener via yfinance
EMA.TO,Emera Incorporated,TOR,CAD,69.31,15437236585.0,56082628.0,1995-01-12,77.99,2026-09-04,Yahoo Finance screener via yfinance
ONTO,Onto Innovation Inc.,NYQ,USD,252.46,15431223296.0,310865611.0,2019-10-28,386.46,2026-09-04,Yahoo Finance screener via yfinance
RBA,"RB Global, Inc.",NYQ,USD,83.27,15421603840.0,127329489.0,1998-03-10,119.58,2026-09-04,Yahoo Finance screener via yfinance
KEP,Korea Electric Power Corporation,NYQ,USD,12.0,15407138816.0,13706400.0,1994-10-27,23.41,2026-09-04,Yahoo Finance screener via yfinance
LAMR,Lamar Advertising Company,NMS,USD,151.55,15389854720.0,95592436.0,1996-08-02,166.33,2026-09-04,Yahoo Finance screener via yfinance
PNFP,"Pinnacle Financial Partners, Inc.",NYQ,USD,101.37,15318288384.0,124925550.0,2000-08-22,110.33,2026-09-04,Yahoo Finance screener via yfinance
DT,"Dynatrace, Inc.",NYQ,USD,52.76,15312474112.0,309726314.0,2019-08-01,54.835,2026-09-04,Yahoo Finance screener via yfinance
AKAM,"Akamai Technologies, Inc.",NMS,USD,106.5,15305819136.0,388858338.0,1999-10-29,165.45,2026-09-04,Yahoo Finance screener via yfinance
T.TO,TELUS Corporation,TOR,CAD,13.4,15304124902.0,90527298.0,1995-01-12,22.97,2026-09-04,Yahoo Finance screener via yfinance
EQX.TO,Equinox Gold Corp.,TOR,CAD,18.07,15297597927.0,58939629.0,2014-07-02,25.87,2026-09-04,Yahoo Finance screener via yfinance
MAA,"Mid-America Apartment Communities, Inc.",NYQ,USD,128.56,15293984768.0,129909366.0,1994-01-28,146.41,2026-09-04,Yahoo Finance screener via yfinance
UNM,Unum Group,NYQ,USD,96.57,15287687168.0,144517874.0,1986-11-06,96.57,2026-09-04,Yahoo Finance screener via yfinance
HST,"Host Hotels & Resorts, Inc.",NMS,USD,21.99,15277034496.0,212935085.0,1980-03-17,25.71,2026-09-04,Yahoo Finance screener via yfinance
SUI,"Sun Communities, Inc.",NYQ,USD,119.85,15143370752.0,208321712.0,1993-12-09,137.85,2026-09-04,Yahoo Finance screener via yfinance
BEP,Brookfield Renewable Partners L.P.,NYQ,USD,31.1,15129231360.0,27319764.0,2005-11-15,38.12,2026-09-04,Yahoo Finance screener via yfinance
ARMK,Aramark,NYQ,USD,57.28,15100441600.0,144835000.0,2013-12-12,62.65,2026-09-04,Yahoo Finance screener via yfinance
OHI,"Omega Healthcare Investors, Inc.",NYQ,USD,47.04,15019744256.0,95473560.0,1992-08-07,52.39,2026-09-04,Yahoo Finance screener via yfinance
LECO,"Lincoln Electric Holdings, Inc.",NMS,USD,273.83,14925309952.0,115118406.0,1994-04-07,310.0,2026-09-04,Yahoo Finance screener via yfinance
DOC,"Healthpeak Properties, Inc.",NYQ,USD,21.03,14909161472.0,126628843.0,1985-05-23,22.95,2026-09-04,Yahoo Finance screener via yfinance
YUMC,"Yum China Holdings, Inc.",NYQ,USD,43.69,14867343360.0,73625208.0,2016-10-17,58.39,2026-09-04,Yahoo Finance screener via yfinance
EG,"Everest Group, Ltd.",NYQ,USD,386.25,14809881600.0,146345104.0,1995-10-03,401.07,2026-09-04,Yahoo Finance screener via yfinance
BBIO,"BridgeBio Pharma, Inc.",NMS,USD,75.41,14742127616.0,229636798.0,2019-06-27,93.415,2026-09-04,Yahoo Finance screener via yfinance
BWXT,"BWX Technologies, Inc.",NYQ,USD,160.25,14682423296.0,161312778.0,2010-08-02,241.82,2026-09-04,Yahoo Finance screener via yfinance
EXEL,"Exelixis, Inc.",NMS,USD,59.13,14651331584.0,151189734.0,2000-04-17,59.72,2026-09-04,Yahoo Finance screener via yfinance
TLN,Talen Energy Corporation,NMS,USD,305.52,14638764032.0,262529670.0,2023-06-02,451.28,2026-09-04,Yahoo Finance screener via yfinance
SGI,Somnigroup International Inc.,NYQ,USD,69.52,14624608256.0,210501694.0,2003-12-18,98.56,2026-09-04,Yahoo Finance screener via yfinance
EQH,"Equitable Holdings, Inc.",NYQ,USD,53.54,14603880448.0,167546684.0,2018-05-10,55.15,2026-09-04,Yahoo Finance screener via yfinance
TLK,Perusahaan Perseroan (Persero) PT Telekomunikasi Indonesia Tbk,NYQ,USD,14.81,14599837696.0,13371149.0,1995-11-14,23.52,2026-09-04,Yahoo Finance screener via yfinance
RVTY,"Revvity, Inc.",NYQ,USD,130.63,14576532480.0,197116751.0,1973-02-21,133.0,2026-09-04,Yahoo Finance screener via yfinance
SWK,"Stanley Black & Decker, Inc.",NYQ,USD,96.5,14573106176.0,171705345.0,1980-03-17,104.68,2026-09-04,Yahoo Finance screener via yfinance
IGM.TO,IGM Financial Inc.,TOR,CAD,87.0,14566159385.0,27901964.0,1995-01-12,92.01,2026-09-04,Yahoo Finance screener via yfinance
LOGI,Logitech International S.A.,NMS,USD,101.71,14563685376.0,102351180.0,1997-03-27,129.66,2026-09-04,Yahoo Finance screener via yfinance
IVZ,Invesco Ltd.,NYQ,USD,32.71,14441457664.0,160201150.0,1995-08-25,33.66,2026-09-04,Yahoo Finance screener via yfinance
PAG,"Penske Automotive Group, Inc.",NYQ,USD,219.62,14420879360.0,84201210.0,1996-10-23,227.0,2026-09-04,Yahoo Finance screener via yfinance
ARCC,Ares Capital Corporation,NMS,USD,20.01,14367637504.0,92712993.0,2004-10-05,22.51,2026-09-04,Yahoo Finance screener via yfinance
SKM,"SK Telecom Co., Ltd.",NYQ,USD,37.28,14311420928.0,91957905.0,1996-06-27,47.18,2026-09-04,Yahoo Finance screener via yfinance
HTHT,H World Group Limited,NMS,USD,46.34,14250653696.0,79918844.0,2010-03-26,56.64,2026-09-04,Yahoo Finance screener via yfinance
HL,Hecla Mining Company,NYQ,USD,21.21,14248208384.0,773998077.0,1980-03-17,34.17,2026-09-04,Yahoo Finance screener via yfinance
REG,Regency Centers Corporation,NMS,USD,75.92,14193906688.0,106193631.0,1993-10-29,83.66,2026-09-04,Yahoo Finance screener via yfinance
AIZ,"Assurant, Inc.",NYQ,USD,287.71,14190941184.0,108817676.0,2004-02-05,303.94,2026-09-04,Yahoo Finance screener via yfinance
FN,Fabrinet,NYQ,USD,395.0,14154771456.0,389869740.0,2010-06-25,748.89,2026-09-04,Yahoo Finance screener via yfinance
MKC,"McCormick & Company, Incorporated",NYQ,USD,52.58,14136215552.0,195961454.0,1973-02-21,72.41,2026-09-04,Yahoo Finance screener via yfinance
CRL,"Charles River Laboratories International, Inc.",NYQ,USD,293.35,14130002944.0,261481629.0,2000-06-23,303.31,2026-09-04,Yahoo Finance screener via yfinance
MAS,Masco Corporation,NYQ,USD,71.42,14083125248.0,169312180.0,1980-03-17,83.64,2026-09-04,Yahoo Finance screener via yfinance
STRL,"Sterling Infrastructure, Inc.",NMS,USD,460.03,14071635968.0,358280105.0,1991-07-12,1005.68,2026-09-04,Yahoo Finance screener via yfinance
RNR,RenaissanceRe Holdings Ltd.,NYQ,USD,337.97,14043292672.0,109262659.0,1995-07-27,340.2436,2026-09-04,Yahoo Finance screener via yfinance
CHKP,Check Point Software Technologies Ltd.,NMS,USD,137.41,14029647872.0,162432911.0,1996-06-28,210.66,2026-09-04,Yahoo Finance screener via yfinance
TRMB,Trimble Inc.,NMS,USD,60.1,14014107648.0,200408438.0,1990-07-20,84.42,2026-09-04,Yahoo Finance screener via yfinance
GRAB,Grab Holdings Limited,NMS,USD,3.42,13992252416.0,155987633.0,2020-12-01,6.62,2026-09-04,Yahoo Finance screener via yfinance
QXO,"QXO, Inc.",NYQ,USD,13.46,13964624896.0,294310182.0,2012-04-17,27.61,2026-09-04,Yahoo Finance screener via yfinance
SUN,Sunoco LP,NYQ,USD,73.99,13940741120.0,32161973.0,2012-09-20,78.11,2026-09-04,Yahoo Finance screener via yfinance
MLI,"Mueller Industries, Inc.",NYQ,USD,62.96,13925579776.0,91262094.0,1991-02-25,71.12,2026-09-04,Yahoo Finance screener via yfinance
CACI,CACI International Inc,NYQ,USD,630.0,13922710528.0,180300330.0,1980-03-17,683.5,2026-09-04,Yahoo Finance screener via yfinance
LULU,lululemon athletica inc.,NMS,USD,121.77,13827460096.0,423359098.0,2007-07-27,225.98,2026-09-04,Yahoo Finance screener via yfinance
ARX.TO,ARC Resources Ltd.,TOR,CAD,33.67,13816115623.0,106757905.0,1996-08-13,34.4,2026-09-04,Yahoo Finance screener via yfinance
COO,"The Cooper Companies, Inc.",NMS,USD,70.64,13776963584.0,175584903.0,1983-01-21,89.83,2026-09-04,Yahoo Finance screener via yfinance
SJM,The J. M. Smucker Company,NYQ,USD,128.51,13727846400.0,197434668.0,1994-10-31,135.89,2026-09-04,Yahoo Finance screener via yfinance
CSL,Carlisle Companies Incorporated,NYQ,USD,345.04,13702964224.0,185819567.0,1973-02-21,432.91,2026-09-04,Yahoo Finance screener via yfinance
SMMT,Summit Therapeutics Inc.,NGM,USD,17.13,13665451008.0,88565063.0,2015-03-05,29.23,2026-09-04,Yahoo Finance screener via yfinance
AEG,Aegon Ltd.,NYQ,USD,9.2,13661030400.0,46743222.0,1985-06-28,9.61,2026-09-04,Yahoo Finance screener via yfinance
TXT,Textron Inc.,NYQ,USD,79.37,13650601984.0,127216855.0,1973-02-21,101.57,2026-09-04,Yahoo Finance screener via yfinance
MRU.TO,Metro Inc.,TOR,CAD,89.69,13610307247.0,35669569.0,1995-01-12,101.3,2026-09-04,Yahoo Finance screener via yfinance
GL,Globe Life Inc.,NYQ,USD,176.52,13565464576.0,110711226.0,1980-10-01,191.55,2026-09-04,Yahoo Finance screener via yfinance
ERIE,Erie Indemnity Company,NMS,USD,258.37,13510132736.0,74492980.0,1995-10-02,341.71,2026-09-04,Yahoo Finance screener via yfinance
AA,Alcoa Corporation,NYQ,USD,51.05,13472576512.0,290380364.0,1962-01-02,84.38,2026-09-04,Yahoo Finance screener via yfinance
AMH,American Homes 4 Rent,NYQ,USD,32.71,13409529856.0,71577265.0,2013-08-01,35.07,2026-09-04,Yahoo Finance screener via yfinance
BWA,BorgWarner Inc.,NYQ,USD,65.73,13386989568.0,162117458.0,1993-08-13,78.82,2026-09-04,Yahoo Finance screener via yfinance
SEIC,SEI Investments Company,NMS,USD,111.46,13377338368.0,77129763.0,1981-03-25,112.15,2026-09-04,Yahoo Finance screener via yfinance
TME,Tencent Music Entertainment Group,NYQ,USD,8.2,13364073472.0,78256118.0,2018-12-12,26.7,2026-09-04,Yahoo Finance screener via yfinance
UDR,"UDR, Inc.",NYQ,USD,36.37,13361036288.0,123814900.0,1980-03-17,42.0,2026-09-04,Yahoo Finance screener via yfinance
LII,Lennox International Inc.,NYQ,USD,386.08,13343184896.0,187975403.0,1999-07-29,587.27,2026-09-04,Yahoo Finance screener via yfinance
CNA,CNA Financial Corporation,NYQ,USD,49.16,13302742016.0,24632306.0,1973-02-21,55.71,2026-09-04,Yahoo Finance screener via yfinance
W,Wayfair Inc.,NYQ,USD,96.98,13283163136.0,319844501.0,2014-10-02,119.98,2026-09-04,Yahoo Finance screener via yfinance
FIVE,"Five Below, Inc.",NMS,USD,239.96,13268673536.0,276669081.0,2012-07-19,263.88,2026-09-04,Yahoo Finance screener via yfinance
ALLY,Ally Financial Inc.,NYQ,USD,43.59,13260063744.0,137054675.0,2014-01-28,47.29,2026-09-04,Yahoo Finance screener via yfinance
ALLE,Allegion plc,NYQ,USD,155.56,13228321792.0,209969910.0,2013-11-18,183.11,2026-09-04,Yahoo Finance screener via yfinance
BAX,Baxter International Inc.,NYQ,USD,25.57,13219587072.0,168680074.0,1981-10-27,30.0,2026-09-04,Yahoo Finance screener via yfinance
UHAL,U-Haul Holding Company,NYQ,USD,67.61,13217363968.0,13774456.0,1994-11-04,76.45,2026-09-04,Yahoo Finance screener via yfinance
RPM,RPM International Inc.,NYQ,USD,103.43,13202115584.0,116303001.0,1980-03-17,128.51,2026-09-04,Yahoo Finance screener via yfinance
COKE,"Coca-Cola Consolidated, Inc.",NMS,USD,197.4,13139791872.0,102060538.0,1973-02-21,219.65,2026-09-04,Yahoo Finance screener via yfinance
GDDY,GoDaddy Inc.,NYQ,USD,103.63,13124501504.0,225940447.0,2015-03-31,150.47,2026-09-04,Yahoo Finance screener via yfinance
HAS,"Hasbro, Inc.",NMS,USD,93.0,13117134848.0,183188796.0,1980-03-17,106.98,2026-09-04,Yahoo Finance screener via yfinance
DTM,"DT Midstream, Inc.",NYQ,USD,128.58,13117126656.0,109734672.0,2021-07-01,152.88,2026-09-04,Yahoo Finance screener via yfinance
AVY,Avery Dennison Corporation,NYQ,USD,173.03,13113622528.0,153657042.0,1973-02-21,199.54,2026-09-04,Yahoo Finance screener via yfinance
IAG.TO,iA Financial Corporation Inc.,TOR,CAD,204.44,13102888754.0,43641708.0,2000-02-10,223.72,2026-09-04,Yahoo Finance screener via yfinance
EMBJ,Embraer S.A.,NYQ,USD,73.61,13099505664.0,88377417.0,2000-07-21,80.75,2026-09-04,Yahoo Finance screener via yfinance
TOL,"Toll Brothers, Inc.",NYQ,USD,141.8,13066444800.0,141901954.0,1986-07-08,168.36,2026-09-04,Yahoo Finance screener via yfinance
HUBS,"HubSpot, Inc.",NYQ,USD,255.12,13059773440.0,449130341.0,2014-10-09,525.51,2026-09-04,Yahoo Finance screener via yfinance
WSO,"Watsco, Inc.",NYQ,USD,315.38,13010116608.0,143910732.0,1984-06-07,459.0,2026-09-04,Yahoo Finance screener via yfinance
HMY,Harmony Gold Mining Company Limited,NYQ,USD,20.76,12974531584.0,77550309.0,1994-05-17,26.06,2026-09-04,Yahoo Finance screener via yfinance
MANH,"Manhattan Associates, Inc.",NMS,USD,222.35,12964111360.0,175014353.0,1998-04-23,227.03,2026-09-04,Yahoo Finance screener via yfinance
DOCN,"DigitalOcean Holdings, Inc.",NYQ,USD,109.4,12863203328.0,353495687.0,2021-03-24,187.5,2026-09-04,Yahoo Finance screener via yfinance
BMRN,BioMarin Pharmaceutical Inc.,NMS,USD,66.43,12859105280.0,131907726.0,1999-07-26,70.98,2026-09-04,Yahoo Finance screener via yfinance
CSGP,"CoStar Group, Inc.",NMS,USD,31.68,12836660224.0,232715166.0,1998-07-01,91.89,2026-09-04,Yahoo Finance screener via yfinance
NXT,Nextpower Inc.,NMS,USD,83.5,12828802048.0,251489141.0,2023-02-09,163.13,2026-09-04,Yahoo Finance screener via yfinance
GLPI,"Gaming and Leisure Properties, Inc.",NMS,USD,42.36,12686871552.0,125075821.0,2013-10-14,49.95,2026-09-04,Yahoo Finance screener via yfinance
FNF,"Fidelity National Financial, Inc.",NYQ,USD,47.28,12680157184.0,76540363.0,2005-10-14,59.209255,2026-09-04,Yahoo Finance screener via yfinance
AUR,"Aurora Innovation, Inc.",NMS,USD,6.32,12666261504.0,178071246.0,2021-05-10,8.565,2026-09-04,Yahoo Finance screener via yfinance
PEN,"Penumbra, Inc.",NYQ,USD,321.14,12649520128.0,113896476.0,2015-09-18,362.41,2026-09-04,Yahoo Finance screener via yfinance
AGNC,AGNC Investment Corp.,NMS,USD,10.66,12637232128.0,181220522.0,2008-05-15,12.19,2026-09-04,Yahoo Finance screener via yfinance
SMTC,Semtech Corporation,NMS,USD,135.4,12636289024.0,453220223.0,1980-03-17,177.35,2026-09-04,Yahoo Finance screener via yfinance
ICLR,ICON Public Limited Company,NMS,USD,163.58,12620884992.0,133634718.0,1998-05-15,203.91,2026-09-04,Yahoo Finance screener via yfinance
GGG,Graco Inc.,NYQ,USD,77.88,12612963328.0,136985468.0,1980-03-17,95.69,2026-09-04,Yahoo Finance screener via yfinance
DOCU,"DocuSign, Inc.",NMS,USD,65.97,12596616192.0,240698208.0,2018-04-27,86.65,2026-09-04,Yahoo Finance screener via yfinance
CCK,"Crown Holdings, Inc.",NYQ,USD,115.59,12571627520.0,119717025.0,1980-03-17,122.91,2026-09-04,Yahoo Finance screener via yfinance
HALO,"Halozyme Therapeutics, Inc.",NMS,USD,110.76,12571038720.0,218519179.0,2004-03-16,111.15,2026-09-04,Yahoo Finance screener via yfinance
IESC,"IES Holdings, Inc.",NGM,USD,315.09,12555930624.0,146302274.0,1998-01-28,408.255,2026-09-04,Yahoo Finance screener via yfinance
ELS,"Equity LifeStyle Properties, Inc.",NYQ,USD,62.61,12553988096.0,94899793.0,1993-02-25,69.0,2026-09-04,Yahoo Finance screener via yfinance
MDGL,"Madrigal Pharmaceuticals, Inc.",NMS,USD,542.61,12536529920.0,191610241.0,2007-02-06,615.0,2026-09-04,Yahoo Finance screener via yfinance
DKS,"DICK'S Sporting Goods, Inc.",NYQ,USD,139.77,12509769728.0,340683924.0,2002-10-16,244.38,2026-09-04,Yahoo Finance screener via yfinance
SF,Stifel Financial Corp.,NYQ,USD,82.28,12424422400.0,100592319.0,1983-07-19,89.82667,2026-09-04,Yahoo Finance screener via yfinance
TXRH,"Texas Roadhouse, Inc.",NMS,USD,189.06,12410074112.0,178266376.0,2004-10-05,216.3,2026-09-04,Yahoo Finance screener via yfinance
PAC,"Grupo Aeroportuario del Pacífico, S.A.B. de C.V.",NYQ,USD,208.29,12393633792.0,26397633.0,2006-02-27,300.41,2026-09-04,Yahoo Finance screener via yfinance
PSKY,Paramount Skydance Corporation,NMS,USD,11.04,12386280448.0,115675089.0,2005-12-05,20.86,2026-09-04,Yahoo Finance screener via yfinance
IT,"Gartner, Inc.",NYQ,USD,195.46,12343099392.0,277016271.0,1993-10-05,265.85,2026-09-04,Yahoo Finance screener via yfinance
BXP,"BXP, Inc.",NYQ,USD,68.23,12341267456.0,97133866.0,1997-06-18,79.33,2026-09-04,Yahoo Finance screener via yfinance
HBM,Hudbay Minerals Inc.,NYQ,USD,27.69,12298369024.0,140127820.0,2009-02-13,32.15,2026-09-04,Yahoo Finance screener via yfinance
CPT,Camden Property Trust,NYQ,USD,105.6,12221360128.0,108639379.0,1993-07-22,119.81,2026-09-04,Yahoo Finance screener via yfinance
ARWR,"Arrowhead Pharmaceuticals, Inc.",NMS,USD,86.49,12217098240.0,174431562.0,1993-12-16,95.49,2026-09-04,Yahoo Finance screener via yfinance
AR,Antero Resources Corporation,NYQ,USD,39.69,12202253312.0,176721352.0,2013-10-10,45.75,2026-09-04,Yahoo Finance screener via yfinance
ELAN,Elanco Animal Health Incorporated,NYQ,USD,24.42,12196558848.0,146488205.0,2018-09-20,27.98,2026-09-04,Yahoo Finance screener via yfinance
CORT,Corcept Therapeutics Incorporated,NCM,USD,112.8,12193500160.0,122617774.0,2004-04-14,126.38,2026-09-04,Yahoo Finance screener via yfinance
TTMI,"TTM Technologies, Inc.",NMS,USD,115.39,12156205056.0,327046992.0,2000-09-25,223.83,2026-09-04,Yahoo Finance screener via yfinance
EHC,Encompass Health Corporation,NYQ,USD,122.59,12093918208.0,123443717.0,1986-09-24,127.99,2026-09-04,Yahoo Finance screener via yfinance
RTO,Rentokil Initial plc,NYQ,USD,24.02,12088016896.0,29319725.0,1996-11-18,34.67,2026-09-04,Yahoo Finance screener via yfinance
IVN.TO,Ivanhoe Mines Ltd.,TOR,CAD,11.66,12060208538.0,32810288.0,2012-10-17,20.34,2026-09-04,Yahoo Finance screener via yfinance
DKNG,DraftKings Inc.,NMS,USD,24.19,12009224192.0,298115552.0,2019-07-25,48.78,2026-09-04,Yahoo Finance screener via yfinance
SNN,Smith & Nephew plc,NYQ,USD,28.69,12007011328.0,46223033.0,1999-11-16,38.79,2026-09-04,Yahoo Finance screener via yfinance
AFG,"American Financial Group, Inc.",NYQ,USD,144.34,11968883712.0,64499917.0,1980-03-17,150.02,2026-09-04,Yahoo Finance screener via yfinance
FMS,Fresenius Medical Care AG,NYQ,USD,22.47,11958968320.0,15007960.0,1996-09-17,27.64,2026-09-04,Yahoo Finance screener via yfinance
IAG,IAMGOLD Corporation,NYQ,USD,20.94,11956740096.0,119694317.0,2003-07-15,24.87,2026-09-04,Yahoo Finance screener via yfinance
HRL,Hormel Foods Corporation,NYQ,USD,21.68,11931604992.0,95613331.0,1980-03-17,26.6,2026-09-04,Yahoo Finance screener via yfinance
PNW,Pinnacle West Capital Corporation,NYQ,USD,98.0,11877328896.0,117543356.0,1973-02-21,111.16,2026-09-04,Yahoo Finance screener via yfinance
WTRG,"Essential Utilities, Inc.",NYQ,USD,41.87,11875713024.0,86940250.0,1980-03-17,42.37,2026-09-04,Yahoo Finance screener via yfinance
WTS,"Watts Water Technologies, Inc.",NYQ,USD,355.53,11868676096.0,115872560.0,1986-08-21,394.54,2026-09-04,Yahoo Finance screener via yfinance
AIT,"Applied Industrial Technologies, Inc.",NYQ,USD,322.46,11833912320.0,93238019.0,1980-03-17,374.8,2026-09-04,Yahoo Finance screener via yfinance
FHN,First Horizon Corporation,NYQ,USD,24.96,11825477632.0,127319912.0,1980-03-17,26.56,2026-09-04,Yahoo Finance screener via yfinance
ALA.TO,AltaGas Ltd.,TOR,CAD,52.22,11814691054.0,33550320.0,2004-05-17,57.52,2026-09-04,Yahoo Finance screener via yfinance
PINS,"Pinterest, Inc.",NYQ,USD,20.85,11807627264.0,279469730.0,2019-04-18,38.57,2026-09-04,Yahoo Finance screener via yfinance
JKHY,"Jack Henry & Associates, Inc.",NMS,USD,168.37,11804859392.0,214242406.0,1985-11-20,193.39,2026-09-04,Yahoo Finance screener via yfinance
LI,Li Auto Inc.,NMS,USD,12.06,11789180928.0,41981234.0,2020-07-30,27.1,2026-09-04,Yahoo Finance screener via yfinance
BJ,"BJ's Wholesale Club Holdings, Inc.",NYQ,USD,93.19,11771266048.0,177015989.0,2018-06-28,105.78,2026-09-04,Yahoo Finance screener via yfinance
CR,Crane Company,NYQ,USD,202.93,11729425408.0,94954397.0,2023-03-29,230.5,2026-09-04,Yahoo Finance screener via yfinance
AMKR,"Amkor Technology, Inc.",NMS,USD,46.94,11662359552.0,263911325.0,1998-05-01,96.68,2026-09-04,Yahoo Finance screener via yfinance
SAP.TO,Saputo Inc.,TOR,CAD,40.3,11599912727.0,24896875.0,1997-10-24,45.09,2026-09-04,Yahoo Finance screener via yfinance
DVA,DaVita Inc.,NYQ,USD,181.66,11589908480.0,151415790.0,1995-10-31,247.49,2026-09-04,Yahoo Finance screener via yfinance
TIH.TO,Toromont Industries Ltd.,TOR,CAD,195.08,11537927253.0,44587006.0,1996-08-13,243.5,2026-09-04,Yahoo Finance screener via yfinance
DECK,Deckers Outdoor Corporation,NYQ,USD,84.5,11507366912.0,197997780.0,1993-10-15,124.88,2026-09-04,Yahoo Finance screener via yfinance
DPZ,"Domino's Pizza, Inc.",NMS,USD,347.03,11480354816.0,327563699.0,2004-07-13,467.22,2026-09-04,Yahoo Finance screener via yfinance
HII,"Huntington Ingalls Industries, Inc.",NYQ,USD,290.73,11456099328.0,141764309.0,2011-03-22,460.0,2026-09-04,Yahoo Finance screener via yfinance
EGO,Eldorado Gold Corporation,NYQ,USD,43.79,11420884992.0,122958466.0,2003-01-23,51.16,2026-09-04,Yahoo Finance screener via yfinance
EVR,Evercore Inc.,NYQ,USD,296.91,11418498048.0,141091038.0,2006-08-14,388.71,2026-09-04,Yahoo Finance screener via yfinance
GMIN.TO,G Mining Ventures Corp.,TOR,CAD,53.13,11415731732.0,39069567.0,2019-10-24,58.74,2026-09-04,Yahoo Finance screener via yfinance
CLX,The Clorox Company,NYQ,USD,94.29,11402585088.0,250687597.0,1973-02-21,128.9,2026-09-04,Yahoo Finance screener via yfinance
TECH,Bio-Techne Corporation,NMS,USD,72.45,11361480704.0,345443556.0,1989-02-09,72.62,2026-09-04,Yahoo Finance screener via yfinance
ALGN,"Align Technology, Inc.",NMS,USD,159.855,11356076032.0,153806087.0,2001-01-30,200.44,2026-09-04,Yahoo Finance screener via yfinance
KNX,Knight-Swift Transportation Holdings Inc.,NYQ,USD,69.57,11322935296.0,266576935.0,1994-10-25,82.86,2026-09-04,Yahoo Finance screener via yfinance
SCI,Service Corporation International,NYQ,USD,82.78,11282216960.0,104902127.0,1980-03-17,90.99,2026-09-04,Yahoo Finance screener via yfinance
SUZ,Suzano S.A.,NYQ,USD,9.15,11268780032.0,29594861.0,2008-11-04,11.535,2026-09-04,Yahoo Finance screener via yfinance
NVMI,Nova Ltd.,NMS,USD,352.7,11218032640.0,191258276.0,2000-04-11,615.99,2026-09-04,Yahoo Finance screener via yfinance
FROG,JFrog Ltd.,NMS,USD,90.61,11172331520.0,242718004.0,2020-09-16,105.76,2026-09-04,Yahoo Finance screener via yfinance
FDS,FactSet Research Systems Inc.,NYQ,USD,312.96,11130592256.0,290521707.0,1996-06-28,377.07,2026-09-04,Yahoo Finance screener via yfinance
JEF,Jefferies Financial Group Inc.,NYQ,USD,54.26,11036049408.0,114106881.0,1980-03-17,71.04,2026-09-04,Yahoo Finance screener via yfinance
KRYS,"Krystal Biotech, Inc.",NMS,USD,371.47,10995079168.0,153284495.0,2017-09-20,382.535,2026-09-04,Yahoo Finance screener via yfinance
AEIS,"Advanced Energy Industries, Inc.",NMS,USD,274.3,10985835520.0,215371034.0,1995-11-17,397.44,2026-09-04,Yahoo Finance screener via yfinance
BPOP,"Popular, Inc.",NMS,USD,171.33,10927170560.0,87463622.0,1980-03-17,179.24,2026-09-04,Yahoo Finance screener via yfinance
TFII,TFI International Inc.,NYQ,USD,132.81,10916056064.0,46703035.0,2005-11-15,167.69,2026-09-04,Yahoo Finance screener via yfinance
AXSM,"Axsome Therapeutics, Inc.",NGM,USD,208.35,10913543168.0,178802220.0,2015-11-19,260.19,2026-09-04,Yahoo Finance screener via yfinance
UMBF,UMB Financial Corporation,NMS,USD,143.44,10894272512.0,92042579.0,1980-03-17,153.32,2026-09-04,Yahoo Finance screener via yfinance
HUT,Hut 8 Corp.,NMS,USD,88.09,10857926656.0,400422873.0,2018-03-08,140.8,2026-09-04,Yahoo Finance screener via yfinance
PAYC,"Paycom Software, Inc.",NYQ,USD,240.52,10840626176.0,223017841.0,2014-04-15,244.98,2026-09-04,Yahoo Finance screener via yfinance
ENLT,Enlight Renewable Energy Ltd,NMS,USD,77.46,10831176704.0,17233688.0,2023-01-03,108.65,2026-09-04,Yahoo Finance screener via yfinance
RRX,Regal Rexnord Corporation,NYQ,USD,162.61,10824878080.0,194948413.0,1980-03-17,247.8,2026-09-04,Yahoo Finance screener via yfinance
X.TO,TMX Group Limited,TOR,CAD,54.16,10815685881.0,34986738.0,2003-10-01,57.27,2026-09-04,Yahoo Finance screener via yfinance
NYT,The New York Times Company,NYQ,USD,67.06,10815676416.0,129881003.0,1973-05-03,87.1,2026-09-04,Yahoo Finance screener via yfinance
GNRC,Generac Holdings Inc.,NYQ,USD,183.02,10799344640.0,194249741.0,2010-02-11,296.44,2026-09-04,Yahoo Finance screener via yfinance
SWKS,"Skyworks Solutions, Inc.",NMS,USD,71.5,10758804480.0,406628079.0,1984-09-07,90.9,2026-09-04,Yahoo Finance screener via yfinance
BSY,"Bentley Systems, Incorporated",NMS,USD,35.59,10751485952.0,105159837.0,2020-09-23,57.25,2026-09-04,Yahoo Finance screener via yfinance
ARW,"Arrow Electronics, Inc.",NYQ,USD,210.87,10734426112.0,120280881.0,1980-03-17,237.33,2026-09-04,Yahoo Finance screener via yfinance
EGP,"EastGroup Properties, Inc.",NYQ,USD,198.47,10672390144.0,84986045.0,1973-02-21,226.71,2026-09-04,Yahoo Finance screener via yfinance
AM,Antero Midstream Corporation,NYQ,USD,22.46,10661177344.0,52708791.0,2017-05-04,23.835,2026-09-04,Yahoo Finance screener via yfinance
XPEV,XPeng Inc.,NYQ,USD,11.14,10656452608.0,81800508.0,2020-08-27,28.235,2026-09-04,Yahoo Finance screener via yfinance
OC,Owens Corning,NYQ,USD,134.71,10648648704.0,143256811.0,2006-11-01,159.91,2026-09-04,Yahoo Finance screener via yfinance
GKOS,Glaukos Corporation,NYQ,USD,180.35,10637753344.0,152638501.0,2015-06-25,191.62,2026-09-04,Yahoo Finance screener via yfinance
GSAT,"Globalstar, Inc.",NMS,USD,81.98,10621606912.0,94164933.0,2006-11-02,84.85,2026-09-04,Yahoo Finance screener via yfinance
ALSN,"Allison Transmission Holdings, Inc.",NYQ,USD,128.44,10606323712.0,136376950.0,2012-03-15,137.62,2026-09-04,Yahoo Finance screener via yfinance
MOH,"Molina Healthcare, Inc.",NYQ,USD,202.91,10591901696.0,220001109.0,2003-07-02,244.89,2026-09-04,Yahoo Finance screener via yfinance
AES,The AES Corporation,NYQ,USD,14.78,10544623616.0,115314314.0,1991-06-26,17.65,2026-09-04,Yahoo Finance screener via yfinance
AG,First Majestic Silver Corp.,NYQ,USD,21.39,10543266816.0,237813293.0,2006-11-28,32.04,2026-09-04,Yahoo Finance screener via yfinance
MGM,MGM Resorts International,NYQ,USD,41.13,10523161600.0,110348376.0,1988-05-02,51.59,2026-09-04,Yahoo Finance screener via yfinance
LFUS,"Littelfuse, Inc.",NMS,USD,414.24,10521177088.0,135066266.0,1992-09-22,500.57,2026-09-04,Yahoo Finance screener via yfinance
GMED,"Globus Medical, Inc.",NYQ,USD,78.12,10488541184.0,124461643.0,2012-08-03,101.4,2026-09-04,Yahoo Finance screener via yfinance
SANM,Sanmina Corporation,NMS,USD,195.69,10488466432.0,201273036.0,1993-04-14,288.68,2026-09-04,Yahoo Finance screener via yfinance
ATZ.TO,Aritzia Inc.,TOR,CAD,126.08,10475613391.0,67407233.0,2016-10-03,174.52,2026-09-04,Yahoo Finance screener via yfinance
PODD,Insulet Corporation,NMS,USD,150.58,10443355136.0,247393152.0,2007-05-15,354.88,2026-09-04,Yahoo Finance screener via yfinance
FRHC,Freedom Holdings Corp.,NCM,USD,163.44,10425455616.0,26024388.0,2018-02-07,177.15,2026-09-04,Yahoo Finance screener via yfinance
SSB,SouthState Bank Corporation,NYQ,USD,107.11,10386942976.0,90904043.0,1997-01-28,112.2,2026-09-04,Yahoo Finance screener via yfinance
DAR,Darling Ingredients Inc.,NYQ,USD,65.75,10375541760.0,161529143.0,1994-09-09,69.98,2026-09-04,Yahoo Finance screener via yfinance
BIO,"Bio-Rad Laboratories, Inc.",NYQ,USD,387.9,10371738624.0,118146194.0,1980-02-27,396.23,2026-09-04,Yahoo Finance screener via yfinance
WTFC,Wintrust Financial Corporation,NMS,USD,153.52,10355756032.0,90154927.0,1998-04-16,167.22,2026-09-04,Yahoo Finance screener via yfinance
CYTK,"Cytokinetics, Incorporated",NMS,USD,73.95,10280781824.0,153294874.0,2004-04-30,88.31,2026-09-04,Yahoo Finance screener via yfinance
ORI,Old Republic International Corporation,NYQ,USD,42.57,10277799936.0,57615856.0,1980-03-17,46.76,2026-09-04,Yahoo Finance screener via yfinance
AVTR,"Avantor, Inc.",NYQ,USD,15.19,10273890304.0,143125086.0,2019-05-17,15.93,2026-09-04,Yahoo Finance screener via yfinance
FRT,Federal Realty Investment Trust,NYQ,USD,117.16,10241932288.0,102637432.0,1973-05-03,128.21,2026-09-04,Yahoo Finance screener via yfinance
CGNX,Cognex Corporation,NMS,USD,60.79,10226327552.0,133644809.0,1989-07-20,72.88,2026-09-04,Yahoo Finance screener via yfinance
APGE,"Apogee Therapeutics, Inc.",NGM,USD,135.07,10223142912.0,380150328.0,2023-07-14,135.09,2026-09-04,Yahoo Finance screener via yfinance
WMS,"Advanced Drainage Systems, Inc.",NYQ,USD,134.83,10166902784.0,108134739.0,2014-07-25,179.315,2026-09-04,Yahoo Finance screener via yfinance
XP,XP Inc.,NMS,USD,20.0,10148859904.0,105485460.0,2019-12-11,23.13,2026-09-04,Yahoo Finance screener via yfinance
HSIC,"Henry Schein, Inc.",NMS,USD,90.86,10126032896.0,115128252.0,1995-11-03,92.18,2026-09-04,Yahoo Finance screener via yfinance
ZION,"Zions Bancorporation, National Association",NMS,USD,69.31,10116027392.0,112228138.0,1980-03-17,73.34,2026-09-04,Yahoo Finance screener via yfinance
CFR,"Cullen/Frost Bankers, Inc.",NYQ,USD,162.73,10113471488.0,97725549.0,1980-03-17,170.8,2026-09-04,Yahoo Finance screener via yfinance
FRO,Frontline plc,NYQ,USD,45.42,10111532032.0,119090650.0,2001-08-06,45.95,2026-09-04,Yahoo Finance screener via yfinance
ESTC,Elastic N.V.,NYQ,USD,96.13,10092811264.0,215717546.0,2018-10-05,108.0,2026-09-04,Yahoo Finance screener via yfinance
SIRI,Sirius XM Holdings Inc.,NMS,USD,29.77,10034481152.0,142162884.0,1994-09-13,32.66,2026-09-04,Yahoo Finance screener via yfinance
ENSG,"The Ensign Group, Inc.",NMS,USD,172.09,10029824000.0,124764906.0,2007-11-09,218.0,2026-09-04,Yahoo Finance screener via yfinance
RDY,Dr. Reddy's Laboratories Limited,NYQ,USD,12.03,10020847616.0,31952173.0,2001-04-11,15.67,2026-09-04,Yahoo Finance screener via yfinance
CU.TO,Canadian Utilities Limited,TOR,CAD,50.58,9988456738.0,21134491.0,2000-08-15,56.9,2026-09-04,Yahoo Finance screener via yfinance
ATRL.TO,AtkinsRéalis Group Inc.,TOR,CAD,86.0,9980080824.0,37240786.0,2002-07-08,106.82,2026-09-04,Yahoo Finance screener via yfinance
UHS,"Universal Health Services, Inc.",NYQ,USD,169.21,9972647936.0,148640832.0,1981-07-09,246.33,2026-09-04,Yahoo Finance screener via yfinance
OSCR,"Oscar Health, Inc.",NYQ,USD,32.24,9950714880.0,188524851.0,2021-03-03,33.548,2026-09-04,Yahoo Finance screener via yfinance
GIL,Gildan Activewear Inc.,NYQ,USD,53.68,9941098496.0,88019150.0,1998-06-19,73.7,2026-09-04,Yahoo Finance screener via yfinance
ONB,Old National Bancorp,NMS,USD,25.98,9939168256.0,108645242.0,1984-06-20,27.36,2026-09-04,Yahoo Finance screener via yfinance
PRAX,"Praxis Precision Medicines, Inc.",NMS,USD,355.15,9915783168.0,169921162.0,2020-10-16,392.7,2026-09-04,Yahoo Finance screener via yfinance
MOD,Modine Manufacturing Company,NYQ,USD,186.63,9912424448.0,288349509.0,1982-09-20,323.25,2026-09-04,Yahoo Finance screener via yfinance
RRC,Range Resources Corporation,NYQ,USD,42.37,9901000704.0,125247796.0,1980-06-19,48.31,2026-09-04,Yahoo Finance screener via yfinance
MTCH,"Match Group, Inc.",NMS,USD,42.43,9897498624.0,140453229.0,1993-01-19,43.47,2026-09-04,Yahoo Finance screener via yfinance
DRS,"Leonardo DRS, Inc.",NMS,USD,37.02,9880324096.0,36206893.0,1985-06-24,50.59,2026-09-04,Yahoo Finance screener via yfinance
VSAT,"Viasat, Inc.",NMS,USD,71.72,9879846912.0,176906775.0,1996-12-03,93.03,2026-09-04,Yahoo Finance screener via yfinance
AYI,Acuity Inc.,NYQ,USD,328.47,9832929280.0,113207186.0,2001-12-03,380.17,2026-09-04,Yahoo Finance screener via yfinance
FLS,Flowserve Corporation,NYQ,USD,77.19,9811835904.0,141953105.0,1980-03-17,92.41,2026-09-04,Yahoo Finance screener via yfinance
DPM.TO,DPM Metals Inc.,TOR,CAD,61.68,9811650705.0,37489305.0,1995-01-12,72.54,2026-09-04,Yahoo Finance screener via yfinance
CHWY,"Chewy, Inc.",NYQ,USD,23.96,9809803264.0,208040487.0,2019-06-14,43.5,2026-09-04,Yahoo Finance screener via yfinance
SPXC,"SPX Technologies, Inc.",NYQ,USD,193.92,9712650240.0,129317103.0,1980-03-17,251.08,2026-09-04,Yahoo Finance screener via yfinance
GGB,Gerdau S.A.,NYQ,USD,4.95,9712525312.0,72570727.0,1999-03-10,5.18,2026-09-04,Yahoo Finance screener via yfinance
FCFS,"FirstCash Holdings, Inc.",NMS,USD,223.92,9711813632.0,107019205.0,1991-06-10,238.93,2026-09-04,Yahoo Finance screener via yfinance
PSO,Pearson plc,NYQ,USD,16.13,9694047232.0,11894843.0,1996-11-18,17.75,2026-09-04,Yahoo Finance screener via yfinance
OGE,OGE Energy Corp.,NYQ,USD,46.89,9686595584.0,65091244.0,1973-02-21,50.59,2026-09-04,Yahoo Finance screener via yfinance
NIO,NIO Inc.,NYQ,USD,3.86,9671874560.0,109739981.0,2018-09-12,8.02,2026-09-04,Yahoo Finance screener via yfinance
APTV,Aptiv PLC,NYQ,USD,46.53,9661178880.0,176786082.0,2011-11-17,88.93,2026-09-04,Yahoo Finance screener via yfinance
IONS,"Ionis Pharmaceuticals, Inc.",NMS,USD,58.13,9660295168.0,173178978.0,1991-05-17,86.74,2026-09-04,Yahoo Finance screener via yfinance
OSK,Oshkosh Corporation,NYQ,USD,156.36,9653626880.0,112522129.0,1985-10-02,180.49,2026-09-04,Yahoo Finance screener via yfinance
KYMR,"Kymera Therapeutics, Inc.",NGM,USD,117.28,9647169536.0,100729329.0,2020-08-21,130.05,2026-09-04,Yahoo Finance screener via yfinance
SNAP,Snap Inc.,NYQ,USD,5.7,9639826432.0,233851905.0,2017-03-02,9.28,2026-09-04,Yahoo Finance screener via yfinance
LTH,"Life Time Group Holdings, Inc.",NYQ,USD,43.09,9628975104.0,125992575.0,2021-10-07,47.235,2026-09-04,Yahoo Finance screener via yfinance
PTGX,"Protagonist Therapeutics, Inc.",NGM,USD,148.8,9628593152.0,101206915.0,2016-08-11,160.81,2026-09-04,Yahoo Finance screener via yfinance
MUSA,Murphy USA Inc.,NYQ,USD,522.3,9600055296.0,159100414.0,2013-08-19,636.05,2026-09-04,Yahoo Finance screener via yfinance
PNR,Pentair plc,NYQ,USD,60.02,9579192320.0,194889081.0,1973-05-03,113.95,2026-09-04,Yahoo Finance screener via yfinance
MP,MP Materials Corp.,NYQ,USD,53.78,9578302464.0,317574181.0,2020-06-22,100.251,2026-09-04,Yahoo Finance screener via yfinance
RGEN,Repligen Corporation,NMS,USD,169.61,9572045824.0,190227452.0,1986-04-29,188.73,2026-09-04,Yahoo Finance screener via yfinance
HLI,"Houlihan Lokey, Inc.",NYQ,USD,136.86,9564665856.0,116212753.0,2015-08-13,211.777,2026-09-04,Yahoo Finance screener via yfinance
EAT,"Brinker International, Inc.",NYQ,USD,228.88,9559175168.0,233661532.0,1984-01-06,254.99,2026-09-04,Yahoo Finance screener via yfinance
WLK,Westlake Corporation,NYQ,USD,74.6,9533622272.0,79168952.0,2004-08-12,124.23,2026-09-04,Yahoo Finance screener via yfinance
VOYA,"Voya Financial, Inc.",NYQ,USD,104.86,9499933696.0,112510795.0,2013-05-02,105.64,2026-09-04,Yahoo Finance screener via yfinance
SBSW,Sibanye Stillwater Limited,NYQ,USD,13.12,9490618368.0,71120332.0,2013-02-11,21.29,2026-09-04,Yahoo Finance screener via yfinance
ONON,On Holding AG,NYQ,USD,28.36,9478328320.0,175279831.0,2021-09-15,51.08,2026-09-04,Yahoo Finance screener via yfinance
R,"Ryder System, Inc.",NYQ,USD,246.97,9470526464.0,86879848.0,1980-01-02,284.25,2026-09-04,Yahoo Finance screener via yfinance
AMG,"Affiliated Managers Group, Inc.",NYQ,USD,366.18,9469389824.0,107132916.0,1997-11-21,392.92,2026-09-04,Yahoo Finance screener via yfinance
KT,KT Corporation,NYQ,USD,19.83,9444307968.0,32396410.0,1999-05-26,24.58,2026-09-04,Yahoo Finance screener via yfinance
PATH,"UiPath, Inc.",NYQ,USD,18.22,9440150528.0,1241567829.0,2021-04-21,19.84,2026-09-04,Yahoo Finance screener via yfinance
JXN,Jackson Financial Inc.,NYQ,USD,139.35,9438001152.0,86408566.0,2021-09-01,140.57,2026-09-04,Yahoo Finance screener via yfinance
WYNN,"Wynn Resorts, Limited",NMS,USD,91.56,9428288512.0,140954056.0,2002-10-25,134.72,2026-09-04,Yahoo Finance screener via yfinance
CTRE,"CareTrust REIT, Inc.",NYQ,USD,39.61,9359574016.0,107091497.0,2014-05-29,43.62,2026-09-04,Yahoo Finance screener via yfinance
MSGS,Madison Square Garden Sports Corp.,NYQ,USD,387.07,9320622080.0,94549202.0,2015-09-17,438.93,2026-09-04,Yahoo Finance screener via yfinance
LLYVK,"Liberty Live Holdings, Inc.",NMS,USD,101.3,9320144896.0,36816472.0,2023-08-04,109.75,2026-09-04,Yahoo Finance screener via yfinance
TTEK,"Tetra Tech, Inc.",NMS,USD,36.29,9291852800.0,113251945.0,1991-12-17,43.14,2026-09-04,Yahoo Finance screener via yfinance
PCOR,"Procore Technologies, Inc.",NYQ,USD,60.59,9206974464.0,200376886.0,2021-05-20,82.315,2026-09-04,Yahoo Finance screener via yfinance
SAIA,"Saia, Inc.",NMS,USD,345.81,9200312320.0,156842126.0,2002-09-11,494.71,2026-09-04,Yahoo Finance screener via yfinance
KNTK,Kinetik Holdings Inc.,NYQ,USD,54.33,9192629248.0,56845370.0,2018-11-13,56.1,2026-09-04,Yahoo Finance screener via yfinance
VMI,"Valmont Industries, Inc.",NYQ,USD,475.12,9172123648.0,103879287.0,1973-02-21,585.71,2026-09-04,Yahoo Finance screener via yfinance
PRI,"Primerica, Inc.",NYQ,USD,297.83,9166417920.0,57551776.0,2010-04-01,327.28,2026-09-04,Yahoo Finance screener via yfinance
ALV,"Autoliv, Inc.",NYQ,USD,125.05,9158313984.0,84974351.0,1997-04-28,132.17,2026-09-04,Yahoo Finance screener via yfinance
RMBS,Rambus Inc.,NMS,USD,84.34,9147651072.0,245885511.0,1997-05-14,174.1,2026-09-04,Yahoo Finance screener via yfinance
PCVX,"Vaxcyte, Inc.",NMS,USD,61.17,9102418944.0,80184817.0,2020-06-12,65.0,2026-09-04,Yahoo Finance screener via yfinance
ADC,Agree Realty Corporation,NYQ,USD,72.73,9071389696.0,95021600.0,1994-04-15,82.08,2026-09-04,Yahoo Finance screener via yfinance
ARE,"Alexandria Real Estate Equities, Inc.",NYQ,USD,52.69,9067700224.0,101523672.0,1997-05-28,88.24,2026-09-04,Yahoo Finance screener via yfinance
QGEN,Qiagen N.V.,NYQ,USD,43.86,9056871424.0,127307159.0,1996-06-28,57.82,2026-09-04,Yahoo Finance screener via yfinance
BRKR,Bruker Corporation,NMS,USD,59.41,9051666432.0,132815451.0,2000-08-04,65.3,2026-09-04,Yahoo Finance screener via yfinance
KTOS,"Kratos Defense & Security Solutions, Inc.",NMS,USD,48.1,9029395456.0,206801669.0,1999-11-05,134.0,2026-09-04,Yahoo Finance screener via yfinance
CRNX,"Crinetics Pharmaceuticals, Inc.",NMS,USD,84.95,9012787200.0,355245269.0,2018-07-18,85.01,2026-09-04,Yahoo Finance screener via yfinance
CUBE,CubeSmart,NYQ,USD,39.75,8997689344.0,83399396.0,2004-10-22,43.26,2026-09-04,Yahoo Finance screener via yfinance
BRX,Brixmor Property Group Inc.,NYQ,USD,29.27,8982153216.0,67891794.0,2013-10-30,32.86,2026-09-04,Yahoo Finance screener via yfinance
YMM,Full Truck Alliance Co. Ltd.,NYQ,USD,8.58,8973771776.0,60340420.0,2021-06-23,14.07,2026-09-04,Yahoo Finance screener via yfinance
SM,SM Energy Company,NYQ,USD,37.6,8943312896.0,143452723.0,1992-12-16,38.94,2026-09-04,Yahoo Finance screener via yfinance
PBF,PBF Energy Inc.,NYQ,USD,75.33,8929381376.0,222920905.0,2012-12-13,77.94,2026-09-04,Yahoo Finance screener via yfinance
MHK,"Mohawk Industries, Inc.",NYQ,USD,131.7,8921113600.0,113274248.0,1992-04-01,143.13,2026-09-04,Yahoo Finance screener via yfinance
DY,"Dycom Industries, Inc.",NYQ,USD,295.56,8914371584.0,177086547.0,1984-06-04,566.47,2026-09-04,Yahoo Finance screener via yfinance
KMX,"CarMax, Inc.",NYQ,USD,62.64,8889311232.0,178111265.0,1997-02-04,65.28,2026-09-04,Yahoo Finance screener via yfinance
BAH,Booz Allen Hamilton Holding Corporation,NYQ,USD,73.88,8886653952.0,161618410.0,2010-11-18,109.1,2026-09-04,Yahoo Finance screener via yfinance
QRVO,"Qorvo, Inc.",NMS,USD,100.38,8855687168.0,120334741.0,2015-01-02,109.49,2026-09-04,Yahoo Finance screener via yfinance
WAL,Western Alliance Bancorporation,NYQ,USD,81.0,8837170176.0,83482083.0,2005-07-01,97.23,2026-09-04,Yahoo Finance screener via yfinance
BVN,Compañía de Minas Buenaventura S.A.A.,NYQ,USD,34.77,8831123456.0,40227256.0,1996-05-15,44.67,2026-09-04,Yahoo Finance screener via yfinance
AGCO,AGCO Corporation,NYQ,USD,125.82,8811392000.0,112635448.0,1992-04-16,143.78,2026-09-04,Yahoo Finance screener via yfinance
LNC,Lincoln National Corporation,NYQ,USD,45.66,8741484544.0,87392829.0,1980-03-17,47.67,2026-09-04,Yahoo Finance screener via yfinance
LEA,Lear Corporation,NYQ,USD,131.05,8724623360.0,85208448.0,2009-11-09,150.33,2026-09-04,Yahoo Finance screener via yfinance
KNSL,"Kinsale Capital Group, Inc.",NYQ,USD,382.98,8723681280.0,112189395.0,2016-07-28,485.0,2026-09-04,Yahoo Finance screener via yfinance
PB,"Prosperity Bancshares, Inc.",NYQ,USD,72.42,8703201280.0,82799596.0,1998-11-12,77.2,2026-09-04,Yahoo Finance screener via yfinance
TGTX,"TG Therapeutics, Inc.",NCM,USD,56.71,8681369600.0,139910942.0,2010-05-03,59.3,2026-09-04,Yahoo Finance screener via yfinance
IBRX,"ImmunityBio, Inc.",NMS,USD,8.19,8680058880.0,84611267.0,2015-07-28,12.43,2026-09-04,Yahoo Finance screener via yfinance
IDCC,"InterDigital, Inc.",NMS,USD,335.91,8668495872.0,102724301.0,1981-11-12,412.6,2026-09-04,Yahoo Finance screener via yfinance
GME,GameStop Corp.,NYQ,USD,19.23,8628332544.0,107241787.0,2002-02-13,28.1,2026-09-04,Yahoo Finance screener via yfinance
COLB,"Columbia Banking System, Inc.",NMS,USD,30.45,8614374400.0,90716670.0,1992-06-16,33.68,2026-09-04,Yahoo Finance screener via yfinance
ACM,AECOM,NYQ,USD,66.83,8600781824.0,137281919.0,2007-05-10,135.52,2026-09-04,Yahoo Finance screener via yfinance
NNN,"NNN REIT, Inc.",NYQ,USD,45.18,8595412992.0,69745947.0,1984-10-09,50.0,2026-09-04,Yahoo Finance screener via yfinance
AAL,American Airlines Group Inc.,NMS,USD,12.97,8585750016.0,1380734151.0,2005-09-27,18.79,2026-09-04,Yahoo Finance screener via yfinance
PCTY,Paylocity Holding Corporation,NMS,USD,154.43,8550171136.0,117042651.0,2014-03-19,178.91,2026-09-04,Yahoo Finance screener via yfinance
FTT.TO,Finning International Inc.,TOR,CAD,90.06,8526688276.0,31119366.0,1995-01-12,109.58,2026-09-04,Yahoo Finance screener via yfinance
ESI,Element Solutions Inc,NYQ,USD,34.98,8524307968.0,177506430.0,2013-10-22,49.25,2026-09-04,Yahoo Finance screener via yfinance
AAOI,"Applied Optoelectronics, Inc.",NGM,USD,100.38,8522892800.0,1154483931.0,2013-09-26,233.67,2026-09-04,Yahoo Finance screener via yfinance
CNM,"Core & Main, Inc.",NYQ,USD,43.98,8511890432.0,103475748.0,2021-07-22,67.18,2026-09-04,Yahoo Finance screener via yfinance
COMP,"Compass, Inc.",NYQ,USD,11.06,8490149888.0,141139646.0,2021-04-01,13.955,2026-09-04,Yahoo Finance screener via yfinance
REXR,"Rexford Industrial Realty, Inc.",NYQ,USD,37.01,8461761024.0,99205564.0,2013-07-19,44.38,2026-09-04,Yahoo Finance screener via yfinance
FR,"First Industrial Realty Trust, Inc.",NYQ,USD,61.71,8455440896.0,66309370.0,1994-06-24,69.88,2026-09-04,Yahoo Finance screener via yfinance
CS.TO,Capstone Copper Corp.,TOR,CAD,15.23,8436991003.0,36334004.0,1996-08-08,18.04,2026-09-04,Yahoo Finance screener via yfinance
RHP,"Ryman Hospitality Properties, Inc.",NYQ,USD,122.25,8433329152.0,89169150.0,1991-10-24,137.46,2026-09-04,Yahoo Finance screener via yfinance
TKR,The Timken Company,NYQ,USD,121.09,8391154176.0,117747311.0,1973-02-21,146.37,2026-09-04,Yahoo Finance screener via yfinance
SNEX,StoneX Group Inc.,NMS,USD,69.54,8387687936.0,87178821.0,1995-03-06,94.66,2026-09-04,Yahoo Finance screener via yfinance
CBSH,"Commerce Bancshares, Inc.",NMS,USD,58.37,8372135936.0,67789517.0,1980-03-17,60.92,2026-09-04,Yahoo Finance screener via yfinance
BOKF,BOK Financial Corporation,NMS,USD,137.35,8346329600.0,34327886.0,1991-09-05,146.84,2026-09-04,Yahoo Finance screener via yfinance
LAD,"Lithia Motors, Inc.",NYQ,USD,378.98,8331161600.0,112013603.0,1996-12-18,439.49,2026-09-04,Yahoo Finance screener via yfinance
VIAV,Viavi Solutions Inc.,NMS,USD,33.63,8298196992.0,207785713.0,1993-11-17,60.43,2026-09-04,Yahoo Finance screener via yfinance
NEU,NewMarket Corporation,NYQ,USD,900.15,8278145024.0,106491346.0,1980-03-17,981.66,2026-09-04,Yahoo Finance screener via yfinance
VIST,"Vista Energy, S.A.B. de C.V.",NYQ,USD,74.61,8253165056.0,70757736.0,2019-07-26,81.44,2026-09-04,Yahoo Finance screener via yfinance
VICR,Vicor Corporation,NMS,USD,178.76,8242039296.0,156023337.0,1990-04-03,382.65,2026-09-04,Yahoo Finance screener via yfinance
TXG,"10x Genomics, Inc.",NMS,USD,63.22,8237007872.0,201611615.0,2019-09-12,66.94,2026-09-04,Yahoo Finance screener via yfinance
AOS,A. O. Smith Corporation,NYQ,USD,60.53,8226546176.0,102371968.0,1983-09-30,81.87,2026-09-04,Yahoo Finance screener via yfinance
HESM,Hess Midstream LP,NYQ,USD,39.85,8216207872.0,44460286.0,2017-04-05,41.44,2026-09-04,Yahoo Finance screener via yfinance
GTLB,GitLab Inc.,NMS,USD,49.31,8215786496.0,250811370.0,2021-10-14,55.55,2026-09-04,Yahoo Finance screener via yfinance
STN.TO,Stantec Inc.,TOR,CAD,100.67,8205184622.0,36959272.0,1996-08-13,160.05,2026-09-04,Yahoo Finance screener via yfinance
HQY,"HealthEquity, Inc.",NMS,USD,98.78,8170616832.0,87023501.0,2014-07-31,107.62,2026-09-04,Yahoo Finance screener via yfinance
ATR,"AptarGroup, Inc.",NYQ,USD,128.31,8158094336.0,58905838.0,1993-04-23,146.91,2026-09-04,Yahoo Finance screener via yfinance
ZETA,Zeta Global Holdings Corp.,NYQ,USD,32.68,8145738752.0,287460437.0,2021-06-10,32.75,2026-09-04,Yahoo Finance screener via yfinance
BROS,Dutch Bros Inc.,NYQ,USD,46.24,8110331392.0,171298392.0,2021-09-15,74.024,2026-09-04,Yahoo Finance screener via yfinance
UGI,UGI Corporation,NYQ,USD,37.8,8107909120.0,67058447.0,1973-02-21,41.34,2026-09-04,Yahoo Finance screener via yfinance
MOS,The Mosaic Company,NYQ,USD,25.49,8103159808.0,223316361.0,1988-01-26,36.99,2026-09-04,Yahoo Finance screener via yfinance
WULF,TeraWulf Inc.,NCM,USD,16.23,8098261504.0,532499321.0,1994-04-05,29.84,2026-09-04,Yahoo Finance screener via yfinance
CHRD,Chord Energy Corporation,NMS,USD,148.0,8095285248.0,118015348.0,2010-06-17,153.0,2026-09-04,Yahoo Finance screener via yfinance
MORN,"Morningstar, Inc.",NMS,USD,215.76,8093927936.0,87419263.0,2005-05-03,261.37,2026-09-04,Yahoo Finance screener via yfinance
EMN,Eastman Chemical Company,NYQ,USD,70.77,8090894848.0,80575325.0,1993-12-14,83.47,2026-09-04,Yahoo Finance screener via yfinance
IMVT,"Immunovant, Inc.",NMS,USD,39.12,8080340992.0,49499005.0,2019-06-21,45.42,2026-09-04,Yahoo Finance screener via yfinance
TWST,Twist Bioscience Corporation,NMS,USD,128.71,8071072768.0,232487328.0,2018-10-31,155.44,2026-09-04,Yahoo Finance screener via yfinance
THG,"The Hanover Insurance Group, Inc.",NYQ,USD,231.68,8067148288.0,73959206.0,1995-10-11,236.07,2026-09-04,Yahoo Finance screener via yfinance
CELH,"Celsius Holdings, Inc.",NCM,USD,31.61,7998437888.0,312957492.0,2007-01-22,66.74,2026-09-04,Yahoo Finance screener via yfinance
SIMO,Silicon Motion Technology Corporation,NMS,USD,235.7,7992056832.0,234628272.0,2005-06-30,355.0,2026-09-04,Yahoo Finance screener via yfinance
LEVI,Levi Strauss & Co.,NYQ,USD,20.7,7966406656.0,53105063.0,2019-03-21,25.7,2026-09-04,Yahoo Finance screener via yfinance
Z,"Zillow Group, Inc.",NMS,USD,35.34,7947081216.0,141410713.0,2015-08-03,93.88,2026-09-04,Yahoo Finance screener via yfinance
NFG,National Fuel Gas Company,NYQ,USD,83.53,7939116544.0,53176869.0,1973-05-03,97.06,2026-09-04,Yahoo Finance screener via yfinance
RIOT,"Riot Platforms, Inc.",NCM,USD,21.14,7932974080.0,389717908.0,2016-03-31,30.32,2026-09-04,Yahoo Finance screener via yfinance
PRMB,Primo Brands Corporation,NYQ,USD,21.91,7930186752.0,79451225.0,1992-06-16,26.21,2026-09-04,Yahoo Finance screener via yfinance
SSRM,SSR Mining Inc.,NMS,USD,38.89,7930033152.0,125084824.0,1996-08-01,39.43,2026-09-04,Yahoo Finance screener via yfinance
APPF,"AppFolio, Inc.",NGM,USD,223.57,7918177280.0,88942853.0,2015-06-26,288.735,2026-09-04,Yahoo Finance screener via yfinance
SSL,Sasol Limited,NYQ,USD,12.35,7916815872.0,17831881.0,1982-04-26,14.37,2026-09-04,Yahoo Finance screener via yfinance
PJT,PJT Partners Inc.,NYQ,USD,185.82,7915412992.0,84686722.0,2015-09-22,195.62,2026-09-04,Yahoo Finance screener via yfinance
ZWS,Zurn Elkay Water Solutions Corporation,NYQ,USD,47.62,7898447872.0,45603293.0,2012-03-29,55.0,2026-09-04,Yahoo Finance screener via yfinance
CAE.TO,CAE Inc.,TOR,CAD,33.74,7874455582.0,22089395.0,1995-01-12,47.65,2026-09-04,Yahoo Finance screener via yfinance
IDA,"IDACORP, Inc.",NYQ,USD,136.12,7873458688.0,74766360.0,1973-02-21,154.91,2026-09-04,Yahoo Finance screener via yfinance
DSV.TO,Discovery Mining Ltd.,TOR,CAD,13.33,7869373600.0,25269245.0,2014-10-24,13.43,2026-09-04,Yahoo Finance screener via yfinance
ALKS,Alkermes plc,NMS,USD,46.88,7864741888.0,90717535.0,1991-07-16,55.67,2026-09-04,Yahoo Finance screener via yfinance
GAP,"The Gap, Inc.",NYQ,USD,22.32,7840349696.0,171095522.0,1980-03-17,29.36,2026-09-04,Yahoo Finance screener via yfinance
FAF,First American Financial Corporation,NYQ,USD,76.51,7811671040.0,65942362.0,2010-05-28,79.87,2026-09-04,Yahoo Finance screener via yfinance
DBX,"Dropbox, Inc.",NMS,USD,35.7,7762701824.0,140656144.0,2018-03-23,36.366,2026-09-04,Yahoo Finance screener via yfinance
CWEN,"Clearway Energy, Inc.",NYQ,USD,31.47,7761634816.0,42102517.0,2015-05-15,41.74,2026-09-04,Yahoo Finance screener via yfinance
AXTA,Axalta Coating Systems Ltd.,NYQ,USD,35.97,7698299904.0,65346843.0,2014-11-12,38.61,2026-09-04,Yahoo Finance screener via yfinance
SYRE,"Spyre Therapeutics, Inc.",NMS,USD,87.25,7693160448.0,115478516.0,2016-04-07,110.175,2026-09-04,Yahoo Finance screener via yfinance
FLR,Fluor Corporation,NYQ,USD,57.5,7690110976.0,147775460.0,2000-12-01,58.35,2026-09-04,Yahoo Finance screener via yfinance
VLY,Valley National Bancorp,NMS,USD,13.9,7681212928.0,94351421.0,1990-03-23,15.2,2026-09-04,Yahoo Finance screener via yfinance
NOV,NOV Inc.,NYQ,USD,21.49,7660714496.0,80886383.0,1996-10-29,21.83,2026-09-04,Yahoo Finance screener via yfinance
UGP,Ultrapar Participações S.A.,NYQ,USD,7.16,7629839360.0,25552350.0,1999-10-07,7.245,2026-09-04,Yahoo Finance screener via yfinance
KEX,Kirby Corporation,NYQ,USD,143.27,7564656128.0,80455131.0,1980-03-17,157.69,2026-09-04,Yahoo Finance screener via yfinance
TAP,Molson Coors Beverage Company,NYQ,USD,40.57,7564435968.0,123771565.0,1975-06-12,54.82,2026-09-04,Yahoo Finance screener via yfinance
GGAL,Grupo Financiero Galicia S.A.,NCM,USD,44.63,7562707456.0,45648323.0,2000-07-25,62.52,2026-09-04,Yahoo Finance screener via yfinance
EFN.TO,Element Fleet Management Corp.,TOR,CAD,26.33,7560678857.0,20720612.0,2011-12-16,38.26,2026-09-04,Yahoo Finance screener via yfinance
FORM,"FormFactor, Inc.",NMS,USD,96.76,7558961664.0,149988837.0,2003-06-12,160.27,2026-09-04,Yahoo Finance screener via yfinance
ETSY,"Etsy, Inc.",NYQ,USD,82.03,7528856576.0,239280033.0,2015-04-16,87.974,2026-09-04,Yahoo Finance screener via yfinance
BZ,Kanzhun Limited,NMS,USD,16.84,7525574144.0,76772381.0,2021-06-11,25.26,2026-09-04,Yahoo Finance screener via yfinance
BTO.TO,B2Gold Corp.,TOR,CAD,7.83,7500858646.0,27391657.0,2008-02-13,8.6,2026-09-04,Yahoo Finance screener via yfinance
AVAV,"AeroVironment, Inc.",NMS,USD,147.21,7481597440.0,233763297.0,2007-01-23,417.86,2026-09-04,Yahoo Finance screener via yfinance
CAG,"Conagra Brands, Inc.",NYQ,USD,15.62,7475194880.0,255199498.0,1980-03-17,20.32,2026-09-04,Yahoo Finance screener via yfinance
AVT,"Avnet, Inc.",NMS,USD,90.82,7453867520.0,114583235.0,1973-05-03,100.0,2026-09-04,Yahoo Finance screener via yfinance
NE,Noble Corporation plc,NYQ,USD,46.59,7437731328.0,69875868.0,2021-06-09,54.98,2026-09-04,Yahoo Finance screener via yfinance
OMF,"OneMain Holdings, Inc.",NYQ,USD,64.58,7429378560.0,66028659.0,2013-10-16,71.93,2026-09-04,Yahoo Finance screener via yfinance
STAG,"STAG Industrial, Inc.",NYQ,USD,37.7,7419649536.0,61070155.0,2011-04-15,42.61,2026-09-04,Yahoo Finance screener via yfinance
OKLO,Oklo Inc.,NYQ,USD,39.84,7410942976.0,388250242.0,2021-07-08,193.84,2026-09-04,Yahoo Finance screener via yfinance
DUOL,"Duolingo, Inc.",NMS,USD,158.82,7399919104.0,208155527.0,2021-07-28,353.0,2026-09-04,Yahoo Finance screener via yfinance
AXS,AXIS Capital Holdings Limited,NYQ,USD,101.4,7398785024.0,70857914.0,2003-07-01,119.99,2026-09-04,Yahoo Finance screener via yfinance
MTDR,Matador Resources Company,NYQ,USD,59.72,7390601728.0,115914131.0,2012-02-02,66.84,2026-09-04,Yahoo Finance screener via yfinance
SFM,"Sprouts Farmers Market, Inc.",NMS,USD,79.13,7378684416.0,159097354.0,2013-08-01,141.24,2026-09-04,Yahoo Finance screener via yfinance
APLD,Applied Digital Corporation,NMS,USD,25.91,7366311424.0,494883539.0,2022-04-13,50.725,2026-09-04,Yahoo Finance screener via yfinance
SLAB,Silicon Laboratories Inc.,NMS,USD,220.71,7364377600.0,84708498.0,2000-03-24,220.9,2026-09-04,Yahoo Finance screener via yfinance
SSD,"Simpson Manufacturing Co., Inc.",NYQ,USD,178.08,7298551808.0,52782556.0,1994-05-26,213.49,2026-09-04,Yahoo Finance screener via yfinance
PPC,Pilgrim's Pride Corporation,NMS,USD,30.51,7264691200.0,49144227.0,1987-12-30,44.87,2026-09-04,Yahoo Finance screener via yfinance
MSA,MSA Safety Incorporated,NYQ,USD,187.71,7241530880.0,56258940.0,1973-02-22,208.92,2026-09-04,Yahoo Finance screener via yfinance
VNO,Vornado Realty Trust,NYQ,USD,36.54,7236704256.0,58204310.0,1980-03-17,43.37,2026-09-04,Yahoo Finance screener via yfinance
RYTM,"Rhythm Pharmaceuticals, Inc.",NGM,USD,104.89,7221894656.0,79802724.0,2017-10-09,122.2,2026-09-04,Yahoo Finance screener via yfinance
AWI,"Armstrong World Industries, Inc.",NYQ,USD,170.84,7220180480.0,77462273.0,2006-10-18,206.08,2026-09-04,Yahoo Finance screener via yfinance
CIFR,Cipher Digital Inc.,NMS,USD,17.37,7209083904.0,509484281.0,2020-10-20,30.14,2026-09-04,Yahoo Finance screener via yfinance
CAVA,"CAVA Group, Inc.",NYQ,USD,61.67,7203438080.0,199603157.0,2023-06-15,98.79,2026-09-04,Yahoo Finance screener via yfinance
SGHC,Super Group (SGHC) Limited,NYQ,USD,14.17,7199448064.0,40528552.0,2020-11-23,15.86,2026-09-04,Yahoo Finance screener via yfinance
TEX,Terex Corporation,NYQ,USD,62.76,7173467648.0,83454043.0,1980-03-19,74.69,2026-09-04,Yahoo Finance screener via yfinance
TRNO,Terreno Realty Corporation,NYQ,USD,65.8,7170246656.0,57758253.0,2010-02-10,78.94,2026-09-04,Yahoo Finance screener via yfinance
NCLH,Norwegian Cruise Line Holdings Ltd.,NYQ,USD,15.59,7158738432.0,248230029.0,2013-01-18,27.18,2026-09-04,Yahoo Finance screener via yfinance
NXE,NexGen Energy Ltd.,NYQ,USD,10.67,7154300416.0,57020875.0,2013-08-14,13.96,2026-09-04,Yahoo Finance screener via yfinance
FSS,Federal Signal Corporation,NYQ,USD,117.16,7151635456.0,60465222.0,1980-03-17,134.51,2026-09-04,Yahoo Finance screener via yfinance
ACA,"Arcosa, Inc.",NYQ,USD,145.48,7144058368.0,112381845.0,2018-11-05,146.92,2026-09-04,Yahoo Finance screener via yfinance
LUMN,"Lumen Technologies, Inc.",NYQ,USD,6.91,7127287296.0,91215420.0,1980-03-17,11.95,2026-09-04,Yahoo Finance screener via yfinance
TFPM,Triple Flag Precious Metals Corp.,NYQ,USD,34.55,7117404160.0,22670363.0,2022-08-30,41.7,2026-09-04,Yahoo Finance screener via yfinance
CPX.TO,Capital Power Corporation,TOR,CAD,62.32,7098580146.0,27254199.0,2009-08-10,77.02,2026-09-04,Yahoo Finance screener via yfinance
ESE,ESCO Technologies Inc.,NYQ,USD,273.87,7095305728.0,64915954.0,1990-10-01,362.15,2026-09-04,Yahoo Finance screener via yfinance
TTD,"The Trade Desk, Inc.",NGM,USD,15.09,7090492416.0,329332852.0,2016-09-21,56.39,2026-09-04,Yahoo Finance screener via yfinance
MBLY,Mobileye Global Inc.,NMS,USD,8.32,7073560576.0,51322868.0,2022-10-26,15.81,2026-09-04,Yahoo Finance screener via yfinance
OR,OR Royalties Inc.,NYQ,USD,37.68,7064844288.0,41221166.0,2016-07-06,48.06,2026-09-04,Yahoo Finance screener via yfinance
PDI,PIMCO Dynamic Income Fund,NYQ,USD,15.29,7057319936.0,47011337.0,2012-05-25,20.17,2026-09-04,Yahoo Finance screener via yfinance
CLF,Cleveland-Cliffs Inc.,NYQ,USD,12.28,7006231552.0,250971112.0,1973-02-21,16.7,2026-09-04,Yahoo Finance screener via yfinance
HXL,Hexcel Corporation,NYQ,USD,92.43,6989876224.0,89256786.0,1980-03-17,111.74,2026-09-04,Yahoo Finance screener via yfinance
VCTR,"Victory Capital Holdings, Inc.",NMS,USD,113.46,6978875904.0,61515062.0,2018-02-08,123.55,2026-09-04,Yahoo Finance screener via yfinance
LW,"Lamb Weston Holdings, Inc.",NYQ,USD,50.44,6934649856.0,80150371.0,2016-11-10,67.07,2026-09-04,Yahoo Finance screener via yfinance
DSGX,The Descartes Systems Group Inc.,NMS,USD,80.75,6919534080.0,44501567.0,1999-01-27,109.0,2026-09-04,Yahoo Finance screener via yfinance
BLDR,"Builders FirstSource, Inc.",NYQ,USD,64.18,6905540608.0,144159961.0,2005-06-28,151.03,2026-09-04,Yahoo Finance screener via yfinance
URBN,"Urban Outfitters, Inc.",NMS,USD,80.58,6901708800.0,95170137.0,1993-11-09,85.43,2026-09-04,Yahoo Finance screener via yfinance
WFRD,Weatherford International plc,NMS,USD,96.43,6895912448.0,120635087.0,2021-01-04,113.15,2026-09-04,Yahoo Finance screener via yfinance
S,"SentinelOne, Inc.",NYQ,USD,19.8,6891372544.0,141845339.0,2021-06-30,23.95,2026-09-04,Yahoo Finance screener via yfinance
BLTE,"Belite Bio, Inc",NCM,USD,171.09,6890161152.0,32492386.0,2022-04-29,200.0,2026-09-04,Yahoo Finance screener via yfinance
CHE,Chemed Corporation,NYQ,USD,524.45,6854541312.0,95764570.0,1973-05-03,557.0,2026-09-04,Yahoo Finance screener via yfinance
AN,"AutoNation, Inc.",NYQ,USD,207.18,6849537536.0,83494369.0,1990-05-11,235.81,2026-09-04,Yahoo Finance screener via yfinance
OGC.TO,OceanaGold Corporation,TOR,CAD,42.31,6824860039.0,28523906.0,2007-10-25,59.2,2026-09-04,Yahoo Finance screener via yfinance
SRRK,Scholar Rock Holding Corporation,NMS,USD,55.94,6812668416.0,73756890.0,2018-05-25,61.76,2026-09-04,Yahoo Finance screener via yfinance
ACT,"Enact Holdings, Inc.",NMS,USD,49.51,6806815744.0,17010745.0,2021-09-16,50.56,2026-09-04,Yahoo Finance screener via yfinance
MAC,The Macerich Company,NYQ,USD,23.06,6803400192.0,82471807.0,1994-03-10,26.68,2026-09-04,Yahoo Finance screener via yfinance
JOBY,"Joby Aviation, Inc.",NYQ,USD,6.87,6795283456.0,268741086.0,2020-11-09,19.98,2026-09-04,Yahoo Finance screener via yfinance
RIG,Transocean Ltd.,NYQ,USD,6.02,6723618304.0,235017188.0,1993-05-28,7.66,2026-09-04,Yahoo Finance screener via yfinance
POOL,Pool Corporation,NMS,USD,184.07,6689241600.0,168750222.0,1995-10-13,336.15,2026-09-04,Yahoo Finance screener via yfinance
HR,Healthcare Realty Trust Incorporated,NYQ,USD,19.27,6686647808.0,74553992.0,1993-05-27,22.04,2026-09-04,Yahoo Finance screener via yfinance
SCR.TO,Strathcona Resources Ltd.,TOR,CAD,42.98,6676997689.0,12439497.0,2010-03-25,51.7,2026-09-04,Yahoo Finance screener via yfinance
TAL,TAL Education Group,NYQ,USD,11.99,6650867712.0,52983366.0,2010-10-20,13.37,2026-09-04,Yahoo Finance screener via yfinance
MATX,"Matson, Inc.",NYQ,USD,222.27,6646641664.0,66945057.0,1973-05-03,230.74,2026-09-04,Yahoo Finance screener via yfinance
WEX,WEX Inc.,NYQ,USD,195.0,6645914112.0,133908840.0,2005-02-16,203.99,2026-09-04,Yahoo Finance screener via yfinance
ALGM,"Allegro MicroSystems, Inc.",NMS,USD,35.56,6628456960.0,97839606.0,2020-10-29,71.77,2026-09-04,Yahoo Finance screener via yfinance
DOX,Amdocs Limited,NMS,USD,63.28,6607380992.0,89074004.0,1998-06-19,86.14,2026-09-04,Yahoo Finance screener via yfinance
MGY,Magnolia Oil & Gas Corporation,NYQ,USD,27.21,6598209024.0,120959552.0,2017-06-29,32.76,2026-09-04,Yahoo Finance screener via yfinance
CPB,The Campbell's Company,NMS,USD,22.125,6597813248.0,175821999.0,1973-02-21,34.17,2026-09-04,Yahoo Finance screener via yfinance
LNTH,"Lantheus Holdings, Inc.",NGM,USD,100.98,6591203840.0,134907664.0,2015-06-25,111.86,2026-09-04,Yahoo Finance screener via yfinance
FNB,F.N.B. Corporation,NYQ,USD,18.47,6574653440.0,88353979.0,1986-09-02,19.59,2026-09-04,Yahoo Finance screener via yfinance
STEP,StepStone Group Inc.,NMS,USD,50.91,6571663360.0,70818661.0,2020-09-16,77.795,2026-09-04,Yahoo Finance screener via yfinance
LYFT,"Lyft, Inc.",NMS,USD,17.28,6541175808.0,204986523.0,2019-03-29,25.54,2026-09-04,Yahoo Finance screener via yfinance
PL,Planet Labs PBC,NYQ,USD,18.35,6539986432.0,185475928.0,2021-04-26,51.76,2026-09-04,Yahoo Finance screener via yfinance
RSI,"Rush Street Interactive, Inc.",NYQ,USD,26.77,6538492928.0,75948765.0,2020-04-27,34.53,2026-09-04,Yahoo Finance screener via yfinance
ENS,EnerSys,NYQ,USD,179.99,6491379712.0,99533570.0,2004-08-02,244.3,2026-09-04,Yahoo Finance screener via yfinance
HIMS,"Hims & Hers Health, Inc.",NYQ,USD,27.82,6490779136.0,422815704.0,2019-09-13,65.299,2026-09-04,Yahoo Finance screener via yfinance
BILI,Bilibili Inc.,NMS,USD,15.5,6486839296.0,38698990.0,2018-03-28,36.4,2026-09-04,Yahoo Finance screener via yfinance
CAMT,Camtek Ltd.,NGM,USD,138.9,6482209280.0,67984744.0,2000-07-28,215.99,2026-09-04,Yahoo Finance screener via yfinance
UBSI,"United Bankshares, Inc.",NMS,USD,47.59,6480489472.0,46858637.0,1987-06-04,49.62,2026-09-04,Yahoo Finance screener via yfinance
MTG,MGIC Investment Corporation,NYQ,USD,31.47,6455278080.0,55629550.0,1991-08-07,31.89,2026-09-04,Yahoo Finance screener via yfinance
PLXS,Plexus Corp.,NMS,USD,242.07,6451674112.0,74498979.0,1986-02-05,307.06,2026-09-04,Yahoo Finance screener via yfinance
PAGP,"Plains GP Holdings, L.P.",NMS,USD,27.68,6449452032.0,40908936.0,2013-10-16,28.7,2026-09-04,Yahoo Finance screener via yfinance
EPRT,"Essential Properties Realty Trust, Inc.",NYQ,USD,29.7,6440320000.0,53932111.0,2018-06-21,34.73,2026-09-04,Yahoo Finance screener via yfinance
GLBE,Global-E Online Ltd.,NMS,USD,38.29,6431471616.0,58927238.0,2021-05-12,43.99,2026-09-04,Yahoo Finance screener via yfinance
AAON,"AAON, Inc.",NMS,USD,77.98,6429734912.0,85027832.0,1992-12-16,150.46,2026-09-04,Yahoo Finance screener via yfinance
SWX,"Southwest Gas Holdings, Inc.",NYQ,USD,88.69,6425223168.0,45921642.0,1973-02-21,94.47,2026-09-04,Yahoo Finance screener via yfinance
INGR,Ingredion Incorporated,NYQ,USD,101.68,6412345344.0,82612458.0,1997-12-11,128.98,2026-09-04,Yahoo Finance screener via yfinance
ORA,"Ormat Technologies, Inc.",NYQ,USD,104.19,6407366144.0,87941153.0,2004-11-11,146.39,2026-09-04,Yahoo Finance screener via yfinance
G,Genpact Limited,NYQ,USD,38.08,6398750208.0,93934678.0,2007-08-02,48.64,2026-09-04,Yahoo Finance screener via yfinance
LKQ,LKQ Corporation,NMS,USD,25.25,6388302336.0,79172638.0,2003-10-06,37.13,2026-09-04,Yahoo Finance screener via yfinance
POWL,"Powell Industries, Inc.",NMS,USD,175.16,6381528064.0,129534674.0,1980-03-17,328.0,2026-09-04,Yahoo Finance screener via yfinance
ANF,Abercrombie & Fitch Co.,NYQ,USD,143.54,6377727488.0,219009600.0,1996-09-26,154.58,2026-09-04,Yahoo Finance screener via yfinance
GTES,Gates Industrial Corporation Ltd.,NYQ,USD,25.19,6376878080.0,48590326.0,2018-01-25,30.34,2026-09-04,Yahoo Finance screener via yfinance
RNG,"RingCentral, Inc.",NYQ,USD,76.36,6376530432.0,142036701.0,2013-09-27,77.95,2026-09-04,Yahoo Finance screener via yfinance
NICE,NICE Ltd.,NMS,USD,108.31,6346661376.0,64723565.0,1996-01-25,153.68,2026-09-04,Yahoo Finance screener via yfinance
ELF,"e.l.f. Beauty, Inc.",NYQ,USD,107.41,6338049024.0,305554920.0,2016-09-22,150.99,2026-09-04,Yahoo Finance screener via yfinance
IBP,"Installed Building Products, Inc.",NYQ,USD,237.7,6317870080.0,92995133.0,2014-02-13,349.0,2026-09-04,Yahoo Finance screener via yfinance
HRB,"H&R Block, Inc.",NYQ,USD,51.1,6298888192.0,112188364.0,1973-02-21,58.67,2026-09-04,Yahoo Finance screener via yfinance
CHDN,Churchill Downs Incorporated,NMS,USD,90.28,6292537344.0,92120809.0,1993-03-29,118.35,2026-09-04,Yahoo Finance screener via yfinance
KNSA,"Kiniksa Pharmaceuticals International, plc",NMS,USD,80.47,6278592512.0,58720488.0,2018-05-25,82.94,2026-09-04,Yahoo Finance screener via yfinance
TVTX,"Travere Therapeutics, Inc.",NGM,USD,66.54,6272132096.0,117428129.0,2012-11-08,68.03,2026-09-04,Yahoo Finance screener via yfinance
QBTS,D-Wave Quantum Inc.,NMS,USD,16.82,6264439808.0,351255037.0,2020-12-11,46.75,2026-09-04,Yahoo Finance screener via yfinance
GATX,GATX Corporation,NYQ,USD,177.31,6259939328.0,40943893.0,1973-02-21,205.56,2026-09-04,Yahoo Finance screener via yfinance
ESNT,Essent Group Ltd.,NYQ,USD,69.63,6258100224.0,50599773.0,2013-10-31,70.37,2026-09-04,Yahoo Finance screener via yfinance
NPO,Enpro Inc.,NYQ,USD,295.27,6250180608.0,72882380.0,2002-05-24,390.42,2026-09-04,Yahoo Finance screener via yfinance
CACC,Credit Acceptance Corporation,NMS,USD,601.58,6244749312.0,92073022.0,1992-06-05,668.86,2026-09-04,Yahoo Finance screener via yfinance
FSV,FirstService Corporation,NMS,USD,142.91,6240846848.0,30497423.0,2015-06-02,209.66,2026-09-04,Yahoo Finance screener via yfinance
KGS,"Kodiak Gas Services, Inc.",NYQ,USD,61.7,6238118912.0,112072435.0,2023-06-29,77.68,2026-09-04,Yahoo Finance screener via yfinance
GDS,GDS Holdings Limited,NGM,USD,31.12,6235751424.0,62721706.0,2016-11-02,48.61,2026-09-04,Yahoo Finance screener via yfinance
VAL,Valaris Limited,NYQ,USD,89.74,6231169024.0,88628750.0,2021-05-03,114.12,2026-09-04,Yahoo Finance screener via yfinance
AMRX,"Amneal Pharmaceuticals, Inc.",NMS,USD,17.87,6224050176.0,35686158.0,2018-05-07,19.26,2026-09-04,Yahoo Finance screener via yfinance
VIPS,Vipshop Holdings Limited,NYQ,USD,13.08,6219539968.0,33115499.0,2012-03-23,21.08,2026-09-04,Yahoo Finance screener via yfinance
IFS,Intercorp Financial Services Inc.,NYQ,USD,56.29,6214286848.0,15731591.0,2019-07-01,61.38,2026-09-04,Yahoo Finance screener via yfinance
PEGA,Pegasystems Inc.,NMS,USD,37.72,6201354752.0,100395967.0,1996-07-19,68.1,2026-09-04,Yahoo Finance screener via yfinance
EPAM,"EPAM Systems, Inc.",NYQ,USD,119.88,6184246784.0,193322084.0,2012-02-08,222.53,2026-09-04,Yahoo Finance screener via yfinance
CIG,Companhia Energética de Minas Gerais - CEMIG,NYQ,USD,2.15,6150466560.0,12768014.0,1996-11-18,2.76,2026-09-04,Yahoo Finance screener via yfinance
LQDA,Liquidia Corporation,NCM,USD,68.63,6142994944.0,129354579.0,2018-07-26,93.61,2026-09-04,Yahoo Finance screener via yfinance
MIRM,"Mirum Pharmaceuticals, Inc.",NGM,USD,100.63,6136540672.0,78646974.0,2019-07-18,130.0,2026-09-04,Yahoo Finance screener via yfinance
PSK.TO,PrairieSky Royalty Ltd.,TOR,CAD,36.29,6116832845.0,11065655.0,2014-05-29,37.295,2026-09-04,Yahoo Finance screener via yfinance
ST,Sensata Technologies Holding plc,NYQ,USD,42.02,6115416576.0,70685078.0,2010-03-11,53.89,2026-09-04,Yahoo Finance screener via yfinance
ACI,"Albertsons Companies, Inc.",NYQ,USD,12.59,6110250496.0,107488888.0,2020-06-26,20.0,2026-09-04,Yahoo Finance screener via yfinance
CWST,"Casella Waste Systems, Inc.",NMS,USD,95.96,6106898944.0,60437527.0,1997-10-29,107.96,2026-09-04,Yahoo Finance screener via yfinance
JBTM,JBT Marel Corporation,NYQ,USD,117.64,6102788608.0,67780521.0,2008-07-22,170.19,2026-09-04,Yahoo Finance screener via yfinance
RYN,Rayonier Inc.,NYQ,USD,20.32,6080750592.0,57074958.0,1994-02-17,27.06,2026-09-04,Yahoo Finance screener via yfinance
HWC,Hancock Whitney Corporation,NMS,USD,75.6,6064862720.0,66216906.0,1991-06-04,80.13,2026-09-04,Yahoo Finance screener via yfinance
COGT,"Cogent Biosciences, Inc.",NMS,USD,34.95,6064697856.0,80977368.0,2018-03-29,43.73,2026-09-04,Yahoo Finance screener via yfinance
YOU,"Clear Secure, Inc.",NYQ,USD,44.59,6054790656.0,70120763.0,2021-06-30,69.07,2026-09-04,Yahoo Finance screener via yfinance
CZR,"Caesars Entertainment, Inc.",NMS,USD,29.68,6048112128.0,128192431.0,2014-09-22,30.88,2026-09-04,Yahoo Finance screener via yfinance
GBCI,"Glacier Bancorp, Inc.",NYQ,USD,46.36,6036625920.0,54597708.0,1984-03-22,54.58,2026-09-04,Yahoo Finance screener via yfinance
DNTH,"Dianthus Therapeutics, Inc.",NCM,USD,107.85,6032522240.0,111987018.0,2018-06-21,117.88,2026-09-04,Yahoo Finance screener via yfinance
QLYS,"Qualys, Inc.",NMS,USD,174.35,6031638528.0,133615563.0,2012-09-28,201.54,2026-09-04,Yahoo Finance screener via yfinance
STWD,"Starwood Property Trust, Inc.",NYQ,USD,15.88,6030731264.0,63180232.0,2009-08-12,20.84,2026-09-04,Yahoo Finance screener via yfinance
OTEX,Open Text Corporation,NMS,USD,24.85,6030159872.0,44708231.0,1996-01-24,39.9,2026-09-04,Yahoo Finance screener via yfinance
ORKA,"Oruka Therapeutics, Inc.",NGM,USD,90.99,6024420352.0,109214114.0,1997-08-08,115.52,2026-09-04,Yahoo Finance screener via yfinance
HOMB,"Home BancShares, Inc.",NYQ,USD,30.0,6001488896.0,53148600.0,2006-06-23,31.7,2026-09-04,Yahoo Finance screener via yfinance
TXNM,"TXNM Energy, Inc.",NYQ,USD,58.14,5991100928.0,83259852.0,1973-02-21,59.53,2026-09-04,Yahoo Finance screener via yfinance
SNDR,"Schneider National, Inc.",NYQ,USD,34.05,5968995328.0,30466816.0,2017-04-06,39.27,2026-09-04,Yahoo Finance screener via yfinance
PTCT,"PTC Therapeutics, Inc.",NMS,USD,71.4,5959101440.0,118103954.0,2013-06-20,90.87,2026-09-04,Yahoo Finance screener via yfinance
EXP,Eagle Materials Inc.,NYQ,USD,193.58,5938129408.0,87241666.0,1994-04-12,245.53,2026-09-04,Yahoo Finance screener via yfinance
TFX,Teleflex Incorporated,NYQ,USD,139.96,5930440704.0,73652970.0,1980-03-17,145.0,2026-09-04,Yahoo Finance screener via yfinance
LSTR,"Landstar System, Inc.",NMS,USD,174.33,5916224000.0,82938718.0,1993-03-05,228.46,2026-09-04,Yahoo Finance screener via yfinance
M,"Macy's, Inc.",NYQ,USD,22.47,5910462464.0,123503074.0,1992-02-05,26.59,2026-09-04,Yahoo Finance screener via yfinance
RLI,RLI Corp.,NYQ,USD,64.04,5877140992.0,54199486.0,1980-03-17,68.29,2026-09-04,Yahoo Finance screener via yfinance
RDNT,"RadNet, Inc.",NGM,USD,74.62,5872427008.0,61477329.0,1997-01-03,85.84,2026-09-04,Yahoo Finance screener via yfinance
VSXY,Victorias Secret & Co.,NYQ,USD,73.64,5853770240.0,128264311.0,2021-07-21,102.46,2026-09-04,Yahoo Finance screener via yfinance
RUSHA,"Rush Enterprises, Inc.",NMS,USD,50.11,5849361408.0,37669942.0,2003-10-07,55.74,2026-09-04,Yahoo Finance screener via yfinance
XENE,Xenon Pharmaceuticals Inc.,NGM,USD,60.4,5849162240.0,71271577.0,2014-11-05,72.66,2026-09-04,Yahoo Finance screener via yfinance
BEPC,Brookfield Renewable Corporation,NYQ,USD,31.5,5847752192.0,52202745.0,2020-07-24,45.18,2026-09-04,Yahoo Finance screener via yfinance
ASB,Associated Banc-Corp,NYQ,USD,30.91,5837343232.0,61218831.0,1980-03-17,32.46,2026-09-04,Yahoo Finance screener via yfinance
AC.TO,Air Canada,TOR,CAD,28.73,5836833403.0,55350729.0,2010-03-30,31.45,2026-09-04,Yahoo Finance screener via yfinance
ROAD,"Construction Partners, Inc.",NMS,USD,102.68,5827660288.0,94470323.0,2018-05-04,151.0,2026-09-04,Yahoo Finance screener via yfinance
AUB,Atlantic Union Bankshares Corporation,NYQ,USD,40.77,5822563328.0,44443377.0,1993-10-06,43.62,2026-09-04,Yahoo Finance screener via yfinance
RRR,"Red Rock Resorts, Inc.",NMS,USD,57.09,5822479360.0,42856778.0,2016-04-27,68.99,2026-09-04,Yahoo Finance screener via yfinance
ENVA,"Enova International, Inc.",NYQ,USD,233.17,5805553152.0,88016778.0,2014-11-13,267.45,2026-09-04,Yahoo Finance screener via yfinance
SXT,Sensient Technologies Corporation,NYQ,USD,136.3,5801311232.0,66348114.0,1980-03-17,138.82,2026-09-04,Yahoo Finance screener via yfinance
DLB,"Dolby Laboratories, Inc.",NYQ,USD,61.92,5799971328.0,58682079.0,2005-02-17,73.78,2026-09-04,Yahoo Finance screener via yfinance
POR,Portland General Electric Company,NYQ,USD,49.17,5782772736.0,55721017.0,2006-03-31,54.62,2026-09-04,Yahoo Finance screener via yfinance
AGX,"Argan, Inc.",NYQ,USD,411.77,5777068032.0,144406915.0,1995-08-18,805.75,2026-09-04,Yahoo Finance screener via yfinance
BGC,"BGC Group, Inc.",NMS,USD,12.15,5776918016.0,37917465.0,1999-12-10,12.89,2026-09-04,Yahoo Finance screener via yfinance
LGND,Ligand Pharmaceuticals Incorporated,NGM,USD,289.74,5776142848.0,104255406.0,1992-11-18,326.63,2026-09-04,Yahoo Finance screener via yfinance
ABCB,Ameris Bancorp,NYQ,USD,85.83,5759814656.0,41507903.0,1994-05-19,93.22,2026-09-04,Yahoo Finance screener via yfinance
MKTX,MarketAxess Holdings Inc.,NMS,USD,163.34,5748406784.0,169637574.0,2004-11-05,195.97,2026-09-04,Yahoo Finance screener via yfinance
BXSL,Blackstone Secured Lending Fund,NYQ,USD,24.67,5747371520.0,40096891.0,2021-10-28,29.569,2026-09-04,Yahoo Finance screener via yfinance
MAU.TO,Montage Gold Corp.,TOR,CAD,19.55,5730881808.0,16419000.0,2020-10-23,20.85,2026-09-04,Yahoo Finance screener via yfinance
AROC,"Archrock, Inc.",NYQ,USD,32.56,5709011968.0,63359741.0,2007-08-21,42.23,2026-09-04,Yahoo Finance screener via yfinance
HLNE,Hamilton Lane Incorporated,NMS,USD,103.4,5706192896.0,83487952.0,2017-03-01,155.66,2026-09-04,Yahoo Finance screener via yfinance
RELY,"Remitly Global, Inc.",NMS,USD,26.92,5698534400.0,98088646.0,2021-09-23,27.479,2026-09-04,Yahoo Finance screener via yfinance
FTDR,"Frontdoor, Inc.",NMS,USD,82.71,5698165760.0,47894962.0,2018-09-13,93.43,2026-09-04,Yahoo Finance screener via yfinance
ERAS,"Erasca, Inc.",NMS,USD,16.26,5687131136.0,75455278.0,2021-07-16,24.28,2026-09-04,Yahoo Finance screener via yfinance
VSEC,VSE Corporation,NMS,USD,202.58,5685402112.0,91077942.0,1982-10-22,247.85,2026-09-04,Yahoo Finance screener via yfinance
CVLT,"Commvault Systems, Inc.",NMS,USD,137.12,5682878464.0,99956915.0,2006-09-22,198.18,2026-09-04,Yahoo Finance screener via yfinance
CRUS,"Cirrus Logic, Inc.",NMS,USD,113.13,5669799424.0,80866682.0,1989-06-09,180.42,2026-09-04,Yahoo Finance screener via yfinance
VIRT,"Virtu Financial, Inc.",NYQ,USD,64.19,5668020736.0,86022945.0,2015-04-16,68.76,2026-09-04,Yahoo Finance screener via yfinance
EXLS,"ExlService Holdings, Inc.",NMS,USD,37.32,5658178560.0,95696541.0,2006-10-20,45.08,2026-09-04,Yahoo Finance screener via yfinance
BYD,Boyd Gaming Corporation,NYQ,USD,77.79,5651865088.0,73365460.0,1993-10-15,91.41,2026-09-04,Yahoo Finance screener via yfinance
OBDC,Blue Owl Capital Corporation,NYQ,USD,11.38,5647955456.0,42771730.0,2019-07-18,14.44,2026-09-04,Yahoo Finance screener via yfinance
RITM,Rithm Capital Corp.,NYQ,USD,10.05,5611991040.0,53378655.0,2013-05-02,12.74,2026-09-04,Yahoo Finance screener via yfinance
BBUC,Brookfield Business Corporation,NYQ,USD,27.31,5610621440.0,12724384.0,2022-03-07,38.25,2026-09-04,Yahoo Finance screener via yfinance
FLG,"Flagstar Bank, National Association",NYQ,USD,13.48,5595451392.0,64766763.0,1993-11-23,15.44,2026-09-04,Yahoo Finance screener via yfinance
BKH,Black Hills Corporation,NYQ,USD,73.3,5589355520.0,65437695.0,1973-02-22,78.69,2026-09-04,Yahoo Finance screener via yfinance
CNX,CNX Resources Corporation,NYQ,USD,37.77,5587831296.0,65051498.0,1999-04-30,43.62,2026-09-04,Yahoo Finance screener via yfinance
WPP,WPP plc,NYQ,USD,25.9,5586757120.0,13124566.0,1987-12-29,27.78,2026-09-04,Yahoo Finance screener via yfinance
NOVT,Novanta Inc.,NMS,USD,147.24,5568288256.0,71745046.0,1999-03-24,176.38,2026-09-04,Yahoo Finance screener via yfinance
CROX,"Crocs, Inc.",NMS,USD,116.01,5562108416.0,123925594.0,2006-02-08,141.28,2026-09-04,Yahoo Finance screener via yfinance
SIGI,"Selective Insurance Group, Inc.",NMS,USD,93.2,5551841792.0,49613902.0,1980-03-17,100.4,2026-09-04,Yahoo Finance screener via yfinance
PECO,"Phillips Edison & Company, Inc.",NMS,USD,39.18,5541875712.0,38728529.0,2021-02-25,44.375,2026-09-04,Yahoo Finance screener via yfinance
AX,"Axos Financial, Inc.",NYQ,USD,97.04,5505472000.0,35022027.0,2005-03-16,105.74,2026-09-04,Yahoo Finance screener via yfinance
PIPR,Piper Sandler Companies,NYQ,USD,77.75,5494615040.0,45600453.0,2004-01-02,95.065,2026-09-04,Yahoo Finance screener via yfinance
CRGY,Crescent Energy Company,NYQ,USD,13.96,5491907584.0,81701752.0,2021-12-08,14.535,2026-09-04,Yahoo Finance screener via yfinance
ADT,ADT Inc.,NYQ,USD,7.51,5486499840.0,60477069.0,2018-01-19,8.935,2026-09-04,Yahoo Finance screener via yfinance
BCPC,Balchem Corporation,NMS,USD,171.74,5474731520.0,37097214.0,1986-06-03,183.9,2026-09-04,Yahoo Finance screener via yfinance
NXST,"Nexstar Media Group, Inc.",NMS,USD,177.67,5473710592.0,69014312.0,2003-11-25,254.3,2026-09-04,Yahoo Finance screener via yfinance
OZK,Bank OZK,NMS,USD,50.17,5470416896.0,59025005.0,1997-07-17,53.66,2026-09-04,Yahoo Finance screener via yfinance
CRSP,CRISPR Therapeutics AG,NGM,USD,56.49,5462168064.0,90619507.0,2016-10-19,78.48,2026-09-04,Yahoo Finance screener via yfinance
HCC,"Warrior Met Coal, Inc.",NYQ,USD,103.27,5452871680.0,69264635.0,2017-04-13,111.42,2026-09-04,Yahoo Finance screener via yfinance
NJR,New Jersey Resources Corporation,NYQ,USD,53.72,5450857984.0,36769728.0,1980-03-17,60.86,2026-09-04,Yahoo Finance screener via yfinance
SHC,Sotera Health Company,NMS,USD,19.03,5430682112.0,52830439.0,2020-11-20,19.85,2026-09-04,Yahoo Finance screener via yfinance
MAIN,Main Street Capital Corporation,NYQ,USD,58.07,5430036480.0,35545170.0,2007-10-09,67.34,2026-09-04,Yahoo Finance screener via yfinance
CMBT,Cmb.Tech NV,NYQ,USD,18.7,5426174976.0,19711782.0,2015-01-26,19.04,2026-09-04,Yahoo Finance screener via yfinance
GXO,"GXO Logistics, Inc.",NYQ,USD,47.18,5410818560.0,66765220.0,2021-07-22,66.85,2026-09-04,Yahoo Finance screener via yfinance
BULL,Webull Corporation,NCM,USD,10.0,5396204032.0,127217870.0,2022-08-22,16.04,2026-09-04,Yahoo Finance screener via yfinance
MXL,"MaxLinear, Inc.",NMS,USD,59.45,5391710208.0,201801360.0,2010-03-24,128.3,2026-09-04,Yahoo Finance screener via yfinance
MMYT,MakeMyTrip Limited,NMS,USD,57.13,5373571584.0,50932880.0,2010-08-12,103.24,2026-09-04,Yahoo Finance screener via yfinance
ZGN,Ermenegildo Zegna N.V.,NYQ,USD,12.65,5361965056.0,15127642.0,2021-12-20,15.95,2026-09-04,Yahoo Finance screener via yfinance
PSMT,"PriceSmart, Inc.",NMS,USD,173.72,5361090048.0,50556342.0,1997-09-02,199.84,2026-09-04,Yahoo Finance screener via yfinance
KRG,Kite Realty Group Trust,NYQ,USD,26.09,5353577472.0,67027297.0,2004-08-12,29.92,2026-09-04,Yahoo Finance screener via yfinance
PI,"Impinj, Inc.",NMS,USD,175.11,5350383104.0,72504996.0,2016-07-21,247.064,2026-09-04,Yahoo Finance screener via yfinance
SEI,"Solaris Energy Infrastructure, Inc.",NYQ,USD,53.17,5350303232.0,153574420.0,2017-05-12,86.19,2026-09-04,Yahoo Finance screener via yfinance
MUR,Murphy Oil Corporation,NYQ,USD,37.32,5349806080.0,66672217.0,1980-03-17,43.34,2026-09-04,Yahoo Finance screener via yfinance
SBRA,"Sabra Health Care REIT, Inc.",NMS,USD,20.93,5346835456.0,63452560.0,2002-04-02,22.77,2026-09-04,Yahoo Finance screener via yfinance
KNT.TO,K92 Mining Inc.,TOR,CAD,29.99,5343486890.0,15757733.0,2011-01-10,33.45,2026-09-04,Yahoo Finance screener via yfinance
VRNS,"Varonis Systems, Inc.",NMS,USD,46.51,5342160896.0,92075289.0,2014-02-28,63.9,2026-09-04,Yahoo Finance screener via yfinance
ACIW,"ACI Worldwide, Inc.",NMS,USD,52.91,5341541888.0,55507405.0,1995-02-24,61.08,2026-09-04,Yahoo Finance screener via yfinance
XMTR,"Xometry, Inc.",NMS,USD,93.04,5333385216.0,68427571.0,2021-06-30,106.08,2026-09-04,Yahoo Finance screener via yfinance
CAKE,The Cheesecake Factory Incorporated,NMS,USD,107.18,5333344768.0,179668192.0,1992-09-18,118.46,2026-09-04,Yahoo Finance screener via yfinance
GVA,Granite Construction Incorporated,NYQ,USD,119.48,5308125184.0,102067224.0,1990-04-20,162.08,2026-09-04,Yahoo Finance screener via yfinance
GLNG,Golar LNG Limited,NMS,USD,51.99,5308023296.0,64495155.0,2003-07-15,57.79,2026-09-04,Yahoo Finance screener via yfinance
SAIC,Science Applications International Corporation,NMS,USD,126.5,5300050944.0,65354580.0,2013-09-16,142.66,2026-09-04,Yahoo Finance screener via yfinance
MMSI,"Merit Medical Systems, Inc.",NMS,USD,88.57,5288551936.0,79174229.0,1990-05-14,94.75,2026-09-04,Yahoo Finance screener via yfinance
CPA,"Copa Holdings, S.A.",NYQ,USD,129.41,5282441728.0,38743413.0,2005-12-15,160.47,2026-09-04,Yahoo Finance screener via yfinance
WH,"Wyndham Hotels & Resorts, Inc.",NYQ,USD,70.99,5268247040.0,96077511.0,2018-05-21,90.35,2026-09-04,Yahoo Finance screener via yfinance
FND,"Floor & Decor Holdings, Inc.",NYQ,USD,49.38,5258474496.0,125604696.0,2017-04-27,92.405,2026-09-04,Yahoo Finance screener via yfinance
CNO,"CNO Financial Group, Inc.",NYQ,USD,56.72,5247812096.0,45109473.0,2003-09-10,57.59,2026-09-04,Yahoo Finance screener via yfinance
WFG,West Fraser Timber Co. Ltd.,NYQ,USD,67.01,5247139328.0,14873138.0,2009-02-13,76.99,2026-09-04,Yahoo Finance screener via yfinance
PRM,"Perimeter Solutions, Inc.",NYQ,USD,32.05,5246166016.0,52069904.0,2021-11-09,38.17,2026-09-04,Yahoo Finance screener via yfinance
SON,Sonoco Products Company,NYQ,USD,52.69,5209723392.0,59691816.0,1980-03-17,60.67,2026-09-04,Yahoo Finance screener via yfinance
OUT,OUTFRONT Media Inc.,NYQ,USD,29.4,5178376192.0,52876488.0,2014-03-28,34.96,2026-09-04,Yahoo Finance screener via yfinance
VFC,V.F. Corporation,NYQ,USD,13.14,5165788160.0,93335483.0,1980-03-17,22.27,2026-09-04,Yahoo Finance screener via yfinance
OII,"Oceaneering International, Inc.",NYQ,USD,51.78,5153645056.0,55597584.0,1975-10-31,54.25,2026-09-04,Yahoo Finance screener via yfinance
CIGI,Colliers International Group Inc.,NMS,USD,100.79,5150754304.0,21997720.0,1995-01-20,171.51,2026-09-04,Yahoo Finance screener via yfinance
ALM,Almonty Industries Inc.,NCM,USD,17.84,5146496512.0,118553775.0,2013-06-17,24.41,2026-09-04,Yahoo Finance screener via yfinance
SPHR,Sphere Entertainment Co.,NYQ,USD,143.0,5135645696.0,104762372.0,2020-04-09,181.63,2026-09-04,Yahoo Finance screener via yfinance
MC,Moelis & Company,NYQ,USD,69.14,5121953280.0,62863609.0,2014-04-16,78.216,2026-09-04,Yahoo Finance screener via yfinance
HASI,"HA Sustainable Infrastructure Capital, Inc.",NYQ,USD,39.84,5119272448.0,41496507.0,2013-04-18,44.13,2026-09-04,Yahoo Finance screener via yfinance
DFTX,"Definium Therapeutics, Inc.",NMS,USD,38.0,5105944064.0,112349470.0,2016-11-15,49.7,2026-09-04,Yahoo Finance screener via yfinance
GTX,Garrett Motion Inc.,NMS,USD,27.33,5096864768.0,71661720.0,2018-09-17,36.25,2026-09-04,Yahoo Finance screener via yfinance
MRCY,"Mercury Systems, Inc.",NMS,USD,84.71,5094131712.0,63020767.0,1998-01-30,128.45,2026-09-04,Yahoo Finance screener via yfinance
MIDD,The Middleby Corporation,NMS,USD,112.4,5082992128.0,79299661.0,1987-08-10,148.55,2026-09-04,Yahoo Finance screener via yfinance
RGTI,"Rigetti Computing, Inc.",NCM,USD,15.18,5066609664.0,369614283.0,2021-04-22,58.15,2026-09-04,Yahoo Finance screener via yfinance
INSW,"International Seaways, Inc.",NYQ,USD,102.24,5064081408.0,57185286.0,2016-11-16,102.96,2026-09-04,Yahoo Finance screener via yfinance
BMA,Banco Macro S.A.,NYQ,USD,79.18,5062692352.0,23074794.0,2006-03-27,106.15,2026-09-04,Yahoo Finance screener via yfinance
OGS,"ONE Gas, Inc.",NYQ,USD,80.54,5062444032.0,47850586.0,2014-01-16,90.78,2026-09-04,Yahoo Finance screener via yfinance
AIR,AAR Corp.,NYQ,USD,125.66,5058926080.0,56650418.0,1980-03-17,154.0,2026-09-04,Yahoo Finance screener via yfinance
GOLF,Acushnet Holdings Corp.,NYQ,USD,86.59,5057292800.0,32854930.0,2016-10-28,119.65,2026-09-04,Yahoo Finance screener via yfinance
EBC,"Eastern Bankshares, Inc.",NMS,USD,22.08,5045535232.0,72180293.0,2020-10-15,23.775,2026-09-04,Yahoo Finance screener via yfinance
WTM,"White Mountains Insurance Group, Ltd.",NYQ,USD,2112.23,5041303552.0,42079846.0,1985-10-23,2333.0,2026-09-04,Yahoo Finance screener via yfinance
FBIN,"Fortune Brands Innovations, Inc.",NYQ,USD,42.21,5035375104.0,109103648.0,2011-09-16,64.84,2026-09-04,Yahoo Finance screener via yfinance
MTRN,Materion Corporation,NYQ,USD,240.56,5011760640.0,90872262.0,1980-03-17,304.58,2026-09-04,Yahoo Finance screener via yfinance
WHD,"Cactus, Inc.",NYQ,USD,71.64,4995684352.0,57121939.0,2018-02-08,74.07,2026-09-04,Yahoo Finance screener via yfinance
DAVE,Dave Inc.,NGM,USD,390.86,4985617408.0,198819538.0,2021-04-26,458.25,2026-09-04,Yahoo Finance screener via yfinance
SLM,SLM Corporation,NMS,USD,26.49,4980120064.0,71776960.0,1983-09-23,32.02,2026-09-04,Yahoo Finance screener via yfinance
CSW,"CSW Industrials, Inc.",NYQ,USD,305.57,4978801152.0,45973006.0,2015-09-30,355.483,2026-09-04,Yahoo Finance screener via yfinance
IRDM,Iridium Communications Inc.,NMS,USD,46.95,4975834112.0,96593287.0,2008-03-20,57.18,2026-09-04,Yahoo Finance screener via yfinance
UNF,UniFirst Corporation,NYQ,USD,275.1,4974956032.0,55026052.0,1984-01-16,306.67,2026-09-04,Yahoo Finance screener via yfinance
CE,Celanese Corporation,NYQ,USD,45.2,4960651776.0,79093130.0,2005-01-21,70.7,2026-09-04,Yahoo Finance screener via yfinance
GBTG,"Global Business Travel Group, Inc.",NYQ,USD,9.49,4957323776.0,19402817.0,2022-08-18,9.54,2026-09-04,Yahoo Finance screener via yfinance
LAUR,"Laureate Education, Inc.",NMS,USD,35.95,4952089600.0,41792414.0,2017-02-01,40.925,2026-09-04,Yahoo Finance screener via yfinance
PSN,Parsons Corporation,NYQ,USD,46.35,4950429696.0,62574957.0,2019-05-08,89.5,2026-09-04,Yahoo Finance screener via yfinance
BOX,"Box, Inc.",NYQ,USD,35.96,4933739520.0,99056603.0,2015-01-23,36.34,2026-09-04,Yahoo Finance screener via yfinance
SR,Spire Inc.,NYQ,USD,83.33,4925870592.0,46983621.0,1973-02-21,95.31,2026-09-04,Yahoo Finance screener via yfinance
TFSL,TFS Financial Corporation,NMS,USD,17.5,4907748352.0,15907378.0,2007-04-23,19.49,2026-09-04,Yahoo Finance screener via yfinance
LFST,"LifeStance Health Group, Inc.",NMS,USD,12.83,4901773312.0,49396629.0,2021-06-10,13.15,2026-09-04,Yahoo Finance screener via yfinance
CAR,"Avis Budget Group, Inc.",NMS,USD,138.51,4892969472.0,72571345.0,1983-09-14,847.7,2026-09-04,Yahoo Finance screener via yfinance
EIF.TO,Exchange Income Corporation,TOR,CAD,119.18,4872933927.0,13475159.0,2004-05-10,136.75,2026-09-04,Yahoo Finance screener via yfinance
RDN,Radian Group Inc.,NYQ,USD,36.81,4870011904.0,44485179.0,1992-10-30,41.05,2026-09-04,Yahoo Finance screener via yfinance
MTN,"Vail Resorts, Inc.",NYQ,USD,136.06,4848297984.0,98812759.0,1997-02-04,163.34,2026-09-04,Yahoo Finance screener via yfinance
CNR,"Core Natural Resources, Inc.",NYQ,USD,97.43,4836060672.0,58107349.0,2017-11-14,114.8,2026-09-04,Yahoo Finance screener via yfinance
ACMR,"ACM Research, Inc.",NGM,USD,69.42,4835047424.0,90964983.0,2017-11-02,127.19,2026-09-04,Yahoo Finance screener via yfinance
GEF,"Greif, Inc.",NYQ,USD,85.02,4833230336.0,22305932.0,1996-02-28,90.57,2026-09-04,Yahoo Finance screener via yfinance
DOCS,"Doximity, Inc.",NYQ,USD,27.1,4830466048.0,126739410.0,2021-06-24,76.51,2026-09-04,Yahoo Finance screener via yfinance
CUZ,Cousins Properties Incorporated,NYQ,USD,29.25,4815341568.0,47546518.0,1980-03-17,32.95,2026-09-04,Yahoo Finance screener via yfinance
GNTX,Gentex Corporation,NMS,USD,22.84,4812007424.0,59891596.0,1981-12-22,29.38,2026-09-04,Yahoo Finance screener via yfinance
ACAD,ACADIA Pharmaceuticals Inc.,NMS,USD,27.86,4800432128.0,45337609.0,2004-05-27,30.96,2026-09-04,Yahoo Finance screener via yfinance
ENPH,"Enphase Energy, Inc.",NGM,USD,36.31,4798172160.0,195438684.0,2012-03-30,73.74,2026-09-04,Yahoo Finance screener via yfinance
PTEN,"Patterson-UTI Energy, Inc.",NMS,USD,12.55,4786380288.0,114986601.0,1993-11-02,13.31,2026-09-04,Yahoo Finance screener via yfinance
ATAT,Atour Lifestyle Holdings Limited,NMS,USD,34.62,4783997440.0,32416437.0,2022-11-11,43.173,2026-09-04,Yahoo Finance screener via yfinance
FFIN,"First Financial Bankshares, Inc.",NMS,USD,33.34,4778539008.0,28706040.0,1993-11-01,37.83,2026-09-04,Yahoo Finance screener via yfinance
GHC,Graham Holdings Company,NYQ,USD,1122.91,4755443200.0,28369198.0,1973-02-21,1262.35,2026-09-04,Yahoo Finance screener via yfinance
TXG.TO,Torex Gold Resources Inc.,TOR,CAD,70.69,4746426443.0,29995014.0,2010-04-20,85.0,2026-09-04,Yahoo Finance screener via yfinance
CRC,California Resources Corporation,NYQ,USD,53.42,4744758784.0,43315554.0,2020-10-28,71.98,2026-09-04,Yahoo Finance screener via yfinance
LPX,Louisiana-Pacific Corporation,NYQ,USD,67.73,4735912448.0,79003523.0,1980-03-17,101.28,2026-09-04,Yahoo Finance screener via yfinance
CELC,Celcuity Inc.,NCM,USD,96.43,4718503936.0,124424400.0,2017-09-20,151.02,2026-09-04,Yahoo Finance screener via yfinance
BC,Brunswick Corporation,NYQ,USD,72.76,4714660864.0,50234159.0,1981-12-31,90.25,2026-09-04,Yahoo Finance screener via yfinance
TDW,Tidewater Inc.,NYQ,USD,94.58,4705944576.0,68230579.0,1980-03-17,101.58,2026-09-04,Yahoo Finance screener via yfinance
CENX,Century Aluminum Company,NMS,USD,47.51,4703171072.0,103537165.0,1996-03-29,70.43,2026-09-04,Yahoo Finance screener via yfinance
CLMT,"Calumet, Inc.",NMS,USD,53.5,4702555648.0,59701827.0,2006-01-26,54.695,2026-09-04,Yahoo Finance screener via yfinance
KBR,"KBR, Inc.",NYQ,USD,37.29,4701066752.0,59237999.0,2006-11-16,52.23,2026-09-04,Yahoo Finance screener via yfinance
HAE,Haemonetics Corporation,NYQ,USD,102.85,4679371776.0,86255050.0,1991-05-10,109.57,2026-09-04,Yahoo Finance screener via yfinance
SKY,"Champion Homes, Inc.",NYQ,USD,86.11,4674062336.0,63234706.0,1973-05-03,99.17,2026-09-04,Yahoo Finance screener via yfinance
NSIT,"Insight Enterprises, Inc.",NMS,USD,159.15,4670869504.0,64744130.0,1995-01-24,159.42,2026-09-04,Yahoo Finance screener via yfinance
VSH,"Vishay Intertechnology, Inc.",NYQ,USD,30.45,4670395904.0,195040776.0,1980-03-17,69.47,2026-09-04,Yahoo Finance screener via yfinance
TVE.TO,Tamarack Valley Energy Ltd.,TOR,CAD,13.53,4660660206.0,16683880.0,2008-02-13,14.05,2026-09-04,Yahoo Finance screener via yfinance
DYN,"Dyne Therapeutics, Inc.",NMS,USD,24.95,4659323392.0,55676674.0,2020-09-17,27.305,2026-09-04,Yahoo Finance screener via yfinance
CHEF,"The Chefs' Warehouse, Inc.",NMS,USD,114.21,4659320832.0,73254066.0,2011-07-28,117.65,2026-09-04,Yahoo Finance screener via yfinance
BDC,Belden Inc.,NYQ,USD,118.92,4647178752.0,62264371.0,1993-11-24,159.99,2026-09-04,Yahoo Finance screener via yfinance
SFBS,"ServisFirst Bancshares, Inc.",NYQ,USD,42.5,4647163392.0,25356902.0,2014-05-14,46.04,2026-09-04,Yahoo Finance screener via yfinance
HRI,Herc Holdings Inc.,NYQ,USD,138.94,4644964864.0,73388664.0,2006-11-16,188.35,2026-09-04,Yahoo Finance screener via yfinance
DLO,DLocal Limited,NMS,USD,15.78,4643566592.0,40977173.0,2021-06-03,16.78,2026-09-04,Yahoo Finance screener via yfinance
ESAB,ESAB Corporation,NYQ,USD,74.7,4641556480.0,56932829.0,2022-03-29,137.42,2026-09-04,Yahoo Finance screener via yfinance
FHI,"Federated Hermes, Inc.",NYQ,USD,62.16,4640883200.0,36289257.0,1998-05-14,67.2,2026-09-04,Yahoo Finance screener via yfinance
EPR,EPR Properties,NYQ,USD,60.48,4633307648.0,41674893.0,1997-11-18,64.97,2026-09-04,Yahoo Finance screener via yfinance
PAY,"Paymentus Holdings, Inc.",NYQ,USD,36.77,4630800896.0,46697165.0,2021-05-26,45.31,2026-09-04,Yahoo Finance screener via yfinance
ALK,"Alaska Air Group, Inc.",NYQ,USD,41.4,4620369408.0,122714568.0,1980-03-17,65.88,2026-09-04,Yahoo Finance screener via yfinance
REYN,Reynolds Consumer Products Inc.,NMS,USD,21.83,4601567232.0,27330898.0,2020-01-31,27.32,2026-09-04,Yahoo Finance screener via yfinance
TPC,Tutor Perini Corporation,NYQ,USD,87.32,4594315776.0,62085306.0,1973-05-03,102.3,2026-09-04,Yahoo Finance screener via yfinance
MEOH,Methanex Corporation,NMS,USD,59.35,4591568896.0,52768085.0,1992-05-19,66.75,2026-09-04,Yahoo Finance screener via yfinance
UFPI,"UFP Industries, Inc.",NMS,USD,83.2,4589435904.0,38553216.0,1993-11-10,118.0,2026-09-04,Yahoo Finance screener via yfinance
BIPC,Brookfield Infrastructure Corporation,NYQ,USD,37.24,4582289408.0,38196100.0,2020-03-31,51.72,2026-09-04,Yahoo Finance screener via yfinance
FULT,Fulton Financial Corporation,NMS,USD,23.87,4557130752.0,45053957.0,1985-09-03,25.23,2026-09-04,Yahoo Finance screener via yfinance
EWTX,"Edgewise Therapeutics, Inc.",NMS,USD,41.95,4555943424.0,56827148.0,2021-03-26,48.4,2026-09-04,Yahoo Finance screener via yfinance
NNI,"Nelnet, Inc.",NYQ,USD,127.27,4553649152.0,17094143.0,2003-12-12,144.38,2026-09-04,Yahoo Finance screener via yfinance
DOO.TO,BRP Inc.,TOR,CAD,88.23,4552146087.0,16869675.0,2013-05-22,112.26,2026-09-04,Yahoo Finance screener via yfinance
PAM,Pampa Energía S.A.,NYQ,USD,84.74,4542383104.0,14550112.0,2009-10-09,94.5,2026-09-04,Yahoo Finance screener via yfinance
CHH,"Choice Hotels International, Inc.",NYQ,USD,99.4,4522251776.0,58569263.0,1996-10-16,123.82,2026-09-04,Yahoo Finance screener via yfinance
BB,BlackBerry Limited,NYQ,USD,7.7,4512973312.0,170661753.0,1999-02-04,13.59,2026-09-04,Yahoo Finance screener via yfinance
CGAU,Centerra Gold Inc.,NYQ,USD,23.04,4506797568.0,38194145.0,2008-06-24,24.52,2026-09-04,Yahoo Finance screener via yfinance
HP,"Helmerich & Payne, Inc.",NYQ,USD,45.02,4499251200.0,57755348.0,1980-10-15,48.17,2026-09-04,Yahoo Finance screener via yfinance
GFF,Griffon Corporation,NYQ,USD,97.75,4483463168.0,34166166.0,1973-05-03,108.57,2026-09-04,Yahoo Finance screener via yfinance
RUM,RUM Group Inc.,NGM,USD,9.04,4482124288.0,33273853.0,2021-04-14,10.595,2026-09-04,Yahoo Finance screener via yfinance
MARA,"MARA Holdings, Inc.",NCM,USD,11.6,4481072128.0,537922160.0,2012-05-04,23.45,2026-09-04,Yahoo Finance screener via yfinance
VNT,Vontier Corporation,NYQ,USD,33.02,4464304128.0,52704642.0,2020-09-24,48.2,2026-09-04,Yahoo Finance screener via yfinance
BOOT,"Boot Barn Holdings, Inc.",NYQ,USD,147.36,4462774784.0,100325193.0,2014-10-30,210.25,2026-09-04,Yahoo Finance screener via yfinance
LIVN,LivaNova PLC,NMS,USD,81.2,4460602880.0,56954005.0,2015-10-19,85.76,2026-09-04,Yahoo Finance screener via yfinance
TREX,"Trex Company, Inc.",NYQ,USD,43.69,4450489856.0,87249454.0,1999-04-08,66.06,2026-09-04,Yahoo Finance screener via yfinance
IBOC,International Bancshares Corporation,NMS,USD,71.54,4449180672.0,25585637.0,1995-08-30,78.46,2026-09-04,Yahoo Finance screener via yfinance
BNL,"Broadstone Net Lease, Inc.",NYQ,USD,20.87,4443152384.0,43482603.0,2020-09-17,23.1,2026-09-04,Yahoo Finance screener via yfinance
SKT,Tanger Inc.,NYQ,USD,37.15,4440981504.0,38184850.0,1993-05-28,42.53,2026-09-04,Yahoo Finance screener via yfinance
ACHR,Archer Aviation Inc.,NYQ,USD,5.76,4435354624.0,216216674.0,2020-12-18,14.62,2026-09-04,Yahoo Finance screener via yfinance
DK,"Delek US Holdings, Inc.",NYQ,USD,72.4,4433209856.0,98449737.0,2006-05-04,77.4,2026-09-04,Yahoo Finance screener via yfinance
NVST,Envista Holdings Corporation,NYQ,USD,27.59,4431442944.0,74627474.0,2019-09-18,30.42,2026-09-04,Yahoo Finance screener via yfinance
MYRG,MYR Group Inc.,NMS,USD,284.1,4423223808.0,87589735.0,2008-08-13,503.57,2026-09-04,Yahoo Finance screener via yfinance
TKC,Turkcell Iletisim Hizmetleri A.S.,NYQ,USD,5.06,4405119488.0,11719719.0,2000-07-11,7.18,2026-09-04,Yahoo Finance screener via yfinance
RHI,Robert Half Inc.,NYQ,USD,43.0,4401558528.0,99520490.0,1980-03-17,46.7,2026-09-04,Yahoo Finance screener via yfinance
MTH,Meritage Homes Corporation,NYQ,USD,67.47,4397296128.0,58383140.0,1988-07-26,85.38,2026-09-04,Yahoo Finance screener via yfinance
KFY,Korn Ferry,NYQ,USD,85.59,4395571200.0,43360408.0,1999-02-11,87.51,2026-09-04,Yahoo Finance screener via yfinance
CRK,"Comstock Resources, Inc.",NYQ,USD,14.95,4389626880.0,38595144.0,1987-08-28,28.1,2026-09-04,Yahoo Finance screener via yfinance
FELE,"Franklin Electric Co., Inc.",NMS,USD,99.27,4388871680.0,27888715.0,1980-03-17,115.82,2026-09-04,Yahoo Finance screener via yfinance
SLGN,Silgan Holdings Inc.,NYQ,USD,41.51,4386860544.0,48424445.0,1997-02-14,49.55,2026-09-04,Yahoo Finance screener via yfinance
CVI,"CVR Energy, Inc.",NYQ,USD,43.58,4381123584.0,44127583.0,2007-10-23,44.33,2026-09-04,Yahoo Finance screener via yfinance
BCO,The Brink's Company,NYQ,USD,106.35,4379602432.0,53370790.0,1996-01-03,136.37,2026-09-04,Yahoo Finance screener via yfinance
OLLI,"Ollie's Bargain Outlet Holdings, Inc.",NGM,USD,73.69,4377363456.0,147261580.0,2015-07-16,139.21,2026-09-04,Yahoo Finance screener via yfinance
ELVN,"Enliven Therapeutics, Inc.",NMS,USD,59.65,4370600960.0,85052072.0,2020-03-12,62.32,2026-09-04,Yahoo Finance screener via yfinance
NWE,"NorthWestern Energy Group, Inc.",NMS,USD,70.9,4361615360.0,31824316.0,2007-12-28,75.18,2026-09-04,Yahoo Finance screener via yfinance
ONDS,Ondas Inc.,NCM,USD,7.63,4360199168.0,619967303.0,2020-12-04,15.28,2026-09-04,Yahoo Finance screener via yfinance
CECO,CECO Environmental Corp.,NMS,USD,74.35,4354667008.0,65197366.0,1980-12-02,101.24,2026-09-04,Yahoo Finance screener via yfinance
TDS,"Telephone and Data Systems, Inc.",NYQ,USD,37.82,4353687040.0,42120890.0,1981-12-15,49.12,2026-09-04,Yahoo Finance screener via yfinance
CVSA,Covista Inc.,NYQ,USD,127.64,4344714752.0,45569905.0,1991-06-21,156.26,2026-09-04,Yahoo Finance screener via yfinance
FBP,First BanCorp.,NYQ,USD,28.45,4343412224.0,42463446.0,1987-01-13,29.88,2026-09-04,Yahoo Finance screener via yfinance
KRC,Kilroy Realty Corporation,NYQ,USD,36.96,4340676608.0,50415732.0,1997-01-29,45.03,2026-09-04,Yahoo Finance screener via yfinance
BILL,"BILL Holdings, Inc.",NYQ,USD,50.86,4337177088.0,126686665.0,2019-12-12,57.21,2026-09-04,Yahoo Finance screener via yfinance
USAR,"USA Rare Earth, Inc.",NGM,USD,17.69,4329098752.0,224837813.0,2023-07-17,43.98,2026-09-04,Yahoo Finance screener via yfinance
LAZ,"Lazard, Inc.",NYQ,USD,44.33,4319984128.0,96184175.0,2005-05-05,58.75,2026-09-04,Yahoo Finance screener via yfinance
CVCO,"Cavco Industries, Inc.",NMS,USD,560.94,4313293312.0,63956696.0,2003-07-01,713.01,2026-09-04,Yahoo Finance screener via yfinance
AQN,Algonquin Power & Utilities Corp.,NYQ,USD,5.6,4311450624.0,22342600.0,2009-12-29,7.11,2026-09-04,Yahoo Finance screener via yfinance
SITE,"SiteOne Landscape Supply, Inc.",NYQ,USD,98.47,4298746368.0,80573668.0,2016-05-12,168.56,2026-09-04,Yahoo Finance screener via yfinance
AYA.TO,Aya Gold & Silver Inc.,TOR,CAD,41.1,4292758594.0,36779052.0,2008-07-24,41.98,2026-09-04,Yahoo Finance screener via yfinance
LNR.TO,Linamar Corporation,TOR,CAD,100.19,4285291185.0,10339831.0,1995-01-12,110.58,2026-09-04,Yahoo Finance screener via yfinance
WK,Workiva Inc.,NYQ,USD,78.59,4276591616.0,69889773.0,2014-12-12,97.095,2026-09-04,Yahoo Finance screener via yfinance
ITGR,Integer Holdings Corporation,NYQ,USD,125.5,4266001920.0,109982804.0,2000-09-29,126.14,2026-09-04,Yahoo Finance screener via yfinance
LMND,"Lemonade, Inc.",NYQ,USD,55.08,4263005696.0,77688688.0,2020-07-02,99.9,2026-09-04,Yahoo Finance screener via yfinance
OPLN,"OPENLANE, Inc.",NYQ,USD,34.9,4260238336.0,41983758.0,2009-12-11,42.9,2026-09-04,Yahoo Finance screener via yfinance
CCC,CCC Intelligent Solutions Holdings Inc.,NMS,USD,7.22,4252541440.0,71512642.0,2020-10-05,9.91,2026-09-04,Yahoo Finance screener via yfinance
TCBI,"Texas Capital Bancshares, Inc.",NMS,USD,97.81,4252227840.0,49641998.0,2003-08-13,108.92,2026-09-04,Yahoo Finance screener via yfinance
ARIS,Aris Mining Corporation,NYQ,USD,20.55,4242150400.0,32010735.0,2010-10-08,23.29,2026-09-04,Yahoo Finance screener via yfinance
UCB,"United Community Banks, Inc.",NYQ,USD,35.39,4238441728.0,33344953.0,2002-03-21,37.18,2026-09-04,Yahoo Finance screener via yfinance
FCN,"FTI Consulting, Inc.",NYQ,USD,153.36,4234511360.0,67512446.0,1996-05-09,189.3,2026-09-04,Yahoo Finance screener via yfinance
LEGN,Legend Biotech Corporation,NMS,USD,21.75,4230123008.0,53347204.0,2020-06-05,37.5,2026-09-04,Yahoo Finance screener via yfinance
SLG,SL Green Realty Corp.,NYQ,USD,54.91,4213146880.0,58000884.0,1997-08-15,66.29,2026-09-04,Yahoo Finance screener via yfinance
CBT,Cabot Corporation,NYQ,USD,81.19,4191921664.0,41581540.0,1980-11-05,94.53,2026-09-04,Yahoo Finance screener via yfinance
UWMC,UWM Holdings Corporation,NYQ,USD,1.46,4184347648.0,31797979.0,2020-05-01,7.14,2026-09-04,Yahoo Finance screener via yfinance
ITRI,"Itron, Inc.",NMS,USD,95.55,4183824384.0,73913467.0,1993-11-05,142.0,2026-09-04,Yahoo Finance screener via yfinance
BFH,"Bread Financial Holdings, Inc.",NYQ,USD,108.79,4179632128.0,67377128.0,2001-06-15,114.53,2026-09-04,Yahoo Finance screener via yfinance
CATY,Cathay General Bancorp,NMS,USD,62.58,4174950912.0,30613010.0,1990-12-14,65.26,2026-09-04,Yahoo Finance screener via yfinance
MIR,"Mirion Technologies, Inc.",NYQ,USD,16.76,4173954816.0,66913965.0,2020-08-20,30.277,2026-09-04,Yahoo Finance screener via yfinance
RLAY,"Relay Therapeutics, Inc.",NGM,USD,19.01,4165882368.0,59222366.0,2020-07-16,21.27,2026-09-04,Yahoo Finance screener via yfinance
ICUI,"ICU Medical, Inc.",NMS,USD,166.29,4158420224.0,50195967.0,1992-03-31,192.85,2026-09-04,Yahoo Finance screener via yfinance
SKE,Skeena Resources Limited,NYQ,USD,33.11,4154070272.0,26771918.0,2002-02-05,38.77,2026-09-04,Yahoo Finance screener via yfinance
MDU,"MDU Resources Group, Inc.",NYQ,USD,19.73,4150194688.0,29237532.0,1973-02-21,22.98,2026-09-04,Yahoo Finance screener via yfinance
DIOD,Diodes Incorporated,NMS,USD,89.945,4142120448.0,56413324.0,1973-02-21,125.99,2026-09-04,Yahoo Finance screener via yfinance
EQB.TO,EQB Inc.,TOR,CAD,133.97,4135146621.0,10238353.0,2004-05-07,150.32,2026-09-04,Yahoo Finance screener via yfinance
AZZ,AZZ Inc.,NYQ,USD,137.45,4130578688.0,40514487.0,1980-03-17,162.2,2026-09-04,Yahoo Finance screener via yfinance
KLIC,"Kulicke and Soffa Industries, Inc.",NMS,USD,78.82,4124580864.0,83147533.0,1973-02-21,135.8,2026-09-04,Yahoo Finance screener via yfinance
MNDY,monday.com Ltd.,NMS,USD,97.33,4114540288.0,137024094.0,2021-06-10,220.8,2026-09-04,Yahoo Finance screener via yfinance
INDV,"Indivior Pharmaceuticals, Inc.",NMS,USD,34.83,4110998784.0,71271932.0,2014-12-29,42.81,2026-09-04,Yahoo Finance screener via yfinance
PARR,"Par Pacific Holdings, Inc.",NYQ,USD,81.98,4107167744.0,79478872.0,2012-09-05,87.03,2026-09-04,Yahoo Finance screener via yfinance
CDP,COPT Defense Properties,NYQ,USD,35.3,4089309184.0,33851217.0,1991-12-31,38.9,2026-09-04,Yahoo Finance screener via yfinance
MAT,"Mattel, Inc.",NMS,USD,14.3,4085510144.0,61711364.0,1976-06-17,22.48,2026-09-04,Yahoo Finance screener via yfinance
TNL,Travel + Leisure Co.,NYQ,USD,66.4,4069130496.0,49860690.0,2006-07-19,81.0,2026-09-04,Yahoo Finance screener via yfinance
IRTC,"iRhythm Holdings, Inc.",NMS,USD,123.43,4068623616.0,74099102.0,2016-10-20,212.0,2026-09-04,Yahoo Finance screener via yfinance
GEO,"The GEO Group, Inc.",NYQ,USD,30.88,4064412672.0,64256741.0,1994-07-27,33.15,2026-09-04,Yahoo Finance screener via yfinance
CNS,"Cohen & Steers, Inc.",NYQ,USD,78.99,4061786624.0,22047452.0,2004-08-16,86.56,2026-09-04,Yahoo Finance screener via yfinance
CNK,"Cinemark Holdings, Inc.",NYQ,USD,34.99,4055756032.0,88391038.0,2007-04-24,38.98,2026-09-04,Yahoo Finance screener via yfinance
WSFS,WSFS Financial Corporation,NMS,USD,78.78,4048346624.0,35253105.0,1986-11-26,82.94,2026-09-04,Yahoo Finance screener via yfinance
COLD,"Americold Realty Trust, Inc.",NYQ,USD,14.11,4047409408.0,57617310.0,2018-01-19,16.88,2026-09-04,Yahoo Finance screener via yfinance
GPGI,"GPGI, Inc.",NYQ,USD,13.96,4046865408.0,22283259.0,2020-11-19,26.78,2026-09-04,Yahoo Finance screener via yfinance
VVV,Valvoline Inc.,NYQ,USD,31.69,4041618432.0,67028755.0,2016-09-23,41.33,2026-09-04,Yahoo Finance screener via yfinance
KTB,"Kontoor Brands, Inc.",NYQ,USD,73.67,4026332160.0,58831904.0,2019-05-28,88.96,2026-09-04,Yahoo Finance screener via yfinance
STNG,Scorpio Tankers Inc.,NYQ,USD,80.11,4012017152.0,62199807.0,2010-03-31,87.39,2026-09-04,Yahoo Finance screener via yfinance
SMR,NuScale Power Corporation,NYQ,USD,9.75,4001297920.0,314456590.0,2022-03-01,57.42,2026-09-04,Yahoo Finance screener via yfinance
QTWO,"Q2 Holdings, Inc.",NYQ,USD,64.08,3995688960.0,52022899.0,2014-03-20,85.19,2026-09-04,Yahoo Finance screener via yfinance
PRIM,Primoris Services Corporation,NYQ,USD,73.59,3992620544.0,132898757.0,2008-08-06,205.5,2026-09-04,Yahoo Finance screener via yfinance
LOPE,"Grand Canyon Education, Inc.",NMS,USD,152.45,3973614592.0,54072643.0,2008-11-20,223.04,2026-09-04,Yahoo Finance screener via yfinance
VKTX,"Viking Therapeutics, Inc.",NCM,USD,33.98,3963866624.0,77180303.0,2015-04-28,43.15,2026-09-04,Yahoo Finance screener via yfinance
WSBC,"WesBanco, Inc.",NMS,USD,41.31,3961872384.0,54622271.0,1987-05-08,43.02,2026-09-04,Yahoo Finance screener via yfinance
CVBF,CVB Financial Corp.,NMS,USD,22.48,3956422400.0,32761161.0,1983-04-04,23.41,2026-09-04,Yahoo Finance screener via yfinance
THO,"THOR Industries, Inc.",NYQ,USD,75.78,3944907520.0,51909603.0,1984-01-10,122.83,2026-09-04,Yahoo Finance screener via yfinance
BMI,"Badger Meter, Inc.",NYQ,USD,136.02,3942791168.0,61622229.0,1973-02-21,204.0,2026-09-04,Yahoo Finance screener via yfinance
IOVA,"Iovance Biotherapeutics, Inc.",NGM,USD,8.7,3940851200.0,143482340.0,2010-10-15,9.36,2026-09-04,Yahoo Finance screener via yfinance
GEI.TO,Gibson Energy Inc.,TOR,CAD,31.46,3937518869.0,15569442.0,2012-01-24,32.99,2026-09-04,Yahoo Finance screener via yfinance
AVNT,Avient Corporation,NYQ,USD,42.91,3935685888.0,38848182.0,1999-09-13,46.64,2026-09-04,Yahoo Finance screener via yfinance
INDB,Independent Bank Corp.,NMS,USD,82.88,3925950976.0,30140224.0,1986-05-14,87.5,2026-09-04,Yahoo Finance screener via yfinance
GNW,"Genworth Financial, Inc.",NYQ,USD,10.38,3922093824.0,30003058.0,2004-05-25,10.69,2026-09-04,Yahoo Finance screener via yfinance
ADPT,Adaptive Biotechnologies Corporation,NMS,USD,24.57,3921269760.0,71720960.0,2019-06-27,26.87,2026-09-04,Yahoo Finance screener via yfinance
PLNT,"Planet Fitness, Inc.",NYQ,USD,51.5,3906235136.0,98726890.0,2015-08-06,114.26,2026-09-04,Yahoo Finance screener via yfinance
ATMU,Atmus Filtration Technologies Inc.,NYQ,USD,47.85,3904345856.0,35480296.0,2023-05-26,66.5,2026-09-04,Yahoo Finance screener via yfinance
PLSE,"Pulse Biosciences, Inc.",NCM,USD,54.71,3902059776.0,22251870.0,2016-05-18,55.3333,2026-09-04,Yahoo Finance screener via yfinance
IRT,"Independence Realty Trust, Inc.",NYQ,USD,16.13,3898398208.0,45577251.0,2013-08-13,18.18,2026-09-04,Yahoo Finance screener via yfinance
SES.TO,SECURE Waste Infrastructure Corp.,TOR,CAD,24.62,3892578528.0,13266421.0,2010-03-30,25.07,2026-09-04,Yahoo Finance screener via yfinance
SRAD,Sportradar Group AG,NMS,USD,13.11,3879926016.0,33106696.0,2021-09-14,31.65,2026-09-04,Yahoo Finance screener via yfinance
ABG,"Asbury Automotive Group, Inc.",NYQ,USD,215.41,3867022336.0,53234058.0,2002-03-21,262.67,2026-09-04,Yahoo Finance screener via yfinance
IDYA,"IDEAYA Biosciences, Inc.",NMS,USD,39.97,3856685056.0,43184627.0,2019-05-23,42.68,2026-09-04,Yahoo Finance screener via yfinance
DORM,"Dorman Products, Inc.",NMS,USD,129.66,3847740672.0,37482372.0,1991-03-12,166.89,2026-09-04,Yahoo Finance screener via yfinance
TNGX,"Tango Therapeutics, Inc.",NGM,USD,22.76,3837572096.0,85610306.0,2020-09-03,34.39,2026-09-04,Yahoo Finance screener via yfinance
BBWI,"Bath & Body Works, Inc.",NYQ,USD,18.97,3825211392.0,110056656.0,1982-04-01,32.03,2026-09-04,Yahoo Finance screener via yfinance
SYNA,Synaptics Incorporated,NMS,USD,97.68,3819970304.0,95438537.0,2002-01-29,149.11,2026-09-04,Yahoo Finance screener via yfinance
POST,"Post Holdings, Inc.",NYQ,USD,84.26,3818881024.0,78124187.0,2012-01-27,117.28,2026-09-04,Yahoo Finance screener via yfinance
PFSI,"PennyMac Financial Services, Inc.",NYQ,USD,73.23,3804413696.0,41561174.0,2013-05-09,160.36,2026-09-04,Yahoo Finance screener via yfinance
EFR.TO,Energy Fuels Inc.,TOR,CAD,19.79,3799649696.0,10897272.0,1996-07-31,38.37,2026-09-04,Yahoo Finance screener via yfinance
TENB,"Tenable Holdings, Inc.",NMS,USD,34.49,3798728192.0,125918472.0,2018-07-26,43.67,2026-09-04,Yahoo Finance screener via yfinance
OLED,Universal Display Corporation,NMS,USD,82.64,3798699264.0,62436173.0,1996-04-11,153.38,2026-09-04,Yahoo Finance screener via yfinance
HHH,Howard Hughes Holdings Inc.,NYQ,USD,63.51,3792882944.0,26998292.0,2010-11-05,91.07,2026-09-04,Yahoo Finance screener via yfinance
RCUS,"Arcus Biosciences, Inc.",NYQ,USD,30.13,3789545216.0,39392836.0,2018-03-15,31.735,2026-09-04,Yahoo Finance screener via yfinance
AMLX,"Amylyx Pharmaceuticals, Inc.",NMS,USD,33.96,3783926528.0,84800905.0,2022-01-07,41.14,2026-09-04,Yahoo Finance screener via yfinance
PEY.TO,Peyto Exploration & Development Corp.,TOR,CAD,25.31,3774902510.0,11835046.0,1997-12-11,29.22,2026-09-04,Yahoo Finance screener via yfinance
WT,"WisdomTree, Inc.",NYQ,USD,24.87,3768106240.0,70121189.0,1993-03-04,25.89,2026-09-04,Yahoo Finance screener via yfinance
RNST,Renasant Corporation,NYQ,USD,41.2,3765863936.0,28073804.0,1992-04-24,44.54,2026-09-04,Yahoo Finance screener via yfinance
ATH.TO,Athabasca Oil Corporation,TOR,CAD,10.79,3765827490.0,14238819.0,2010-04-20,12.86,2026-09-04,Yahoo Finance screener via yfinance
JOE,The St. Joe Company,NYQ,USD,66.07,3761394944.0,16314004.0,1990-03-23,73.54,2026-09-04,Yahoo Finance screener via yfinance
BANF,BancFirst Corporation,NMS,USD,111.75,3754659584.0,18275372.0,1990-03-26,138.77,2026-09-04,Yahoo Finance screener via yfinance
ABCL,AbCellera Biologics Inc.,NMS,USD,11.57,3749227776.0,88503026.0,2020-12-11,12.58,2026-09-04,Yahoo Finance screener via yfinance
OTTR,Otter Tail Corporation,NMS,USD,89.27,3748052480.0,22139049.0,1973-02-21,95.09,2026-09-04,Yahoo Finance screener via yfinance
FSM,Fortuna Mining Corp.,NYQ,USD,12.66,3746820352.0,69230729.0,2007-01-08,13.85,2026-09-04,Yahoo Finance screener via yfinance
BRZE,"Braze, Inc.",NMS,USD,33.25,3745003008.0,80345167.0,2021-11-17,37.327,2026-09-04,Yahoo Finance screener via yfinance
SKYW,"SkyWest, Inc.",NMS,USD,96.24,3736837888.0,39115882.0,1986-06-26,123.67,2026-09-04,Yahoo Finance screener via yfinance
MWA,"Mueller Water Products, Inc.",NYQ,USD,23.9,3731403776.0,27335840.0,2006-05-26,31.0,2026-09-04,Yahoo Finance screener via yfinance
TA.TO,TransAlta Corporation,TOR,CAD,16.26,3729433477.0,25945090.0,1995-01-12,25.03,2026-09-04,Yahoo Finance screener via yfinance
MHO,"M/I Homes, Inc.",NYQ,USD,147.48,3728741376.0,35122509.0,1993-11-03,163.66,2026-09-04,Yahoo Finance screener via yfinance
AXTI,"AXT, Inc.",NMS,USD,56.2,3685214464.0,581310770.0,1998-05-21,143.16,2026-09-04,Yahoo Finance screener via yfinance
ERO,Ero Copper Corp.,NYQ,USD,35.32,3683969024.0,47457824.0,2017-10-20,40.83,2026-09-04,Yahoo Finance screener via yfinance
MSGE,Madison Square Garden Entertainment Corp.,NYQ,USD,77.8,3680347136.0,34547090.0,2023-04-17,90.41,2026-09-04,Yahoo Finance screener via yfinance
APLE,"Apple Hospitality REIT, Inc.",NYQ,USD,15.58,3678168576.0,44914974.0,2015-05-18,17.28,2026-09-04,Yahoo Finance screener via yfinance
OPCH,"Option Care Health, Inc.",NMS,USD,24.46,3663747072.0,60340863.0,1996-08-15,36.8,2026-09-04,Yahoo Finance screener via yfinance
JOYY,JOYY Inc.,NMS,USD,74.59,3652933376.0,23801371.0,2012-11-21,80.9,2026-09-04,Yahoo Finance screener via yfinance
TARS,"Tarsus Pharmaceuticals, Inc.",NMS,USD,83.205,3651284736.0,79179292.0,2020-10-16,85.25,2026-09-04,Yahoo Finance screener via yfinance
IPAR,"Interparfums, Inc.",NMS,USD,114.01,3651259136.0,32605720.0,1988-02-04,129.29,2026-09-04,Yahoo Finance screener via yfinance
NMRK,"Newmark Group, Inc.",NMS,USD,14.915,3650236416.0,20595124.0,2017-12-15,19.835,2026-09-04,Yahoo Finance screener via yfinance
DNLI,Denali Therapeutics Inc.,NMS,USD,22.8,3644520704.0,37809924.0,2017-12-08,27.3,2026-09-04,Yahoo Finance screener via yfinance
LBTYA,Liberty Global Ltd.,NMS,USD,10.66,3635993344.0,23808588.0,2004-06-03,13.52,2026-09-04,Yahoo Finance screener via yfinance
OGN,Organon & Co.,NYQ,USD,13.77,3616132096.0,37111389.0,2021-05-14,13.785,2026-09-04,Yahoo Finance screener via yfinance
FA,First Advantage Corporation,NMS,USD,21.02,3610262784.0,45663007.0,2021-06-23,25.15,2026-09-04,Yahoo Finance screener via yfinance
PLMR,"Palomar Holdings, Inc.",NMS,USD,136.12,3607706880.0,37160896.0,2019-04-17,147.62,2026-09-04,Yahoo Finance screener via yfinance
WDO.TO,Wesdome Gold Mines Ltd.,TOR,CAD,34.59,3600416189.0,16716694.0,1996-08-13,36.47,2026-09-04,Yahoo Finance screener via yfinance
VCYT,"Veracyte, Inc.",NGM,USD,44.67,3591053568.0,60312764.0,2013-10-30,60.91,2026-09-04,Yahoo Finance screener via yfinance
CSTM,Constellium SE,NYQ,USD,26.48,3588774144.0,45264435.0,2013-05-23,36.99,2026-09-04,Yahoo Finance screener via yfinance
NIC,"Nicolet Bankshares, Inc.",NYQ,USD,170.87,3581009920.0,47514163.0,2013-05-17,180.0,2026-09-04,Yahoo Finance screener via yfinance
TPZ.TO,Topaz Energy Corp.,TOR,CAD,31.89,3580895781.0,11601102.0,2020-10-20,33.91,2026-09-04,Yahoo Finance screener via yfinance
LXP,LXP Industrial Trust,NYQ,USD,60.72,3579885056.0,42670251.0,1993-10-22,61.61,2026-09-04,Yahoo Finance screener via yfinance
FIBK,"First Interstate BancSystem, Inc.",NMS,USD,37.48,3572016640.0,40589303.0,2010-03-24,40.6,2026-09-04,Yahoo Finance screener via yfinance
LRN,"Stride, Inc.",NYQ,USD,85.8,3565834752.0,79043936.0,2007-12-13,166.93,2026-09-04,Yahoo Finance screener via yfinance
SBLK,Star Bulk Carriers Corp.,NMS,USD,31.87,3558967040.0,43102454.0,2007-12-03,32.4,2026-09-04,Yahoo Finance screener via yfinance
AWR,American States Water Company,NYQ,USD,89.65,3553333760.0,27826553.0,1973-02-21,91.72,2026-09-04,Yahoo Finance screener via yfinance
CALM,"Cal-Maine Foods, Inc.",NMS,USD,76.03,3551056640.0,68365264.0,1996-12-12,115.49,2026-09-04,Yahoo Finance screener via yfinance
MGNI,"Magnite, Inc.",NMS,USD,24.63,3532536832.0,72382127.0,2014-04-02,26.19,2026-09-04,Yahoo Finance screener via yfinance
NHI,"National Health Investors, Inc.",NYQ,USD,71.91,3531531264.0,41025518.0,1991-10-09,91.38,2026-09-04,Yahoo Finance screener via yfinance
KNF,Knife River Corporation,NYQ,USD,62.13,3526711296.0,43558225.0,2023-06-06,96.28,2026-09-04,Yahoo Finance screener via yfinance
WSC,WillScot Holdings Corporation,NCM,USD,19.46,3525975808.0,47000668.0,2015-11-05,29.77,2026-09-04,Yahoo Finance screener via yfinance
KAI,Kadant Inc.,NYQ,USD,297.56,3513920768.0,42027672.0,1992-11-03,354.07,2026-09-04,Yahoo Finance screener via yfinance
SA,Seabridge Gold Inc.,NYQ,USD,32.57,3513365504.0,25269434.0,2004-04-20,40.06,2026-09-04,Yahoo Finance screener via yfinance
TRMD,TORM plc,NMS,USD,34.18,3499682816.0,24222409.0,2018-02-23,35.33,2026-09-04,Yahoo Finance screener via yfinance
KXS.TO,Kinaxis Inc.,TOR,CAD,177.14,3492329405.0,12723524.0,2014-06-10,192.14,2026-09-04,Yahoo Finance screener via yfinance
FOUR,"Shift4 Payments, Inc.",NYQ,USD,44.19,3489247488.0,75572236.0,2020-06-05,89.55,2026-09-04,Yahoo Finance screener via yfinance
FRSH,Freshworks Inc.,NMS,USD,13.36,3485901312.0,205596773.0,2021-09-22,13.99,2026-09-04,Yahoo Finance screener via yfinance
HIW,"Highwoods Properties, Inc.",NYQ,USD,31.01,3483150336.0,51727781.0,1994-06-08,35.44,2026-09-04,Yahoo Finance screener via yfinance
HNI,HNI Corporation,NYQ,USD,48.23,3481328128.0,31867731.0,1980-03-17,52.79,2026-09-04,Yahoo Finance screener via yfinance
PII,Polaris Inc.,NYQ,USD,61.09,3476236288.0,51212419.0,1987-09-16,77.98,2026-09-04,Yahoo Finance screener via yfinance
CRVL,CorVel Corporation,NMS,USD,68.68,3469478144.0,13267534.0,1991-06-28,93.45,2026-09-04,Yahoo Finance screener via yfinance
BELFB,Bel Fuse Inc.,NMS,USD,239.89,3463879680.0,64038636.0,1998-07-10,335.29,2026-09-04,Yahoo Finance screener via yfinance
BTE,Baytex Energy Corp.,NYQ,USD,4.95,3461039872.0,85331461.0,2006-04-03,5.36,2026-09-04,Yahoo Finance screener via yfinance
TOWN,TowneBank,NMS,USD,37.41,3458078208.0,24249910.0,1999-05-05,39.03,2026-09-04,Yahoo Finance screener via yfinance
BFAM,Bright Horizons Family Solutions Inc.,NYQ,USD,71.09,3457483520.0,60813585.0,2013-01-25,117.25,2026-09-04,Yahoo Finance screener via yfinance
SMG,The Scotts Miracle-Gro Company,NYQ,USD,59.29,3451879936.0,55206579.0,1992-01-31,75.34,2026-09-04,Yahoo Finance screener via yfinance
FFBC,First Financial Bancorp.,NMS,USD,32.83,3446130688.0,31957937.0,1983-12-21,36.25,2026-09-04,Yahoo Finance screener via yfinance
AB,AllianceBernstein Holding L.P.,NYQ,USD,37.02,3445644544.0,10607933.0,1988-04-14,44.11,2026-09-04,Yahoo Finance screener via yfinance
NMIH,"NMI Holdings, Inc.",NGM,USD,45.39,3414138112.0,23799702.0,2013-11-08,46.74,2026-09-04,Yahoo Finance screener via yfinance
VAC,Marriott Vacations Worldwide Corporation,NYQ,USD,99.21,3412359680.0,48463093.0,2011-11-08,131.34,2026-09-04,Yahoo Finance screener via yfinance
ACLS,"Axcelis Technologies, Inc.",NMS,USD,110.37,3408389888.0,56152062.0,2000-07-11,193.78,2026-09-04,Yahoo Finance screener via yfinance
FSK,FS KKR Capital Corp.,NYQ,USD,12.33,3407275776.0,30090021.0,2014-04-16,18.21,2026-09-04,Yahoo Finance screener via yfinance
LEU,Centrus Energy Corp.,NYQ,USD,170.46,3401164288.0,130638498.0,1998-07-23,464.25,2026-09-04,Yahoo Finance screener via yfinance
WIX,Wix.com Ltd.,NMS,USD,81.2,3398180352.0,130339885.0,2013-11-06,190.93,2026-09-04,Yahoo Finance screener via yfinance
EXK,Endeavour Silver Corp.,NYQ,USD,11.47,3396777216.0,87159245.0,2006-04-26,15.15,2026-09-04,Yahoo Finance screener via yfinance
DAN,Dana Incorporated,NYQ,USD,31.52,3390817024.0,53802118.0,2008-01-02,39.56,2026-09-04,Yahoo Finance screener via yfinance
GPI,"Group 1 Automotive, Inc.",NYQ,USD,284.33,3389846016.0,58248128.0,1997-10-30,488.39,2026-09-04,Yahoo Finance screener via yfinance
GPCR,Structure Therapeutics Inc.,NGM,USD,47.34,3375808512.0,35201693.0,2023-02-03,94.9,2026-09-04,Yahoo Finance screener via yfinance
SII,Sprott Inc.,NYQ,USD,130.96,3369951744.0,25694745.0,2010-02-22,169.63,2026-09-04,Yahoo Finance screener via yfinance
BTU,Peabody Energy Corporation,NYQ,USD,27.64,3369315840.0,70717327.0,2017-04-03,41.14,2026-09-04,Yahoo Finance screener via yfinance
GBDC,"Golub Capital BDC, Inc.",NMS,USD,12.97,3367681024.0,14409916.0,2010-04-15,14.85,2026-09-04,Yahoo Finance screener via yfinance
FSLY,"Fastly, Inc.",NMS,USD,21.12,3364416256.0,118425437.0,2019-05-17,34.82,2026-09-04,Yahoo Finance screener via yfinance
QS,QuantumScape Corporation,NMS,USD,5.45,3352540672.0,124189428.0,2020-08-17,19.07,2026-09-04,Yahoo Finance screener via yfinance
ASH,Ashland Inc.,NYQ,USD,73.2,3352074496.0,64193399.0,1980-03-17,78.25,2026-09-04,Yahoo Finance screener via yfinance
SXI,Standex International Corporation,NYQ,USD,276.37,3349456384.0,46992573.0,1973-02-21,363.89,2026-09-04,Yahoo Finance screener via yfinance
AD,"Array Digital Infrastructure, Inc.",NYQ,USD,38.73,3349329664.0,10924261.0,1988-05-04,60.82,2026-09-04,Yahoo Finance screener via yfinance
FRPT,"Freshpet, Inc.",NGM,USD,69.68,3348686592.0,95402024.0,2014-11-07,86.0,2026-09-04,Yahoo Finance screener via yfinance
CBU,"Community Financial System, Inc.",NYQ,USD,63.49,3340583936.0,18432417.0,1985-11-26,71.11,2026-09-04,Yahoo Finance screener via yfinance
AGO,Assured Guaranty Ltd.,NYQ,USD,75.82,3334503424.0,27798493.0,2004-04-23,92.4,2026-09-04,Yahoo Finance screener via yfinance
EXPO,"Exponent, Inc.",NMS,USD,70.05,3330603264.0,37327333.0,1990-08-17,81.95,2026-09-04,Yahoo Finance screener via yfinance
SBCF,Seacoast Banking Corporation of Florida,NMS,USD,34.38,3328768000.0,34964769.0,1984-02-02,36.27,2026-09-04,Yahoo Finance screener via yfinance
CXW,"CoreCivic, Inc.",NYQ,USD,33.66,3328754688.0,49180626.0,1997-07-15,34.86,2026-09-04,Yahoo Finance screener via yfinance
LBRT,Liberty Energy Inc.,NYQ,USD,20.38,3325841152.0,89147663.0,2018-01-11,34.478,2026-09-04,Yahoo Finance screener via yfinance
ZIM,ZIM Integrated Shipping Services Ltd.,NYQ,USD,27.59,3325137664.0,39039629.0,2021-01-28,29.97,2026-09-04,Yahoo Finance screener via yfinance
USLM,"United States Lime & Minerals, Inc.",NMS,USD,115.83,3322973184.0,24911095.0,1980-03-17,141.44,2026-09-04,Yahoo Finance screener via yfinance
SFNC,Simmons First National Corporation,NMS,USD,22.98,3320926976.0,33078055.0,1985-03-14,24.32,2026-09-04,Yahoo Finance screener via yfinance
HTGC,"Hercules Capital, Inc.",NYQ,USD,17.72,3316546048.0,26703296.0,2005-06-09,19.62,2026-09-04,Yahoo Finance screener via yfinance
LION,Lionsgate Studios Corp.,NYQ,USD,11.1,3302912512.0,32482418.0,2022-03-01,16.7,2026-09-04,Yahoo Finance screener via yfinance
RXO,"RXO, Inc.",NYQ,USD,20.0,3298522624.0,37752760.0,2022-10-27,29.9,2026-09-04,Yahoo Finance screener via yfinance
INTA,"Intapp, Inc.",NMS,USD,43.11,3298395904.0,34485974.0,2021-06-30,47.93,2026-09-04,Yahoo Finance screener via yfinance
OSIS,"OSI Systems, Inc.",NMS,USD,206.62,3293929472.0,51278125.0,1997-10-02,311.72,2026-09-04,Yahoo Finance screener via yfinance
AAMI,Acadian Asset Management Inc.,NYQ,USD,92.24,3273609216.0,43765021.0,2014-10-09,98.52,2026-09-04,Yahoo Finance screener via yfinance
BKU,"BankUnited, Inc.",NYQ,USD,45.9,3269560320.0,41426127.0,2011-01-28,52.11,2026-09-04,Yahoo Finance screener via yfinance
BATRK,"Atlanta Braves Holdings, Inc.",NMS,USD,50.78,3258445568.0,29506582.0,2016-04-18,54.46,2026-09-04,Yahoo Finance screener via yfinance
FG,"F&G Annuities & Life, Inc.",NYQ,USD,24.87,3256358656.0,15855247.0,2022-11-22,35.6,2026-09-04,Yahoo Finance screener via yfinance
DHT,"DHT Holdings, Inc.",NYQ,USD,20.19,3255346176.0,66518257.0,2005-10-13,20.62,2026-09-04,Yahoo Finance screener via yfinance
HGV,Hilton Grand Vacations Inc.,NYQ,USD,41.86,3253532672.0,50391696.0,2017-01-04,55.4,2026-09-04,Yahoo Finance screener via yfinance
IPGP,IPG Photonics Corporation,NMS,USD,76.46,3252190976.0,35573091.0,2006-12-13,155.82,2026-09-04,Yahoo Finance screener via yfinance
BTDR,Bitdeer Technologies Group,NCM,USD,11.91,3236926464.0,142782201.0,2021-07-28,27.8,2026-09-04,Yahoo Finance screener via yfinance
CLSK,"CleanSpark, Inc.",NCM,USD,12.58,3230758656.0,270288068.0,2016-11-16,23.61,2026-09-04,Yahoo Finance screener via yfinance
AGYS,"Agilysys, Inc.",NMS,USD,114.15,3219690752.0,36406659.0,1980-03-17,145.25,2026-09-04,Yahoo Finance screener via yfinance
GPOR,Gulfport Energy Corporation,NYQ,USD,181.86,3215987968.0,69306119.0,2021-05-18,225.78,2026-09-04,Yahoo Finance screener via yfinance
KBH,KB Home,NYQ,USD,52.31,3207111936.0,60191757.0,1986-08-01,68.71,2026-09-04,Yahoo Finance screener via yfinance
ATRO,Astronics Corporation,NMS,USD,74.53,3205465600.0,54421806.0,1980-03-17,94.46,2026-09-04,Yahoo Finance screener via yfinance
CPK,Chesapeake Utilities Corporation,NYQ,USD,132.24,3187837952.0,25640146.0,1980-03-17,140.83,2026-09-04,Yahoo Finance screener via yfinance
COCO,"The Vita Coco Company, Inc.",NMS,USD,55.08,3187157504.0,59846678.0,2021-10-21,85.83,2026-09-04,Yahoo Finance screener via yfinance
TNET,"TriNet Group, Inc.",NYQ,USD,69.42,3186706688.0,26019449.0,2014-03-27,73.08,2026-09-04,Yahoo Finance screener via yfinance
TNK,Teekay Tankers Ltd.,NYQ,USD,91.83,3184674816.0,36564410.0,2007-12-13,94.44,2026-09-04,Yahoo Finance screener via yfinance
DX,"Dynex Capital, Inc.",NYQ,USD,12.83,3183981568.0,68035668.0,1988-02-10,14.93,2026-09-04,Yahoo Finance screener via yfinance
GPK,Graphic Packaging Holding Company,NYQ,USD,10.7,3167965952.0,53480162.0,1992-12-10,21.71,2026-09-04,Yahoo Finance screener via yfinance
CWK,Cushman & Wakefield Limited,NYQ,USD,13.48,3163940608.0,27152157.0,2018-08-02,17.4,2026-09-04,Yahoo Finance screener via yfinance
FHB,"First Hawaiian, Inc.",NMS,USD,26.0,3163696384.0,54912156.0,2016-08-05,30.58,2026-09-04,Yahoo Finance screener via yfinance
ATKR,Atkore Inc.,NYQ,USD,93.65,3162799616.0,69905323.0,2016-06-10,94.14,2026-09-04,Yahoo Finance screener via yfinance
AVA,Avista Corporation,NYQ,USD,37.63,3151619072.0,27049197.0,1973-02-21,43.5,2026-09-04,Yahoo Finance screener via yfinance
KC,Kingsoft Cloud Holdings Limited,NMS,USD,10.48,3137393920.0,15727766.0,2020-05-08,18.52,2026-09-04,Yahoo Finance screener via yfinance
PPTA,Perpetua Resources Corp.,NCM,USD,25.05,3133649664.0,37279109.0,2021-02-18,37.37,2026-09-04,Yahoo Finance screener via yfinance
SDRL,Seadrill Limited,NYQ,USD,50.07,3131450112.0,39912950.0,2022-10-14,55.47,2026-09-04,Yahoo Finance screener via yfinance
CWT,California Water Service Group,NYQ,USD,50.53,3124729600.0,26628805.0,1973-02-21,53.82,2026-09-04,Yahoo Finance screener via yfinance
QURE,uniQure N.V.,NMS,USD,44.86,3111777536.0,82976062.0,2014-02-05,71.5,2026-09-04,Yahoo Finance screener via yfinance
SHOO,"Steven Madden, Ltd.",NMS,USD,42.3,3095391232.0,44566857.0,1993-12-13,49.7,2026-09-04,Yahoo Finance screener via yfinance
CLDX,"Celldex Therapeutics, Inc.",NCM,USD,39.37,3091707648.0,40152124.0,1986-05-15,45.14,2026-09-04,Yahoo Finance screener via yfinance
BHF,"Brighthouse Financial, Inc.",NMS,USD,53.71,3088946176.0,39333981.0,2017-07-17,66.8,2026-09-04,Yahoo Finance screener via yfinance
IMNM,"Immunome, Inc.",NCM,USD,27.16,3084768512.0,36775536.0,2020-10-02,30.06,2026-09-04,Yahoo Finance screener via yfinance
BBAR,Banco BBVA Argentina S.A.,NYQ,USD,15.09,3081931776.0,10637348.0,1993-11-24,22.47,2026-09-04,Yahoo Finance screener via yfinance
TKO.TO,Trekor Metals Limited,TOR,CAD,11.61,3081513673.0,10388199.0,1996-05-08,13.6,2026-09-04,Yahoo Finance screener via yfinance
DML.TO,Denison Mines Corp.,TOR,CAD,4.69,3078705551.0,10292381.0,1997-05-20,6.04,2026-09-04,Yahoo Finance screener via yfinance
PFS,"Provident Financial Services, Inc.",NYQ,USD,23.56,3072756736.0,23096928.0,2003-01-16,25.49,2026-09-04,Yahoo Finance screener via yfinance
ARCB,ArcBest Corporation,NMS,USD,137.34,3069734912.0,54806900.0,1992-05-13,176.69,2026-09-04,Yahoo Finance screener via yfinance
MMS,"Maximus, Inc.",NYQ,USD,58.43,3059264256.0,38357601.0,1997-06-13,100.0,2026-09-04,Yahoo Finance screener via yfinance
CARG,"CarGurus, Inc.",NMS,USD,34.23,3048985088.0,38154709.0,2017-10-12,41.22,2026-09-04,Yahoo Finance screener via yfinance
AMBP,Ardagh Metal Packaging S.A.,NYQ,USD,5.1,3048302080.0,12402547.0,2021-08-05,5.47,2026-09-04,Yahoo Finance screener via yfinance
IRON,"Disc Medicine, Inc.",NGM,USD,79.37,3047240192.0,42434774.0,2020-08-12,99.5,2026-09-04,Yahoo Finance screener via yfinance
GRBK,"Green Brick Partners, Inc.",NYQ,USD,70.78,3044296960.0,19099700.0,2007-06-20,83.18,2026-09-04,Yahoo Finance screener via yfinance
BEAM,Beam Therapeutics Inc.,NMS,USD,29.46,3042854400.0,61489884.0,2020-02-06,38.26,2026-09-04,Yahoo Finance screener via yfinance
OPEN,Opendoor Technologies Inc.,NMS,USD,3.13,3039515136.0,177493664.0,2020-06-18,10.87,2026-09-04,Yahoo Finance screener via yfinance
FIZZ,National Beverage Corp.,NMS,USD,32.46,3038752768.0,15206698.0,1991-09-13,41.56,2026-09-04,Yahoo Finance screener via yfinance
PK,Park Hotels & Resorts Inc.,NYQ,USD,15.08,3036182016.0,72187477.0,2017-01-04,16.2,2026-09-04,Yahoo Finance screener via yfinance
SPSC,"SPS Commerce, Inc.",NMS,USD,84.21,3031574784.0,53721012.0,2010-04-22,114.87,2026-09-04,Yahoo Finance screener via yfinance
ZLAB,Zai Lab Limited,NGM,USD,27.0,3031187968.0,27455895.0,2017-09-20,34.72,2026-09-04,Yahoo Finance screener via yfinance
YETI,"YETI Holdings, Inc.",NYQ,USD,41.43,3023926016.0,60542860.0,2018-10-25,53.99,2026-09-04,Yahoo Finance screener via yfinance
BOH,Bank of Hawaii Corporation,NYQ,USD,76.65,3023873024.0,29099483.0,1980-03-17,86.31,2026-09-04,Yahoo Finance screener via yfinance
BWIN,"The Baldwin Insurance Group, Inc.",NMS,USD,31.22,3023300352.0,45891933.0,2019-10-24,32.59,2026-09-04,Yahoo Finance screener via yfinance
NAMS,NewAmsterdam Pharma Company N.V.,NGM,USD,25.85,3021967872.0,27936586.0,2021-02-09,42.205,2026-09-04,Yahoo Finance screener via yfinance
TMDX,"TransMedics Group, Inc.",NGM,USD,86.98,3016044032.0,82646917.0,2019-05-02,156.0,2026-09-04,Yahoo Finance screener via yfinance
UCTT,"Ultra Clean Holdings, Inc.",NMS,USD,66.59,3014997248.0,90479695.0,2004-03-25,144.22,2026-09-04,Yahoo Finance screener via yfinance
WING,Wingstop Inc.,NMS,USD,110.28,3004307968.0,132162860.0,2015-06-12,322.175,2026-09-04,Yahoo Finance screener via yfinance
CLBT,Cellebrite DI Ltd.,NMS,USD,11.94,3001012224.0,32777867.0,2020-11-06,19.98,2026-09-04,Yahoo Finance screener via yfinance
WOR,"Worthington Enterprises, Inc.",NYQ,USD,61.27,2997744128.0,16270248.0,1980-03-17,66.47,2026-09-04,Yahoo Finance screener via yfinance
SOUN,"SoundHound AI, Inc.",NGM,USD,6.74,2993300224.0,203404155.0,2022-04-28,22.17,2026-09-04,Yahoo Finance screener via yfinance
DBRG,"DigitalBridge Group, Inc.",NYQ,USD,15.94,2988674560.0,53361127.0,2014-06-27,15.98,2026-09-04,Yahoo Finance screener via yfinance
CBZ,"CBIZ, Inc.",NYQ,USD,54.91,2979629568.0,68846817.0,1995-04-27,60.19,2026-09-04,Yahoo Finance screener via yfinance
AVAH,Aveanna Healthcare Holdings Inc.,NMS,USD,13.64,2977485056.0,36578824.0,2021-04-28,14.0,2026-09-04,Yahoo Finance screener via yfinance
ARQT,"Arcutis Biotherapeutics, Inc.",NMS,USD,23.66,2973871872.0,39732238.0,2020-01-31,31.77,2026-09-04,Yahoo Finance screener via yfinance
BANC,"Banc of California, Inc.",NYQ,USD,18.77,2973778432.0,55381748.0,2002-08-23,21.93,2026-09-04,Yahoo Finance screener via yfinance
KN,Knowles Corporation,NYQ,USD,34.76,2968862976.0,35712181.0,2014-02-14,42.93,2026-09-04,Yahoo Finance screener via yfinance
REZI,"Resideo Technologies, Inc.",NYQ,USD,19.53,2965579264.0,47344606.0,2018-10-29,31.51705,2026-09-04,Yahoo Finance screener via yfinance
SHAK,Shake Shack Inc.,NYQ,USD,69.3,2964759552.0,124978392.0,2015-01-30,107.46,2026-09-04,Yahoo Finance screener via yfinance
COLM,Columbia Sportswear Company,NMS,USD,57.79,2958454528.0,35566913.0,1998-03-27,69.06,2026-09-04,Yahoo Finance screener via yfinance
AKR,Acadia Realty Trust,NYQ,USD,20.28,2956741376.0,32945590.0,1993-05-27,23.03,2026-09-04,Yahoo Finance screener via yfinance
RUS.TO,Russel Metals Inc.,TOR,CAD,74.11,2950704623.0,12923033.0,1996-08-13,83.12,2026-09-04,Yahoo Finance screener via yfinance
PLUG,Plug Power Inc.,NCM,USD,2.11,2948081920.0,117486600.0,1999-10-29,4.58,2026-09-04,Yahoo Finance screener via yfinance
MGEE,"MGE Energy, Inc.",NMS,USD,77.6,2929129984.0,17535427.0,1980-03-17,87.94,2026-09-04,Yahoo Finance screener via yfinance
APPN,Appian Corporation,NGM,USD,40.82,2923838720.0,34331334.0,2017-05-25,46.059,2026-09-04,Yahoo Finance screener via yfinance
APAM,Artisan Partners Asset Management Inc.,NYQ,USD,41.15,2921503232.0,35645982.0,2013-03-07,47.5,2026-09-04,Yahoo Finance screener via yfinance
UE,Urban Edge Properties,NYQ,USD,21.16,2913459712.0,19418828.0,2015-01-16,24.11,2026-09-04,Yahoo Finance screener via yfinance
HAYW,"Hayward Holdings, Inc.",NYQ,USD,13.7,2906038272.0,35845639.0,2021-03-12,17.73,2026-09-04,Yahoo Finance screener via yfinance
KD,"Kyndryl Holdings, Inc.",NYQ,USD,13.34,2905695488.0,56376467.0,2021-10-22,33.9,2026-09-04,Yahoo Finance screener via yfinance
PPLI,People Incorporated,NMS,USD,38.96,2901114624.0,37196008.0,1993-01-19,48.32,2026-09-04,Yahoo Finance screener via yfinance
SVM.TO,Silvercorp Metals Inc.,TOR,CAD,18.08,2900140614.0,11940215.0,1996-08-08,21.61,2026-09-04,Yahoo Finance screener via yfinance
NVTS,Navitas Semiconductor Corporation,NGM,USD,11.1,2898137856.0,197655202.0,2021-10-20,34.17,2026-09-04,Yahoo Finance screener via yfinance
TALO,Talos Energy Inc.,NYQ,USD,17.29,2886833152.0,34460906.0,2018-05-10,18.44,2026-09-04,Yahoo Finance screener via yfinance
FUL,H.B. Fuller Company,NYQ,USD,53.67,2886770176.0,40795318.0,1973-02-21,68.63,2026-09-04,Yahoo Finance screener via yfinance
SPNT,SiriusPoint Ltd.,NYQ,USD,24.84,2885539072.0,18344961.0,2013-08-15,26.48,2026-09-04,Yahoo Finance screener via yfinance
MZTI,The Marzetti Company,NMS,USD,105.64,2883021312.0,35691213.0,1980-03-17,186.95,2026-09-04,Yahoo Finance screener via yfinance
HOG,"Harley-Davidson, Inc.",NYQ,USD,27.67,2879686144.0,69795057.0,1986-07-08,31.25,2026-09-04,Yahoo Finance screener via yfinance
WTTR,"Select Water Solutions, Inc.",NYQ,USD,20.17,2878939904.0,35268254.0,2017-06-26,22.55,2026-09-04,Yahoo Finance screener via yfinance
WRBY,Warby Parker Inc.,NYQ,USD,23.29,2878831616.0,69217950.0,2021-09-29,31.0,2026-09-04,Yahoo Finance screener via yfinance
CXT,"Crane NXT, Co.",NYQ,USD,49.99,2877489664.0,41505297.0,1980-03-17,69.0,2026-09-04,Yahoo Finance screener via yfinance
AVPT,"AvePoint, Inc.",NMS,USD,13.57,2870942720.0,30503908.0,2019-11-05,16.77,2026-09-04,Yahoo Finance screener via yfinance
IHS,IHS Holding Limited,NYQ,USD,8.47,2865746176.0,10896486.0,2021-10-14,8.95,2026-09-04,Yahoo Finance screener via yfinance
MAN,ManpowerGroup Inc.,NYQ,USD,61.51,2860666624.0,77200463.0,1988-10-05,63.88,2026-09-04,Yahoo Finance screener via yfinance
EXTR,"Extreme Networks, Inc.",NMS,USD,21.89,2856440320.0,41891528.0,1999-04-09,33.73,2026-09-04,Yahoo Finance screener via yfinance
DNOW,DNOW Inc.,NYQ,USD,15.8,2856417024.0,42364666.0,2014-05-20,17.26,2026-09-04,Yahoo Finance screener via yfinance
BKD,Brookdale Senior Living Inc.,NYQ,USD,11.94,2851477760.0,61954905.0,2005-11-22,17.09,2026-09-04,Yahoo Finance screener via yfinance
AEO,"American Eagle Outfitters, Inc.",NYQ,USD,17.01,2850422272.0,78581879.0,1994-04-14,28.46,2026-09-04,Yahoo Finance screener via yfinance
FBK,FB Financial Corporation,NYQ,USD,56.99,2848253952.0,20926329.0,2016-09-16,62.655,2026-09-04,Yahoo Finance screener via yfinance
IMAX,IMAX Corporation,NYQ,USD,51.92,2847402240.0,65425275.0,1994-06-10,55.57,2026-09-04,Yahoo Finance screener via yfinance
WDFC,WD-40 Company,NMS,USD,210.46,2824603904.0,32674546.0,1973-05-03,298.9,2026-09-04,Yahoo Finance screener via yfinance
POWI,"Power Integrations, Inc.",NMS,USD,50.54,2823836416.0,43592468.0,1997-12-12,91.18,2026-09-04,Yahoo Finance screener via yfinance
DXPE,"DXP Enterprises, Inc.",NMS,USD,181.21,2811862528.0,26827416.0,1998-05-07,208.0,2026-09-04,Yahoo Finance screener via yfinance
ALHC,"Alignment Healthcare, Inc.",NMS,USD,13.545,2809709056.0,73439690.0,2021-03-26,25.12,2026-09-04,Yahoo Finance screener via yfinance
ADEA,Adeia Inc.,NMS,USD,25.46,2807732480.0,36359604.0,2003-11-13,34.34,2026-09-04,Yahoo Finance screener via yfinance
CALY,Callaway Golf Company,NYQ,USD,15.72,2806185472.0,32444901.0,1992-02-28,20.28,2026-09-04,Yahoo Finance screener via yfinance
ALRM,"Alarm.com Holdings, Inc.",NMS,USD,56.73,2784888576.0,26979937.0,2015-06-26,58.145,2026-09-04,Yahoo Finance screener via yfinance
AMBA,"Ambarella, Inc.",NMS,USD,63.38,2780365568.0,102999218.0,2012-10-10,96.69,2026-09-04,Yahoo Finance screener via yfinance
UPST,"Upstart Holdings, Inc.",NMS,USD,28.52,2775368192.0,123567035.0,2020-12-16,71.38,2026-09-04,Yahoo Finance screener via yfinance
RH,RH,NYQ,USD,146.61,2774773248.0,121673838.0,2012-11-02,257.0,2026-09-04,Yahoo Finance screener via yfinance
ABM,ABM Industries Incorporated,NYQ,USD,47.23,2766777088.0,25275371.0,1980-03-17,50.12,2026-09-04,Yahoo Finance screener via yfinance
SLS,"SELLAS Life Sciences Group, Inc.",NCM,USD,13.7,2766656256.0,114024086.0,2008-03-12,15.88,2026-09-04,Yahoo Finance screener via yfinance
TBBK,"The Bancorp, Inc.",NMS,USD,67.74,2762898176.0,27044450.0,2004-02-03,81.65,2026-09-04,Yahoo Finance screener via yfinance
KWR,Quaker Chemical Corporation,NYQ,USD,160.33,2758910976.0,25727995.0,1980-03-17,183.01,2026-09-04,Yahoo Finance screener via yfinance
NOG,"Northern Oil and Gas, Inc.",NYQ,USD,25.89,2758556928.0,76846776.0,2007-04-13,31.17,2026-09-04,Yahoo Finance screener via yfinance
AMR,"Alpha Metallurgical Resources, Inc.",NYQ,USD,217.18,2753634816.0,64876010.0,2021-02-08,253.82,2026-09-04,Yahoo Finance screener via yfinance
PAGS,PagSeguro Digital Ltd.,NYQ,USD,9.96,2745434368.0,29565921.0,2018-01-24,12.32,2026-09-04,Yahoo Finance screener via yfinance
EEFT,"Euronet Worldwide, Inc.",NMS,USD,73.28,2740935424.0,50383004.0,1997-03-07,92.45,2026-09-04,Yahoo Finance screener via yfinance
FCPT,"Four Corners Property Trust, Inc.",NYQ,USD,24.91,2734032128.0,20487977.0,2015-11-10,26.86,2026-09-04,Yahoo Finance screener via yfinance
BDT.TO,Bird Construction Inc.,TOR,CAD,68.04,2733524904.0,14514450.0,2000-11-27,78.64,2026-09-04,Yahoo Finance screener via yfinance
VC,Visteon Corporation,NMS,USD,102.27,2730141440.0,55698185.0,2010-10-05,129.1,2026-09-04,Yahoo Finance screener via yfinance
NTCT,"NetScout Systems, Inc.",NMS,USD,37.5,2726524160.0,23652825.0,1999-08-12,45.28,2026-09-04,Yahoo Finance screener via yfinance
ATAI,AtaiBeckley Inc.,NGM,USD,7.34,2722146816.0,88605016.0,2021-06-18,7.45,2026-09-04,Yahoo Finance screener via yfinance
GRND,Grindr Inc.,NYQ,USD,15.66,2722030848.0,26262948.0,2021-01-14,18.5,2026-09-04,Yahoo Finance screener via yfinance
ALS.TO,Altius Minerals Corporation,TOR,CAD,63.84,2719635590.0,14808321.0,2003-03-19,68.26,2026-09-04,Yahoo Finance screener via yfinance
ECO,Okeanis Eco Tankers Corp.,NYQ,USD,69.56,2715946240.0,33908900.0,2023-08-14,70.86,2026-09-04,Yahoo Finance screener via yfinance
ASO,"Academy Sports and Outdoors, Inc.",NMS,USD,43.68,2708962560.0,70448458.0,2020-10-02,62.445,2026-09-04,Yahoo Finance screener via yfinance
HTO,H2O America,NMS,USD,64.56,2702275072.0,28629584.0,1972-06-01,67.09,2026-09-04,Yahoo Finance screener via yfinance
HWKN,"Hawkins, Inc.",NMS,USD,129.33,2699778816.0,21398036.0,1980-03-18,186.15,2026-09-04,Yahoo Finance screener via yfinance
EFX.TO,Enerflex Ltd.,TOR,CAD,30.46,2696987394.0,15736651.0,2011-06-03,39.95,2026-09-04,Yahoo Finance screener via yfinance
BCC,Boise Cascade Company,NYQ,USD,77.12,2690821120.0,29996749.0,2013-02-06,91.97,2026-09-04,Yahoo Finance screener via yfinance
CUBI,"Customers Bancorp, Inc.",NYQ,USD,79.64,2689649920.0,23020181.0,2012-03-14,84.38,2026-09-04,Yahoo Finance screener via yfinance
MGRC,McGrath RentCorp,NMS,USD,109.9,2684380416.0,19680342.0,1984-11-13,127.68,2026-09-04,Yahoo Finance screener via yfinance
NBTB,NBT Bancorp Inc.,NMS,USD,51.63,2682697984.0,18392516.0,1992-03-17,54.5,2026-09-04,Yahoo Finance screener via yfinance
TRMK,Trustmark Corporation,NMS,USD,46.06,2681875200.0,19030472.0,1980-03-17,49.0,2026-09-04,Yahoo Finance screener via yfinance
TDC,Teradata Corporation,NYQ,USD,28.79,2677470208.0,87388043.0,2007-10-01,41.78,2026-09-04,Yahoo Finance screener via yfinance
ATRC,"AtriCure, Inc.",NGM,USD,52.46,2668445952.0,46923267.0,2005-08-05,53.5,2026-09-04,Yahoo Finance screener via yfinance
DGII,Digi International Inc.,NMS,USD,70.28,2666994176.0,27465143.0,1989-10-06,86.84,2026-09-04,Yahoo Finance screener via yfinance
WAFD,"WaFd, Inc.",NMS,USD,35.98,2662348800.0,20500936.0,1982-11-09,39.49,2026-09-04,Yahoo Finance screener via yfinance
FBNC,First Bancorp,NMS,USD,64.34,2662017280.0,15651220.0,1987-04-30,66.78,2026-09-04,Yahoo Finance screener via yfinance
NN,NextNav Inc.,NCM,USD,15.72,2653691648.0,41602398.0,2020-11-02,24.42,2026-09-04,Yahoo Finance screener via yfinance
DJT,Trump Media & Technology Group Corp.,NGM,USD,9.52,2646001152.0,44577676.0,2021-09-30,17.97,2026-09-04,Yahoo Finance screener via yfinance
FRME,First Merchants Corporation,NMS,USD,42.1,2643939840.0,18142616.0,1989-06-20,45.33,2026-09-04,Yahoo Finance screener via yfinance
ACHC,"Acadia Healthcare Company, Inc.",NMS,USD,28.38,2642185728.0,77538076.0,1994-03-04,35.83,2026-09-04,Yahoo Finance screener via yfinance
PRVA,"Privia Health Group, Inc.",NMS,USD,20.67,2640265984.0,24840793.0,2021-04-28,28.82,2026-09-04,Yahoo Finance screener via yfinance
UNFI,"United Natural Foods, Inc.",NYQ,USD,43.62,2639844864.0,27234191.0,1996-11-01,57.02,2026-09-04,Yahoo Finance screener via yfinance
BBT,Beacon Financial Corporation,NYQ,USD,31.48,2638530304.0,26033551.0,2000-06-28,32.83,2026-09-04,Yahoo Finance screener via yfinance
KALU,Kaiser Aluminum Corporation,NMS,USD,160.77,2628443648.0,44375575.0,2006-07-07,199.89,2026-09-04,Yahoo Finance screener via yfinance
NRIX,"Nurix Therapeutics, Inc.",NGM,USD,25.32,2627752192.0,51241046.0,2020-07-24,28.23,2026-09-04,Yahoo Finance screener via yfinance
PATK,"Patrick Industries, Inc.",NMS,USD,81.59,2620529152.0,50135015.0,1980-03-17,148.5,2026-09-04,Yahoo Finance screener via yfinance
NKTR,Nektar Therapeutics,NCM,USD,76.37,2607500288.0,65534624.0,1994-05-03,109.0,2026-09-04,Yahoo Finance screener via yfinance
WGS,GeneDx Holdings Corp.,NMS,USD,87.39,2606191872.0,71400863.0,2020-11-04,170.87,2026-09-04,Yahoo Finance screener via yfinance
BANR,Banner Corporation,NMS,USD,71.12,2605799424.0,24498991.0,1995-11-01,74.84,2026-09-04,Yahoo Finance screener via yfinance
VRDN,"Viridian Therapeutics, Inc.",NCM,USD,22.96,2601190400.0,43675591.0,2014-06-18,34.29,2026-09-04,Yahoo Finance screener via yfinance
VECO,Veeco Instruments Inc.,NMS,USD,42.55,2596974592.0,51678379.0,1994-11-29,86.63,2026-09-04,Yahoo Finance screener via yfinance
NMM,Navios Maritime Partners L.P.,NYQ,USD,91.34,2596304640.0,11206322.0,2007-11-13,92.535,2026-09-04,Yahoo Finance screener via yfinance
RDW,Redwire Corporation,NYQ,USD,10.37,2592423424.0,244584819.0,2021-01-14,26.64,2026-09-04,Yahoo Finance screener via yfinance
NWL,Newell Brands Inc.,NMS,USD,6.07,2585213184.0,68360182.0,1980-03-17,7.13,2026-09-04,Yahoo Finance screener via yfinance
OUST,"Ouster, Inc.",NMS,USD,35.83,2583785216.0,141023440.0,2020-10-09,63.79,2026-09-04,Yahoo Finance screener via yfinance
COTY,Coty Inc.,NYQ,USD,2.93,2579766784.0,34243303.0,2013-06-13,4.56,2026-09-04,Yahoo Finance screener via yfinance
CDNA,"CareDx, Inc.",NGM,USD,49.86,2579468544.0,55925668.0,2014-07-17,53.671,2026-09-04,Yahoo Finance screener via yfinance
BCRX,"BioCryst Pharmaceuticals, Inc.",NMS,USD,10.09,2578349312.0,43366568.0,1994-03-04,11.22,2026-09-04,Yahoo Finance screener via yfinance
AAP,"Advance Auto Parts, Inc.",NYQ,USD,42.72,2577263872.0,82516457.0,2001-11-29,65.21,2026-09-04,Yahoo Finance screener via yfinance
WLY,"John Wiley & Sons, Inc.",NYQ,USD,50.66,2571683584.0,27763960.0,1972-06-01,57.4499,2026-09-04,Yahoo Finance screener via yfinance
INTR,"Inter & Co, Inc.",NMS,USD,5.8,2560778240.0,28707413.0,2022-06-23,10.36,2026-09-04,Yahoo Finance screener via yfinance
BHE,"Benchmark Electronics, Inc.",NYQ,USD,71.21,2557858304.0,32388658.0,1990-06-27,100.41,2026-09-04,Yahoo Finance screener via yfinance
SUPN,"Supernus Pharmaceuticals, Inc.",NGM,USD,43.97,2557647104.0,37338181.0,2012-05-01,59.68,2026-09-04,Yahoo Finance screener via yfinance
PGEN,"Precigen, Inc.",NMS,USD,7.14,2556371456.0,37246374.0,2013-08-08,7.72,2026-09-04,Yahoo Finance screener via yfinance
FIVN,"Five9, Inc.",NGM,USD,34.1,2548072192.0,91740151.0,2014-04-04,35.18,2026-09-04,Yahoo Finance screener via yfinance
NEOG,Neogen Corporation,NMS,USD,11.64,2538753792.0,22770692.0,1989-08-23,12.85,2026-09-04,Yahoo Finance screener via yfinance
IVT,InvenTrust Properties Corp.,NYQ,USD,32.55,2538198016.0,32193773.0,2014-02-27,37.22,2026-09-04,Yahoo Finance screener via yfinance
BUSE,First Busey Corporation,NMS,USD,30.68,2533461248.0,25061480.0,1998-10-06,31.7,2026-09-04,Yahoo Finance screener via yfinance
AXGN,"Axogen, Inc.",NCM,USD,47.1,2532167168.0,58456469.0,1986-12-17,52.91,2026-09-04,Yahoo Finance screener via yfinance
BHC,Bausch Health Companies Inc.,NYQ,USD,6.76,2528176384.0,24313746.0,1994-03-29,8.0,2026-09-04,Yahoo Finance screener via yfinance
FIGS,"FIGS, Inc.",NYQ,USD,15.2,2525331712.0,46099107.0,2021-05-27,17.48,2026-09-04,Yahoo Finance screener via yfinance
VERA,"Vera Therapeutics, Inc.",NGM,USD,34.99,2521496320.0,74408999.0,2021-05-14,56.05,2026-09-04,Yahoo Finance screener via yfinance
HURN,Huron Consulting Group Inc.,NMS,USD,158.1,2515382528.0,48817644.0,2004-10-13,186.78,2026-09-04,Yahoo Finance screener via yfinance
DCO,Ducommun Incorporated,NYQ,USD,166.52,2514415360.0,45601002.0,1973-05-03,210.39,2026-09-04,Yahoo Finance screener via yfinance
SAH,"Sonic Automotive, Inc.",NYQ,USD,79.42,2510847488.0,21657040.0,1997-11-12,113.67,2026-09-04,Yahoo Finance screener via yfinance
WHR,Whirlpool Corporation,NYQ,USD,38.49,2509523968.0,92342398.0,1973-02-21,96.57,2026-09-04,Yahoo Finance screener via yfinance
PHIN,PHINIA Inc.,NYQ,USD,68.42,2506777856.0,26272391.0,2023-06-28,86.935,2026-09-04,Yahoo Finance screener via yfinance
PHVS,Pharvaris N.V.,NMS,USD,35.66,2503492608.0,18384870.0,2021-02-05,38.13,2026-09-04,Yahoo Finance screener via yfinance
ASST,"Strive, Inc.",NGM,USD,26.82,2501302016.0,137282005.0,2023-02-03,252.0,2026-09-04,Yahoo Finance screener via yfinance
MLYS,"Mineralys Therapeutics, Inc.",NMS,USD,28.27,2499262720.0,33356536.0,2023-02-10,47.65,2026-09-04,Yahoo Finance screener via yfinance
NCNO,"nCino, Inc.",NMS,USD,23.63,2498545664.0,69871500.0,2020-07-14,31.925,2026-09-04,Yahoo Finance screener via yfinance
SYBT,"Stock Yards Bancorp, Inc.",NMS,USD,80.28,2494030080.0,15259301.0,1993-03-24,89.22,2026-09-04,Yahoo Finance screener via yfinance
PENG,"Penguin Solutions, Inc.",NMS,USD,48.63,2491932672.0,155411414.0,2017-05-24,89.86,2026-09-04,Yahoo Finance screener via yfinance
PTY,PIMCO Corporate & Income Opportunity Fund,NYQ,USD,11.75,2490787584.0,13318084.0,2002-12-26,14.69,2026-09-04,Yahoo Finance screener via yfinance
PBH,Prestige Consumer Healthcare Inc.,NYQ,USD,52.56,2490004736.0,30722108.0,2005-02-10,71.07,2026-09-04,Yahoo Finance screener via yfinance
RNW,ReNew Energy Global Plc,NMS,USD,6.83,2489952768.0,14456487.0,2021-02-01,8.24,2026-09-04,Yahoo Finance screener via yfinance
AEHR,"Aehr Test Systems, Inc.",NCM,USD,76.27,2487961600.0,191689391.0,1997-08-15,147.4,2026-09-04,Yahoo Finance screener via yfinance
ATHM,Autohome Inc.,NYQ,USD,21.55,2481933056.0,18129929.0,2013-12-11,29.92,2026-09-04,Yahoo Finance screener via yfinance
DRH,DiamondRock Hospitality Company,NMS,USD,12.06,2476992768.0,29802383.0,2005-05-26,13.79,2026-09-04,Yahoo Finance screener via yfinance
UNIT,Uniti Group Inc.,NMS,USD,10.17,2468514560.0,23843463.0,2015-04-20,12.938,2026-09-04,Yahoo Finance screener via yfinance
LCII,LCI Industries,NYQ,USD,101.04,2456434688.0,44768803.0,1985-05-29,159.66,2026-09-04,Yahoo Finance screener via yfinance
AGM,Federal Agricultural Mortgage Corporation,NYQ,USD,226.17,2454670592.0,27581884.0,1994-02-10,248.29,2026-09-04,Yahoo Finance screener via yfinance
HRMY,"Harmony Biosciences Holdings, Inc.",NGM,USD,41.86,2437775360.0,33856954.0,2020-08-19,43.49,2026-09-04,Yahoo Finance screener via yfinance
PAYO,Payoneer Global Inc.,NGM,USD,7.18,2432948992.0,49190029.0,2020-10-16,7.18,2026-09-04,Yahoo Finance screener via yfinance
TRVI,"Trevi Therapeutics, Inc.",NGM,USD,17.06,2430637824.0,36644027.0,2019-05-07,20.22,2026-09-04,Yahoo Finance screener via yfinance
SRPT,"Sarepta Therapeutics, Inc.",NMS,USD,22.99,2428365312.0,76921183.0,1997-06-04,25.32,2026-09-04,Yahoo Finance screener via yfinance
MPT,"Medical Properties Trust, Inc.",NYQ,USD,4.04,2412687872.0,27782575.0,2005-07-08,6.47,2026-09-04,Yahoo Finance screener via yfinance
PBI,Pitney Bowes Inc.,NYQ,USD,17.58,2410045952.0,38229767.0,1972-06-01,19.07,2026-09-04,Yahoo Finance screener via yfinance
NGVT,Ingevity Corporation,NYQ,USD,69.83,2400610304.0,18322833.0,2016-05-03,79.29,2026-09-04,Yahoo Finance screener via yfinance
NTB,The Bank of N.T. Butterfield & Son Limited,NYQ,USD,60.97,2397748224.0,11665085.0,2016-09-16,64.17,2026-09-04,Yahoo Finance screener via yfinance
BHVN,Biohaven Ltd.,NYQ,USD,15.86,2395554304.0,47852966.0,2022-09-23,18.566,2026-09-04,Yahoo Finance screener via yfinance
LASR,"nLIGHT, Inc.",NMS,USD,41.47,2392412416.0,55429797.0,2018-04-26,86.95,2026-09-04,Yahoo Finance screener via yfinance
BXMT,"Blackstone Mortgage Trust, Inc.",NYQ,USD,14.16,2386577152.0,28349382.0,1980-12-29,20.67,2026-09-04,Yahoo Finance screener via yfinance
VVX,"V2X, Inc.",NYQ,USD,76.08,2384754944.0,49825020.0,2014-09-16,93.98,2026-09-04,Yahoo Finance screener via yfinance
STNE,StoneCo Ltd.,NMS,USD,10.32,2379746816.0,49203696.0,2018-10-25,19.95,2026-09-04,Yahoo Finance screener via yfinance
NUVB,Nuvation Bio Inc.,NYQ,USD,6.77,2377104384.0,46031247.0,2020-08-26,9.75,2026-09-04,Yahoo Finance screener via yfinance
HLIO,"Helios Technologies, Inc.",NYQ,USD,72.11,2376066048.0,24461298.0,1997-01-09,95.05,2026-09-04,Yahoo Finance screener via yfinance
PLUS,ePlus inc.,NMS,USD,90.87,2370836480.0,22277598.0,1996-11-15,98.14,2026-09-04,Yahoo Finance screener via yfinance
HIMX,"Himax Technologies, Inc.",NMS,USD,13.56,2365215488.0,27526908.0,2006-03-31,25.09,2026-09-04,Yahoo Finance screener via yfinance
HCI,"HCI Group, Inc.",NYQ,USD,189.92,2362389504.0,31854142.0,2008-09-15,210.5,2026-09-04,Yahoo Finance screener via yfinance
PTON,"Peloton Interactive, Inc.",NMS,USD,5.38,2361130496.0,46237764.0,2019-09-26,9.2,2026-09-04,Yahoo Finance screener via yfinance
ANDE,"The Andersons, Inc.",NMS,USD,69.49,2360962048.0,24127692.0,1996-02-20,82.11,2026-09-04,Yahoo Finance screener via yfinance
LUNR,"Intuitive Machines, Inc.",NGM,USD,14.7,2358648832.0,158104939.0,2021-11-17,46.75,2026-09-04,Yahoo Finance screener via yfinance
SKWD,"Skyward Specialty Insurance Group, Inc.",NMS,USD,58.09,2355146496.0,31993765.0,2023-01-13,65.69,2026-09-04,Yahoo Finance screener via yfinance
OCUL,"Ocular Therapeutix, Inc.",NGM,USD,10.64,2336712960.0,27982487.0,2014-07-25,16.44,2026-09-04,Yahoo Finance screener via yfinance
CALX,"Calix, Inc.",NYQ,USD,37.07,2334075136.0,43459608.0,2010-03-24,71.22,2026-09-04,Yahoo Finance screener via yfinance
EFSC,Enterprise Financial Services Corp,NMS,USD,64.44,2332246016.0,15476104.0,2003-07-15,68.73,2026-09-04,Yahoo Finance screener via yfinance
CC,The Chemours Company,NYQ,USD,15.48,2329724416.0,39921635.0,2015-06-19,28.67,2026-09-04,Yahoo Finance screener via yfinance
ASAN,"Asana, Inc.",NYQ,USD,10.09,2325844224.0,51894494.0,2020-09-30,15.71,2026-09-04,Yahoo Finance screener via yfinance
DBD,"Diebold Nixdorf, Incorporated",NYQ,USD,68.19,2314817792.0,20391060.0,2023-08-14,92.085,2026-09-04,Yahoo Finance screener via yfinance
PENN,"PENN Entertainment, Inc.",NMS,USD,17.2,2309348352.0,53330612.0,1994-05-26,22.36,2026-09-04,Yahoo Finance screener via yfinance
WERN,"Werner Enterprises, Inc.",NMS,USD,38.5,2309120512.0,42355544.0,1986-06-20,47.49,2026-09-04,Yahoo Finance screener via yfinance
TRLV,Trulieve Cannabis Corp.,NYQ,USD,11.99,2308856832.0,16116047.0,2018-09-27,13.28,2026-09-04,Yahoo Finance screener via yfinance
RAMP,"LiveRamp Holdings, Inc.",NYQ,USD,37.76,2295618560.0,39688403.0,1983-12-14,38.23,2026-09-04,Yahoo Finance screener via yfinance
IOSP,Innospec Inc.,NMS,USD,93.12,2293643264.0,16562975.0,1998-05-13,96.68,2026-09-04,Yahoo Finance screener via yfinance
LPG,Dorian LPG Ltd.,NYQ,USD,53.57,2291868160.0,35190187.0,2014-05-08,53.8,2026-09-04,Yahoo Finance screener via yfinance
KOD,Kodiak Sciences Inc.,NGM,USD,36.36,2285206272.0,25206897.0,2018-10-04,47.84,2026-09-04,Yahoo Finance screener via yfinance
ARR,"ARMOUR Residential REIT, Inc.",NYQ,USD,16.13,2283250432.0,61046001.0,2007-12-03,19.31,2026-09-04,Yahoo Finance screener via yfinance
XRAY,DENTSPLY SIRONA Inc.,NMS,USD,11.43,2278614784.0,58066549.0,1987-08-12,14.86,2026-09-04,Yahoo Finance screener via yfinance
FLYW,Flywire Corporation,NMS,USD,18.7,2275185664.0,39883080.0,2021-05-26,19.73,2026-09-04,Yahoo Finance screener via yfinance
NWBI,"Northwest Bancshares, Inc.",NMS,USD,15.51,2270609920.0,16833903.0,1994-11-07,16.16,2026-09-04,Yahoo Finance screener via yfinance
AMC,"AMC Entertainment Holdings, Inc.",NYQ,USD,2.54,2267215616.0,103062293.0,2013-12-18,3.18,2026-09-04,Yahoo Finance screener via yfinance
WU,The Western Union Company,NYQ,USD,7.25,2261122560.0,71960013.0,2006-10-02,10.35,2026-09-04,Yahoo Finance screener via yfinance
OSW,OneSpaWorld Holdings Limited,NCM,USD,22.27,2260376320.0,20794479.0,2017-11-17,29.248,2026-09-04,Yahoo Finance screener via yfinance
CLOV,"Clover Health Investments, Corp.",NMS,USD,4.255,2260069888.0,25373842.0,2020-06-12,5.59,2026-09-04,Yahoo Finance screener via yfinance
LTC,"LTC Properties, Inc.",NYQ,USD,41.9,2258643200.0,23958797.0,1992-08-18,43.0,2026-09-04,Yahoo Finance screener via yfinance
CENTA,Central Garden & Pet Company,NMS,USD,36.06,2257089280.0,12502002.0,2007-02-06,40.8,2026-09-04,Yahoo Finance screener via yfinance
ROG,Rogers Corporation,NYQ,USD,126.29,2256592128.0,33844078.0,1980-03-17,169.0,2026-09-04,Yahoo Finance screener via yfinance
NEO,"NeoGenomics, Inc.",NCM,USD,17.46,2243181056.0,49903509.0,2004-03-16,19.76,2026-09-04,Yahoo Finance screener via yfinance
KMT,Kennametal Inc.,NYQ,USD,29.43,2243126016.0,37699300.0,1973-02-21,43.81,2026-09-04,Yahoo Finance screener via yfinance
DRVN,Driven Brands Holdings Inc.,NMS,USD,13.58,2240425728.0,12409784.0,2021-01-19,19.74,2026-09-04,Yahoo Finance screener via yfinance
PVLA,"Palvella Therapeutics, Inc.",NGM,USD,155.47,2240075008.0,38675650.0,2015-01-02,161.38,2026-09-04,Yahoo Finance screener via yfinance
TRN,"Trinity Industries, Inc.",NYQ,USD,28.11,2239509248.0,20343235.0,1973-05-03,38.31,2026-09-04,Yahoo Finance screener via yfinance
BKE,"The Buckle, Inc.",NYQ,USD,43.41,2236309504.0,21210517.0,1992-05-08,61.69,2026-09-04,Yahoo Finance screener via yfinance
VERX,"Vertex, Inc.",NGM,USD,13.78,2235363840.0,27576646.0,2020-07-29,26.54,2026-09-04,Yahoo Finance screener via yfinance
HUBG,"Hub Group, Inc.",NMS,USD,36.54,2234549504.0,35310466.0,1996-03-13,53.26,2026-09-04,Yahoo Finance screener via yfinance
OFG,OFG Bancorp,NYQ,USD,52.82,2232463360.0,17709173.0,1987-03-26,54.47,2026-09-04,Yahoo Finance screener via yfinance
UAA,"Under Armour, Inc.",NYQ,USD,5.19,2229341440.0,43314780.0,2005-11-18,8.15,2026-09-04,Yahoo Finance screener via yfinance
HTH,Hilltop Holdings Inc.,NYQ,USD,38.9,2228441600.0,10051254.0,2004-02-19,40.41,2026-09-04,Yahoo Finance screener via yfinance
UFPT,"UFP Technologies, Inc.",NCM,USD,286.52,2219323648.0,55733584.0,1993-12-17,338.71,2026-09-04,Yahoo Finance screener via yfinance
ADUS,Addus HomeCare Corporation,NMS,USD,118.69,2216452608.0,27831974.0,2009-10-28,124.44,2026-09-04,Yahoo Finance screener via yfinance
MTX,Minerals Technologies Inc.,NYQ,USD,70.85,2205472768.0,17038787.0,1992-10-23,84.34,2026-09-04,Yahoo Finance screener via yfinance
BLKB,"Blackbaud, Inc.",NMS,USD,48.46,2199603968.0,35911331.0,2004-07-26,70.71,2026-09-04,Yahoo Finance screener via yfinance
URGN,UroGen Pharma Ltd.,NGM,USD,44.88,2193759744.0,36176197.0,2017-05-04,50.81,2026-09-04,Yahoo Finance screener via yfinance
KSS,Kohl's Corporation,NYQ,USD,19.34,2193155840.0,84969246.0,1992-05-19,25.22,2026-09-04,Yahoo Finance screener via yfinance
MD,"Pediatrix Medical Group, Inc.",NYQ,USD,26.88,2184087808.0,21386131.0,1995-09-20,27.94,2026-09-04,Yahoo Finance screener via yfinance
COHU,"Cohu, Inc.",NMS,USD,45.98,2176621056.0,55471605.0,1980-03-17,74.6,2026-09-04,Yahoo Finance screener via yfinance
STGW,Stagwell Inc.,NMS,USD,8.9,2175831552.0,12317751.0,1995-04-17,9.55,2026-09-04,Yahoo Finance screener via yfinance
HYMC,Hycroft Mining Holding Corporation,NCM,USD,23.3,2171133184.0,47776254.0,2018-03-12,58.73,2026-09-04,Yahoo Finance screener via yfinance
ARE.TO,Aecon Group Inc.,TOR,CAD,43.65,2169127737.0,14505085.0,1996-03-11,57.72,2026-09-04,Yahoo Finance screener via yfinance
MCRI,"Monarch Casino & Resort, Inc.",NMS,USD,120.59,2161276672.0,19649899.0,1993-08-06,135.93,2026-09-04,Yahoo Finance screener via yfinance
ESTA,Establishment Labs Holdings Inc.,NCM,USD,72.3,2154676992.0,43798762.0,2018-07-19,97.59,2026-09-04,Yahoo Finance screener via yfinance
INVX,"Innovex International, Inc.",NYQ,USD,30.8,2154023424.0,17478723.0,1997-10-23,33.71,2026-09-04,Yahoo Finance screener via yfinance
CMPR,Cimpress plc,NMS,USD,88.4,2152493824.0,18683870.0,2005-09-30,106.58,2026-09-04,Yahoo Finance screener via yfinance
ALKT,"Alkami Technology, Inc.",NMS,USD,20.09,2148464384.0,32311410.0,2021-04-14,26.89,2026-09-04,Yahoo Finance screener via yfinance
EXE.TO,Extendicare Inc.,TOR,CAD,31.16,2147614150.0,11960642.0,2012-09-24,39.14,2026-09-04,Yahoo Finance screener via yfinance
ADMA,"ADMA Biologics, Inc.",NGM,USD,9.58,2145773184.0,26960774.0,2013-10-17,20.458,2026-09-04,Yahoo Finance screener via yfinance
AUPH,Aurinia Pharmaceuticals Inc.,NGM,USD,16.12,2144784896.0,22936165.0,2014-09-03,19.25,2026-09-04,Yahoo Finance screener via yfinance
FCF,First Commonwealth Financial Corporation,NYQ,USD,21.16,2138343424.0,16229635.0,1992-06-10,22.34,2026-09-04,Yahoo Finance screener via yfinance
ZYME,Zymeworks Inc.,NMS,USD,29.9,2138126208.0,18382520.0,2017-04-28,31.34,2026-09-04,Yahoo Finance screener via yfinance
RUN,Sunrun Inc.,NMS,USD,8.93,2130245120.0,89094449.0,2015-08-05,22.44,2026-09-04,Yahoo Finance screener via yfinance
STC,Stewart Information Services Corporation,NYQ,USD,69.63,2125260672.0,16425438.0,1973-02-21,78.61,2026-09-04,Yahoo Finance screener via yfinance
PLGO,Pelagos Insurance Capital Limit,NYQ,USD,25.56,2114536192.0,10921609.0,2023-06-29,26.34,2026-09-04,Yahoo Finance screener via yfinance
GNL,"Global Net Lease, Inc.",NYQ,USD,9.14,2114245248.0,24902972.0,2015-06-02,10.035,2026-09-04,Yahoo Finance screener via yfinance
GOF,Guggenheim Strategic Opportunities Fund,NYQ,USD,9.45,2111581312.0,19576658.0,2007-07-27,15.16,2026-09-04,Yahoo Finance screener via yfinance
CNXN,"PC Connection, Inc.",NMS,USD,83.53,2108138496.0,12982400.0,1998-03-03,88.31,2026-09-04,Yahoo Finance screener via yfinance
TILE,"Interface, Inc.",NMS,USD,36.39,2103358720.0,18720945.0,1983-04-14,40.5,2026-09-04,Yahoo Finance screener via yfinance
HMN,Horace Mann Educators Corporation,NYQ,USD,51.93,2103219840.0,13810835.0,1991-11-15,55.56,2026-09-04,Yahoo Finance screener via yfinance
ALG,Alamo Group Inc.,NYQ,USD,171.54,2087807232.0,27376069.0,1993-03-19,219.88,2026-09-04,Yahoo Finance screener via yfinance
SRCE,1st Source Corporation,NMS,USD,86.65,2086690304.0,11871570.0,1983-08-12,91.46,2026-09-04,Yahoo Finance screener via yfinance
NTST,NETSTREIT Corp.,NYQ,USD,20.43,2082433536.0,42106189.0,2020-08-13,22.47,2026-09-04,Yahoo Finance screener via yfinance
SEDG,"SolarEdge Technologies, Inc.",NMS,USD,33.8,2079570176.0,100673875.0,2015-03-26,81.25,2026-09-04,Yahoo Finance screener via yfinance
NWN,Northwest Natural Holding Company,NYQ,USD,49.39,2078999680.0,12435661.0,1973-02-21,55.99,2026-09-04,Yahoo Finance screener via yfinance
PRDO,Perdoceo Education Corporation,NMS,USD,33.19,2076932352.0,23475154.0,1998-01-29,38.5,2026-09-04,Yahoo Finance screener via yfinance
ALGT,Allegiant Travel Company,NMS,USD,75.86,2073842176.0,43271454.0,2006-12-08,123.63,2026-09-04,Yahoo Finance screener via yfinance
VCEL,Vericel Corporation,NGM,USD,40.47,2072331776.0,23213430.0,1997-02-04,49.32,2026-09-04,Yahoo Finance screener via yfinance
BRSL,Brightstar Lottery PLC,NYQ,USD,11.34,2072298240.0,19440684.0,1990-03-26,18.57,2026-09-04,Yahoo Finance screener via yfinance
DV,"DoubleVerify Holdings, Inc.",NYQ,USD,13.35,2069084288.0,48556073.0,2021-04-21,15.56,2026-09-04,Yahoo Finance screener via yfinance
KEEL,Keel Infrastructure Corp.,NGM,USD,3.35,2068870144.0,149197905.0,2019-08-16,7.37,2026-09-04,Yahoo Finance screener via yfinance
ECPG,"Encore Capital Group, Inc.",NMS,USD,96.93,2055823872.0,34969921.0,1999-07-09,104.98,2026-09-04,Yahoo Finance screener via yfinance
NVCR,NovoCure Limited,NMS,USD,17.64,2054104576.0,28721977.0,2015-10-01,21.451,2026-09-04,Yahoo Finance screener via yfinance
PRCH,"Porch Group, Inc.",NCM,USD,18.06,2050168192.0,32290540.0,2020-01-13,19.436,2026-09-04,Yahoo Finance screener via yfinance
SHO,"Sunstone Hotel Investors, Inc.",NYQ,USD,11.01,2047242752.0,29655908.0,2004-10-21,12.07,2026-09-04,Yahoo Finance screener via yfinance
UTZ,"Utz Brands, Inc.",NYQ,USD,14.22,2047142656.0,51268802.0,2018-11-26,14.27,2026-09-04,Yahoo Finance screener via yfinance
EZPW,"EZCORP, Inc.",NMS,USD,33.3,2046064384.0,36345452.0,1991-08-27,37.13,2026-09-04,Yahoo Finance screener via yfinance
GENI,Genius Sports Limited,NYQ,USD,7.63,2041993728.0,48072083.0,2020-10-05,13.73,2026-09-04,Yahoo Finance screener via yfinance
PGNY,"Progyny, Inc.",NMS,USD,26.61,2041700224.0,32391235.0,2019-10-25,33.065,2026-09-04,Yahoo Finance screener via yfinance
CHCO,City Holding Company,NMS,USD,144.95,2036837376.0,19169348.0,1987-06-26,148.99,2026-09-04,Yahoo Finance screener via yfinance
SPB,"Spectrum Brands Holdings, Inc.",NYQ,USD,88.41,2033040768.0,32513043.0,1979-01-02,99.06,2026-09-04,Yahoo Finance screener via yfinance
HAPN,"Happen, Inc.",NMS,USD,17.58,2028863232.0,31134110.0,2014-12-11,21.67,2026-09-04,Yahoo Finance screener via yfinance
GTY,Getty Realty Corp.,NYQ,USD,32.65,2022102784.0,17128451.0,1973-05-03,36.83,2026-09-04,Yahoo Finance screener via yfinance
PXT.TO,Parex Resources Inc.,TOR,CAD,28.91,2016309266.0,19768374.0,2012-01-24,30.2,2026-09-04,Yahoo Finance screener via yfinance
BLBD,Blue Bird Corporation,NGM,USD,63.66,2014621824.0,32393391.0,2014-03-20,83.39,2026-09-04,Yahoo Finance screener via yfinance
XPRO,Expro Ltd,NYQ,USD,17.9,2011049728.0,19921501.0,2013-08-09,19.23,2026-09-04,Yahoo Finance screener via yfinance
CNXC,Concentrix Corporation,NMS,USD,32.85,2004452736.0,55945981.0,2020-11-24,57.875,2026-09-04,Yahoo Finance screener via yfinance
PEB,Pebblebrook Hotel Trust,NYQ,USD,17.73,2000701312.0,44461734.0,2009-12-09,19.93,2026-09-04,Yahoo Finance screener via yfinance
